solver,run,best_welfare,final_welfare,feasible,fleet_util,strat_diff,log_entropy,condition,g,fixed_cost
SA,1,934.0,934.0,true,0.8333333333333334,0.0,0.0,B_g00_fc2,0.0,2.0
SA,2,922.0,922.0,true,0.5833333333333334,0.0,0.0,B_g00_fc2,0.0,2.0
SA,3,930.0,930.0,true,0.75,0.0,0.0,B_g00_fc2,0.0,2.0
SA,4,918.0,918.0,true,0.5,0.0,0.0,B_g00_fc2,0.0,2.0
SA,5,922.0,922.0,true,0.5833333333333334,0.0,0.0,B_g00_fc2,0.0,2.0
SA,6,926.0,926.0,true,0.6666666666666666,0.0,0.0,B_g00_fc2,0.0,2.0
SA,7,926.0,926.0,true,0.6666666666666666,0.0,0.0,B_g00_fc2,0.0,2.0
SA,8,922.0,922.0,true,0.5833333333333334,0.0,0.0,B_g00_fc2,0.0,2.0
SA,9,910.0,910.0,true,0.3333333333333333,0.0,0.0,B_g00_fc2,0.0,2.0
SA,10,926.0,926.0,true,0.6666666666666666,0.0,0.0,B_g00_fc2,0.0,2.0
SA,11,926.0,926.0,true,0.6666666666666666,0.0,0.0,B_g00_fc2,0.0,2.0
SA,12,934.0,934.0,true,0.8333333333333334,0.0,0.0,B_g00_fc2,0.0,2.0
SA,13,922.0,922.0,true,0.5833333333333334,0.0,0.0,B_g00_fc2,0.0,2.0
SA,14,930.0,930.0,true,0.75,0.0,0.0,B_g00_fc2,0.0,2.0
SA,15,930.0,930.0,true,0.75,0.0,0.0,B_g00_fc2,0.0,2.0
SA,16,914.0,914.0,true,0.4166666666666667,0.0,0.0,B_g00_fc2,0.0,2.0
SA,17,922.0,922.0,true,0.5833333333333334,0.0,0.0,B_g00_fc2,0.0,2.0
SA,18,918.0,918.0,true,0.5,0.0,0.0,B_g00_fc2,0.0,2.0
SA,19,922.0,922.0,true,0.5833333333333334,0.0,0.0,B_g00_fc2,0.0,2.0
SA,20,926.0,926.0,true,0.6666666666666666,0.0,0.0,B_g00_fc2,0.0,2.0
SA,21,926.0,926.0,true,0.6666666666666666,0.0,0.0,B_g00_fc2,0.0,2.0
SA,22,910.0,910.0,true,0.3333333333333333,0.0,0.0,B_g00_fc2,0.0,2.0
SA,23,922.0,922.0,true,0.5833333333333334,0.0,0.0,B_g00_fc2,0.0,2.0
SA,24,906.0,906.0,true,0.25,0.0,0.0,B_g00_fc2,0.0,2.0
SA,25,910.0,910.0,true,0.3333333333333333,0.0,0.0,B_g00_fc2,0.0,2.0
SA,26,918.0,918.0,true,0.5,0.0,0.0,B_g00_fc2,0.0,2.0
SA,27,930.0,930.0,true,0.75,0.0,0.0,B_g00_fc2,0.0,2.0
SA,28,918.0,918.0,true,0.5,0.0,0.0,B_g00_fc2,0.0,2.0
SA,29,922.0,922.0,true,0.5833333333333334,0.0,0.0,B_g00_fc2,0.0,2.0
SA,30,914.0,914.0,true,0.4166666666666667,0.0,0.0,B_g00_fc2,0.0,2.0
SA,31,930.0,930.0,true,0.75,0.0,0.0,B_g00_fc2,0.0,2.0
SA,32,926.0,926.0,true,0.6666666666666666,0.0,0.0,B_g00_fc2,0.0,2.0
SA,33,922.0,922.0,true,0.5833333333333334,0.0,0.0,B_g00_fc2,0.0,2.0
SA,34,922.0,922.0,true,0.5833333333333334,0.0,0.0,B_g00_fc2,0.0,2.0
SA,35,930.0,930.0,true,0.75,0.0,0.0,B_g00_fc2,0.0,2.0
SA,36,918.0,918.0,true,0.5,0.0,0.0,B_g00_fc2,0.0,2.0
SA,37,930.0,930.0,true,0.75,0.0,0.0,B_g00_fc2,0.0,2.0
SA,38,926.0,926.0,true,0.6666666666666666,0.0,0.0,B_g00_fc2,0.0,2.0
SA,39,922.0,922.0,true,0.5833333333333334,0.0,0.0,B_g00_fc2,0.0,2.0
SA,40,922.0,922.0,true,0.5833333333333334,0.0,0.0,B_g00_fc2,0.0,2.0
SA,41,918.0,918.0,true,0.5,0.0,0.0,B_g00_fc2,0.0,2.0
SA,42,918.0,918.0,true,0.5,0.0,0.0,B_g00_fc2,0.0,2.0
SA,43,914.0,914.0,true,0.4166666666666667,0.0,0.0,B_g00_fc2,0.0,2.0
SA,44,930.0,930.0,true,0.75,0.0,0.0,B_g00_fc2,0.0,2.0
SA,45,926.0,926.0,true,0.6666666666666666,0.0,0.0,B_g00_fc2,0.0,2.0
SA,46,926.0,926.0,true,0.6666666666666666,0.0,0.0,B_g00_fc2,0.0,2.0
SA,47,926.0,926.0,true,0.6666666666666666,0.0,0.0,B_g00_fc2,0.0,2.0
SA,48,926.0,926.0,true,0.6666666666666666,0.0,0.0,B_g00_fc2,0.0,2.0
SA,49,926.0,926.0,true,0.6666666666666666,0.0,0.0,B_g00_fc2,0.0,2.0
SA,50,922.0,922.0,true,0.5833333333333334,0.0,0.0,B_g00_fc2,0.0,2.0
SA,51,918.0,918.0,true,0.5,0.0,0.0,B_g00_fc2,0.0,2.0
SA,52,930.0,930.0,true,0.75,0.0,0.0,B_g00_fc2,0.0,2.0
SA,53,922.0,922.0,true,0.5833333333333334,0.0,0.0,B_g00_fc2,0.0,2.0
SA,54,914.0,914.0,true,0.4166666666666667,0.0,0.0,B_g00_fc2,0.0,2.0
SA,55,922.0,922.0,true,0.5833333333333334,0.0,0.0,B_g00_fc2,0.0,2.0
SA,56,930.0,930.0,true,0.75,0.0,0.0,B_g00_fc2,0.0,2.0
SA,57,926.0,926.0,true,0.6666666666666666,0.0,0.0,B_g00_fc2,0.0,2.0
SA,58,922.0,922.0,true,0.5833333333333334,0.0,0.0,B_g00_fc2,0.0,2.0
SA,59,938.0,938.0,true,0.9166666666666666,0.0,0.0,B_g00_fc2,0.0,2.0
SA,60,922.0,922.0,true,0.5833333333333334,0.0,0.0,B_g00_fc2,0.0,2.0
SA,61,922.0,922.0,true,0.5833333333333334,0.0,0.0,B_g00_fc2,0.0,2.0
SA,62,934.0,934.0,true,0.8333333333333334,0.0,0.0,B_g00_fc2,0.0,2.0
SA,63,922.0,922.0,true,0.5833333333333334,0.0,0.0,B_g00_fc2,0.0,2.0
SA,64,934.0,934.0,true,0.8333333333333334,0.0,0.0,B_g00_fc2,0.0,2.0
SA,65,914.0,914.0,true,0.4166666666666667,0.0,0.0,B_g00_fc2,0.0,2.0
SA,66,922.0,922.0,true,0.5833333333333334,0.0,0.0,B_g00_fc2,0.0,2.0
SA,67,918.0,918.0,true,0.5,0.0,0.0,B_g00_fc2,0.0,2.0
SA,68,918.0,918.0,true,0.5,0.0,0.0,B_g00_fc2,0.0,2.0
SA,69,922.0,922.0,true,0.5833333333333334,0.0,0.0,B_g00_fc2,0.0,2.0
SA,70,918.0,918.0,true,0.5,0.0,0.0,B_g00_fc2,0.0,2.0
SA,71,922.0,922.0,true,0.5833333333333334,0.0,0.0,B_g00_fc2,0.0,2.0
SA,72,918.0,918.0,true,0.5,0.0,0.0,B_g00_fc2,0.0,2.0
SA,73,930.0,930.0,true,0.75,0.0,0.0,B_g00_fc2,0.0,2.0
SA,74,922.0,922.0,true,0.5833333333333334,0.0,0.0,B_g00_fc2,0.0,2.0
SA,75,914.0,914.0,true,0.4166666666666667,0.0,0.0,B_g00_fc2,0.0,2.0
SA,76,918.0,918.0,true,0.5,0.0,0.0,B_g00_fc2,0.0,2.0
SA,77,918.0,918.0,true,0.5,0.0,0.0,B_g00_fc2,0.0,2.0
SA,78,930.0,930.0,true,0.75,0.0,0.0,B_g00_fc2,0.0,2.0
SA,79,922.0,922.0,true,0.5833333333333334,0.0,0.0,B_g00_fc2,0.0,2.0
SA,80,910.0,910.0,true,0.3333333333333333,0.0,0.0,B_g00_fc2,0.0,2.0
SA,81,922.0,922.0,true,0.5833333333333334,0.0,0.0,B_g00_fc2,0.0,2.0
SA,82,922.0,922.0,true,0.5833333333333334,0.0,0.0,B_g00_fc2,0.0,2.0
SA,83,934.0,934.0,true,0.8333333333333334,0.0,0.0,B_g00_fc2,0.0,2.0
SA,84,918.0,918.0,true,0.5,0.0,0.0,B_g00_fc2,0.0,2.0
SA,85,922.0,922.0,true,0.5833333333333334,0.0,0.0,B_g00_fc2,0.0,2.0
SA,86,918.0,918.0,true,0.5,0.0,0.0,B_g00_fc2,0.0,2.0
SA,87,922.0,922.0,true,0.5833333333333334,0.0,0.0,B_g00_fc2,0.0,2.0
SA,88,930.0,930.0,true,0.75,0.0,0.0,B_g00_fc2,0.0,2.0
SA,89,922.0,922.0,true,0.5833333333333334,0.0,0.0,B_g00_fc2,0.0,2.0
SA,90,918.0,918.0,true,0.5,0.0,0.0,B_g00_fc2,0.0,2.0
SA,91,926.0,926.0,true,0.6666666666666666,0.0,0.0,B_g00_fc2,0.0,2.0
SA,92,918.0,918.0,true,0.5,0.0,0.0,B_g00_fc2,0.0,2.0
SA,93,922.0,922.0,true,0.5833333333333334,0.0,0.0,B_g00_fc2,0.0,2.0
SA,94,922.0,922.0,true,0.5833333333333334,0.0,0.0,B_g00_fc2,0.0,2.0
SA,95,918.0,918.0,true,0.5,0.0,0.0,B_g00_fc2,0.0,2.0
SA,96,926.0,926.0,true,0.6666666666666666,0.0,0.0,B_g00_fc2,0.0,2.0
SA,97,926.0,926.0,true,0.6666666666666666,0.0,0.0,B_g00_fc2,0.0,2.0
SA,98,930.0,930.0,true,0.75,0.0,0.0,B_g00_fc2,0.0,2.0
SA,99,930.0,930.0,true,0.75,0.0,0.0,B_g00_fc2,0.0,2.0
SA,100,922.0,922.0,true,0.5833333333333334,0.0,0.0,B_g00_fc2,0.0,2.0
SA,101,914.0,914.0,true,0.4166666666666667,0.0,0.0,B_g00_fc2,0.0,2.0
SA,102,922.0,922.0,true,0.5833333333333334,0.0,0.0,B_g00_fc2,0.0,2.0
SA,103,918.0,918.0,true,0.5,0.0,0.0,B_g00_fc2,0.0,2.0
SA,104,918.0,918.0,true,0.5,0.0,0.0,B_g00_fc2,0.0,2.0
SA,105,934.0,934.0,true,0.8333333333333334,0.0,0.0,B_g00_fc2,0.0,2.0
SA,106,922.0,922.0,true,0.5833333333333334,0.0,0.0,B_g00_fc2,0.0,2.0
SA,107,914.0,914.0,true,0.4166666666666667,0.0,0.0,B_g00_fc2,0.0,2.0
SA,108,918.0,918.0,true,0.5,0.0,0.0,B_g00_fc2,0.0,2.0
SA,109,926.0,926.0,true,0.6666666666666666,0.0,0.0,B_g00_fc2,0.0,2.0
SA,110,926.0,926.0,true,0.6666666666666666,0.0,0.0,B_g00_fc2,0.0,2.0
SA,111,930.0,930.0,true,0.75,0.0,0.0,B_g00_fc2,0.0,2.0
SA,112,914.0,914.0,true,0.4166666666666667,0.0,0.0,B_g00_fc2,0.0,2.0
SA,113,922.0,922.0,true,0.5833333333333334,0.0,0.0,B_g00_fc2,0.0,2.0
SA,114,918.0,918.0,true,0.5,0.0,0.0,B_g00_fc2,0.0,2.0
SA,115,922.0,922.0,true,0.5833333333333334,0.0,0.0,B_g00_fc2,0.0,2.0
SA,116,922.0,922.0,true,0.5833333333333334,0.0,0.0,B_g00_fc2,0.0,2.0
SA,117,934.0,934.0,true,0.8333333333333334,0.0,0.0,B_g00_fc2,0.0,2.0
SA,118,926.0,926.0,true,0.6666666666666666,0.0,0.0,B_g00_fc2,0.0,2.0
SA,119,926.0,926.0,true,0.6666666666666666,0.0,0.0,B_g00_fc2,0.0,2.0
SA,120,926.0,926.0,true,0.6666666666666666,0.0,0.0,B_g00_fc2,0.0,2.0
SA,121,918.0,918.0,true,0.5,0.0,0.0,B_g00_fc2,0.0,2.0
SA,122,922.0,922.0,true,0.5833333333333334,0.0,0.0,B_g00_fc2,0.0,2.0
SA,123,914.0,914.0,true,0.4166666666666667,0.0,0.0,B_g00_fc2,0.0,2.0
SA,124,922.0,922.0,true,0.5833333333333334,0.0,0.0,B_g00_fc2,0.0,2.0
SA,125,926.0,926.0,true,0.6666666666666666,0.0,0.0,B_g00_fc2,0.0,2.0
SA,126,922.0,922.0,true,0.5833333333333334,0.0,0.0,B_g00_fc2,0.0,2.0
SA,127,926.0,926.0,true,0.6666666666666666,0.0,0.0,B_g00_fc2,0.0,2.0
SA,128,926.0,926.0,true,0.6666666666666666,0.0,0.0,B_g00_fc2,0.0,2.0
SA,129,914.0,914.0,true,0.4166666666666667,0.0,0.0,B_g00_fc2,0.0,2.0
SA,130,926.0,926.0,true,0.6666666666666666,0.0,0.0,B_g00_fc2,0.0,2.0
SA,131,922.0,922.0,true,0.5833333333333334,0.0,0.0,B_g00_fc2,0.0,2.0
SA,132,922.0,922.0,true,0.5833333333333334,0.0,0.0,B_g00_fc2,0.0,2.0
SA,133,930.0,930.0,true,0.75,0.0,0.0,B_g00_fc2,0.0,2.0
SA,134,930.0,930.0,true,0.75,0.0,0.0,B_g00_fc2,0.0,2.0
SA,135,918.0,918.0,true,0.5,0.0,0.0,B_g00_fc2,0.0,2.0
SA,136,930.0,930.0,true,0.75,0.0,0.0,B_g00_fc2,0.0,2.0
SA,137,918.0,918.0,true,0.5,0.0,0.0,B_g00_fc2,0.0,2.0
SA,138,922.0,922.0,true,0.5833333333333334,0.0,0.0,B_g00_fc2,0.0,2.0
SA,139,922.0,922.0,true,0.5833333333333334,0.0,0.0,B_g00_fc2,0.0,2.0
SA,140,914.0,914.0,true,0.4166666666666667,0.0,0.0,B_g00_fc2,0.0,2.0
SA,141,922.0,922.0,true,0.5833333333333334,0.0,0.0,B_g00_fc2,0.0,2.0
SA,142,918.0,918.0,true,0.5,0.0,0.0,B_g00_fc2,0.0,2.0
SA,143,922.0,922.0,true,0.5833333333333334,0.0,0.0,B_g00_fc2,0.0,2.0
SA,144,930.0,930.0,true,0.75,0.0,0.0,B_g00_fc2,0.0,2.0
SA,145,910.0,910.0,true,0.3333333333333333,0.0,0.0,B_g00_fc2,0.0,2.0
SA,146,930.0,930.0,true,0.75,0.0,0.0,B_g00_fc2,0.0,2.0
SA,147,938.0,938.0,true,0.9166666666666666,0.0,0.0,B_g00_fc2,0.0,2.0
SA,148,922.0,922.0,true,0.5833333333333334,0.0,0.0,B_g00_fc2,0.0,2.0
SA,149,922.0,922.0,true,0.5833333333333334,0.0,0.0,B_g00_fc2,0.0,2.0
SA,150,926.0,926.0,true,0.6666666666666666,0.0,0.0,B_g00_fc2,0.0,2.0
SA,151,926.0,926.0,true,0.6666666666666666,0.0,0.0,B_g00_fc2,0.0,2.0
SA,152,926.0,926.0,true,0.6666666666666666,0.0,0.0,B_g00_fc2,0.0,2.0
SA,153,918.0,918.0,true,0.5,0.0,0.0,B_g00_fc2,0.0,2.0
SA,154,922.0,922.0,true,0.5833333333333334,0.0,0.0,B_g00_fc2,0.0,2.0
SA,155,906.0,906.0,true,0.25,0.0,0.0,B_g00_fc2,0.0,2.0
SA,156,922.0,922.0,true,0.5833333333333334,0.0,0.0,B_g00_fc2,0.0,2.0
SA,157,926.0,926.0,true,0.6666666666666666,0.0,0.0,B_g00_fc2,0.0,2.0
SA,158,918.0,918.0,true,0.5,0.0,0.0,B_g00_fc2,0.0,2.0
SA,159,914.0,914.0,true,0.4166666666666667,0.0,0.0,B_g00_fc2,0.0,2.0
SA,160,930.0,930.0,true,0.75,0.0,0.0,B_g00_fc2,0.0,2.0
SA,161,926.0,926.0,true,0.6666666666666666,0.0,0.0,B_g00_fc2,0.0,2.0
SA,162,926.0,926.0,true,0.6666666666666666,0.0,0.0,B_g00_fc2,0.0,2.0
SA,163,926.0,926.0,true,0.6666666666666666,0.0,0.0,B_g00_fc2,0.0,2.0
SA,164,934.0,934.0,true,0.8333333333333334,0.0,0.0,B_g00_fc2,0.0,2.0
SA,165,918.0,918.0,true,0.5,0.0,0.0,B_g00_fc2,0.0,2.0
SA,166,934.0,934.0,true,0.8333333333333334,0.0,0.0,B_g00_fc2,0.0,2.0
SA,167,918.0,918.0,true,0.5,0.0,0.0,B_g00_fc2,0.0,2.0
SA,168,918.0,918.0,true,0.5,0.0,0.0,B_g00_fc2,0.0,2.0
SA,169,930.0,930.0,true,0.75,0.0,0.0,B_g00_fc2,0.0,2.0
SA,170,922.0,922.0,true,0.5833333333333334,0.0,0.0,B_g00_fc2,0.0,2.0
SA,171,918.0,918.0,true,0.5,0.0,0.0,B_g00_fc2,0.0,2.0
SA,172,934.0,934.0,true,0.8333333333333334,0.0,0.0,B_g00_fc2,0.0,2.0
SA,173,922.0,922.0,true,0.5833333333333334,0.0,0.0,B_g00_fc2,0.0,2.0
SA,174,930.0,930.0,true,0.75,0.0,0.0,B_g00_fc2,0.0,2.0
SA,175,922.0,922.0,true,0.5833333333333334,0.0,0.0,B_g00_fc2,0.0,2.0
SA,176,910.0,910.0,true,0.3333333333333333,0.0,0.0,B_g00_fc2,0.0,2.0
SA,177,922.0,922.0,true,0.5833333333333334,0.0,0.0,B_g00_fc2,0.0,2.0
SA,178,918.0,918.0,true,0.5,0.0,0.0,B_g00_fc2,0.0,2.0
SA,179,922.0,922.0,true,0.5833333333333334,0.0,0.0,B_g00_fc2,0.0,2.0
SA,180,914.0,914.0,true,0.4166666666666667,0.0,0.0,B_g00_fc2,0.0,2.0
SA,181,926.0,926.0,true,0.6666666666666666,0.0,0.0,B_g00_fc2,0.0,2.0
SA,182,914.0,914.0,true,0.4166666666666667,0.0,0.0,B_g00_fc2,0.0,2.0
SA,183,914.0,914.0,true,0.4166666666666667,0.0,0.0,B_g00_fc2,0.0,2.0
SA,184,922.0,922.0,true,0.5833333333333334,0.0,0.0,B_g00_fc2,0.0,2.0
SA,185,914.0,914.0,true,0.4166666666666667,0.0,0.0,B_g00_fc2,0.0,2.0
SA,186,926.0,926.0,true,0.6666666666666666,0.0,0.0,B_g00_fc2,0.0,2.0
SA,187,926.0,926.0,true,0.6666666666666666,0.0,0.0,B_g00_fc2,0.0,2.0
SA,188,922.0,922.0,true,0.5833333333333334,0.0,0.0,B_g00_fc2,0.0,2.0
SA,189,918.0,918.0,true,0.5,0.0,0.0,B_g00_fc2,0.0,2.0
SA,190,934.0,934.0,true,0.8333333333333334,0.0,0.0,B_g00_fc2,0.0,2.0
SA,191,926.0,926.0,true,0.6666666666666666,0.0,0.0,B_g00_fc2,0.0,2.0
SA,192,914.0,914.0,true,0.4166666666666667,0.0,0.0,B_g00_fc2,0.0,2.0
SA,193,922.0,922.0,true,0.5833333333333334,0.0,0.0,B_g00_fc2,0.0,2.0
SA,194,930.0,930.0,true,0.75,0.0,0.0,B_g00_fc2,0.0,2.0
SA,195,918.0,918.0,true,0.5,0.0,0.0,B_g00_fc2,0.0,2.0
SA,196,926.0,926.0,true,0.6666666666666666,0.0,0.0,B_g00_fc2,0.0,2.0
SA,197,934.0,934.0,true,0.8333333333333334,0.0,0.0,B_g00_fc2,0.0,2.0
SA,198,926.0,926.0,true,0.6666666666666666,0.0,0.0,B_g00_fc2,0.0,2.0
SA,199,918.0,918.0,true,0.5,0.0,0.0,B_g00_fc2,0.0,2.0
SA,200,926.0,926.0,true,0.6666666666666666,0.0,0.0,B_g00_fc2,0.0,2.0
SA,201,922.0,922.0,true,0.5833333333333334,0.0,0.0,B_g00_fc2,0.0,2.0
SA,202,922.0,922.0,true,0.5833333333333334,0.0,0.0,B_g00_fc2,0.0,2.0
SA,203,918.0,918.0,true,0.5,0.0,0.0,B_g00_fc2,0.0,2.0
SA,204,926.0,926.0,true,0.6666666666666666,0.0,0.0,B_g00_fc2,0.0,2.0
SA,205,938.0,938.0,true,0.9166666666666666,0.0,0.0,B_g00_fc2,0.0,2.0
SA,206,922.0,922.0,true,0.5833333333333334,0.0,0.0,B_g00_fc2,0.0,2.0
SA,207,934.0,934.0,true,0.8333333333333334,0.0,0.0,B_g00_fc2,0.0,2.0
SA,208,930.0,930.0,true,0.75,0.0,0.0,B_g00_fc2,0.0,2.0
SA,209,926.0,926.0,true,0.6666666666666666,0.0,0.0,B_g00_fc2,0.0,2.0
SA,210,922.0,922.0,true,0.5833333333333334,0.0,0.0,B_g00_fc2,0.0,2.0
SA,211,918.0,918.0,true,0.5,0.0,0.0,B_g00_fc2,0.0,2.0
SA,212,918.0,918.0,true,0.5,0.0,0.0,B_g00_fc2,0.0,2.0
SA,213,918.0,918.0,true,0.5,0.0,0.0,B_g00_fc2,0.0,2.0
SA,214,926.0,926.0,true,0.6666666666666666,0.0,0.0,B_g00_fc2,0.0,2.0
SA,215,926.0,926.0,true,0.6666666666666666,0.0,0.0,B_g00_fc2,0.0,2.0
SA,216,930.0,930.0,true,0.75,0.0,0.0,B_g00_fc2,0.0,2.0
SA,217,926.0,926.0,true,0.6666666666666666,0.0,0.0,B_g00_fc2,0.0,2.0
SA,218,934.0,934.0,true,0.8333333333333334,0.0,0.0,B_g00_fc2,0.0,2.0
SA,219,930.0,930.0,true,0.75,0.0,0.0,B_g00_fc2,0.0,2.0
SA,220,926.0,926.0,true,0.6666666666666666,0.0,0.0,B_g00_fc2,0.0,2.0
SA,221,922.0,922.0,true,0.5833333333333334,0.0,0.0,B_g00_fc2,0.0,2.0
SA,222,930.0,930.0,true,0.75,0.0,0.0,B_g00_fc2,0.0,2.0
SA,223,918.0,918.0,true,0.5,0.0,0.0,B_g00_fc2,0.0,2.0
SA,224,922.0,922.0,true,0.5833333333333334,0.0,0.0,B_g00_fc2,0.0,2.0
SA,225,934.0,934.0,true,0.8333333333333334,0.0,0.0,B_g00_fc2,0.0,2.0
SA,226,934.0,934.0,true,0.8333333333333334,0.0,0.0,B_g00_fc2,0.0,2.0
SA,227,922.0,922.0,true,0.5833333333333334,0.0,0.0,B_g00_fc2,0.0,2.0
SA,228,914.0,914.0,true,0.4166666666666667,0.0,0.0,B_g00_fc2,0.0,2.0
SA,229,918.0,918.0,true,0.5,0.0,0.0,B_g00_fc2,0.0,2.0
SA,230,918.0,918.0,true,0.5,0.0,0.0,B_g00_fc2,0.0,2.0
SA,231,930.0,930.0,true,0.75,0.0,0.0,B_g00_fc2,0.0,2.0
SA,232,926.0,926.0,true,0.6666666666666666,0.0,0.0,B_g00_fc2,0.0,2.0
SA,233,930.0,930.0,true,0.75,0.0,0.0,B_g00_fc2,0.0,2.0
SA,234,918.0,918.0,true,0.5,0.0,0.0,B_g00_fc2,0.0,2.0
SA,235,926.0,926.0,true,0.6666666666666666,0.0,0.0,B_g00_fc2,0.0,2.0
SA,236,922.0,922.0,true,0.5833333333333334,0.0,0.0,B_g00_fc2,0.0,2.0
SA,237,926.0,926.0,true,0.6666666666666666,0.0,0.0,B_g00_fc2,0.0,2.0
SA,238,918.0,918.0,true,0.5,0.0,0.0,B_g00_fc2,0.0,2.0
SA,239,930.0,930.0,true,0.75,0.0,0.0,B_g00_fc2,0.0,2.0
SA,240,914.0,914.0,true,0.4166666666666667,0.0,0.0,B_g00_fc2,0.0,2.0
SA,241,930.0,930.0,true,0.75,0.0,0.0,B_g00_fc2,0.0,2.0
SA,242,926.0,926.0,true,0.6666666666666666,0.0,0.0,B_g00_fc2,0.0,2.0
SA,243,938.0,938.0,true,0.9166666666666666,0.0,0.0,B_g00_fc2,0.0,2.0
SA,244,926.0,926.0,true,0.6666666666666666,0.0,0.0,B_g00_fc2,0.0,2.0
SA,245,926.0,926.0,true,0.6666666666666666,0.0,0.0,B_g00_fc2,0.0,2.0
SA,246,918.0,918.0,true,0.5,0.0,0.0,B_g00_fc2,0.0,2.0
SA,247,926.0,926.0,true,0.6666666666666666,0.0,0.0,B_g00_fc2,0.0,2.0
SA,248,914.0,914.0,true,0.4166666666666667,0.0,0.0,B_g00_fc2,0.0,2.0
SA,249,926.0,926.0,true,0.6666666666666666,0.0,0.0,B_g00_fc2,0.0,2.0
SA,250,930.0,930.0,true,0.75,0.0,0.0,B_g00_fc2,0.0,2.0
SA,251,930.0,930.0,true,0.75,0.0,0.0,B_g00_fc2,0.0,2.0
SA,252,930.0,930.0,true,0.75,0.0,0.0,B_g00_fc2,0.0,2.0
SA,253,926.0,926.0,true,0.6666666666666666,0.0,0.0,B_g00_fc2,0.0,2.0
SA,254,914.0,914.0,true,0.4166666666666667,0.0,0.0,B_g00_fc2,0.0,2.0
SA,255,922.0,922.0,true,0.5833333333333334,0.0,0.0,B_g00_fc2,0.0,2.0
SA,256,922.0,922.0,true,0.5833333333333334,0.0,0.0,B_g00_fc2,0.0,2.0
SA,257,918.0,918.0,true,0.5,0.0,0.0,B_g00_fc2,0.0,2.0
SA,258,918.0,918.0,true,0.5,0.0,0.0,B_g00_fc2,0.0,2.0
SA,259,914.0,914.0,true,0.4166666666666667,0.0,0.0,B_g00_fc2,0.0,2.0
SA,260,930.0,930.0,true,0.75,0.0,0.0,B_g00_fc2,0.0,2.0
SA,261,918.0,918.0,true,0.5,0.0,0.0,B_g00_fc2,0.0,2.0
SA,262,926.0,926.0,true,0.6666666666666666,0.0,0.0,B_g00_fc2,0.0,2.0
SA,263,918.0,918.0,true,0.5,0.0,0.0,B_g00_fc2,0.0,2.0
SA,264,926.0,926.0,true,0.6666666666666666,0.0,0.0,B_g00_fc2,0.0,2.0
SA,265,922.0,922.0,true,0.5833333333333334,0.0,0.0,B_g00_fc2,0.0,2.0
SA,266,926.0,926.0,true,0.6666666666666666,0.0,0.0,B_g00_fc2,0.0,2.0
SA,267,922.0,922.0,true,0.5833333333333334,0.0,0.0,B_g00_fc2,0.0,2.0
SA,268,930.0,930.0,true,0.75,0.0,0.0,B_g00_fc2,0.0,2.0
SA,269,934.0,934.0,true,0.8333333333333334,0.0,0.0,B_g00_fc2,0.0,2.0
SA,270,930.0,930.0,true,0.75,0.0,0.0,B_g00_fc2,0.0,2.0
SA,271,918.0,918.0,true,0.5,0.0,0.0,B_g00_fc2,0.0,2.0
SA,272,926.0,926.0,true,0.6666666666666666,0.0,0.0,B_g00_fc2,0.0,2.0
SA,273,918.0,918.0,true,0.5,0.0,0.0,B_g00_fc2,0.0,2.0
SA,274,934.0,934.0,true,0.8333333333333334,0.0,0.0,B_g00_fc2,0.0,2.0
SA,275,922.0,922.0,true,0.5833333333333334,0.0,0.0,B_g00_fc2,0.0,2.0
SA,276,926.0,926.0,true,0.6666666666666666,0.0,0.0,B_g00_fc2,0.0,2.0
SA,277,918.0,918.0,true,0.5,0.0,0.0,B_g00_fc2,0.0,2.0
SA,278,922.0,922.0,true,0.5833333333333334,0.0,0.0,B_g00_fc2,0.0,2.0
SA,279,910.0,910.0,true,0.3333333333333333,0.0,0.0,B_g00_fc2,0.0,2.0
SA,280,922.0,922.0,true,0.5833333333333334,0.0,0.0,B_g00_fc2,0.0,2.0
SA,281,918.0,918.0,true,0.5,0.0,0.0,B_g00_fc2,0.0,2.0
SA,282,922.0,922.0,true,0.5833333333333334,0.0,0.0,B_g00_fc2,0.0,2.0
SA,283,926.0,926.0,true,0.6666666666666666,0.0,0.0,B_g00_fc2,0.0,2.0
SA,284,926.0,926.0,true,0.6666666666666666,0.0,0.0,B_g00_fc2,0.0,2.0
SA,285,922.0,922.0,true,0.5833333333333334,0.0,0.0,B_g00_fc2,0.0,2.0
SA,286,922.0,922.0,true,0.5833333333333334,0.0,0.0,B_g00_fc2,0.0,2.0
SA,287,922.0,922.0,true,0.5833333333333334,0.0,0.0,B_g00_fc2,0.0,2.0
SA,288,926.0,926.0,true,0.6666666666666666,0.0,0.0,B_g00_fc2,0.0,2.0
SA,289,930.0,930.0,true,0.75,0.0,0.0,B_g00_fc2,0.0,2.0
SA,290,926.0,926.0,true,0.6666666666666666,0.0,0.0,B_g00_fc2,0.0,2.0
SA,291,918.0,918.0,true,0.5,0.0,0.0,B_g00_fc2,0.0,2.0
SA,292,910.0,910.0,true,0.3333333333333333,0.0,0.0,B_g00_fc2,0.0,2.0
SA,293,922.0,922.0,true,0.5833333333333334,0.0,0.0,B_g00_fc2,0.0,2.0
SA,294,922.0,922.0,true,0.5833333333333334,0.0,0.0,B_g00_fc2,0.0,2.0
SA,295,930.0,930.0,true,0.75,0.0,0.0,B_g00_fc2,0.0,2.0
SA,296,922.0,922.0,true,0.5833333333333334,0.0,0.0,B_g00_fc2,0.0,2.0
SA,297,926.0,926.0,true,0.6666666666666666,0.0,0.0,B_g00_fc2,0.0,2.0
SA,298,930.0,930.0,true,0.75,0.0,0.0,B_g00_fc2,0.0,2.0
SA,299,926.0,926.0,true,0.6666666666666666,0.0,0.0,B_g00_fc2,0.0,2.0
SA,300,914.0,914.0,true,0.4166666666666667,0.0,0.0,B_g00_fc2,0.0,2.0
SA,301,926.0,926.0,true,0.6666666666666666,0.0,0.0,B_g00_fc2,0.0,2.0
SA,302,934.0,934.0,true,0.8333333333333334,0.0,0.0,B_g00_fc2,0.0,2.0
SA,303,918.0,918.0,true,0.5,0.0,0.0,B_g00_fc2,0.0,2.0
SA,304,918.0,918.0,true,0.5,0.0,0.0,B_g00_fc2,0.0,2.0
SA,305,926.0,926.0,true,0.6666666666666666,0.0,0.0,B_g00_fc2,0.0,2.0
SA,306,934.0,934.0,true,0.8333333333333334,0.0,0.0,B_g00_fc2,0.0,2.0
SA,307,922.0,922.0,true,0.5833333333333334,0.0,0.0,B_g00_fc2,0.0,2.0
SA,308,926.0,926.0,true,0.6666666666666666,0.0,0.0,B_g00_fc2,0.0,2.0
SA,309,914.0,914.0,true,0.4166666666666667,0.0,0.0,B_g00_fc2,0.0,2.0
SA,310,930.0,930.0,true,0.75,0.0,0.0,B_g00_fc2,0.0,2.0
SA,311,910.0,910.0,true,0.3333333333333333,0.0,0.0,B_g00_fc2,0.0,2.0
SA,312,918.0,918.0,true,0.5,0.0,0.0,B_g00_fc2,0.0,2.0
SA,313,922.0,922.0,true,0.5833333333333334,0.0,0.0,B_g00_fc2,0.0,2.0
SA,314,926.0,926.0,true,0.6666666666666666,0.0,0.0,B_g00_fc2,0.0,2.0
SA,315,922.0,922.0,true,0.5833333333333334,0.0,0.0,B_g00_fc2,0.0,2.0
SA,316,934.0,934.0,true,0.8333333333333334,0.0,0.0,B_g00_fc2,0.0,2.0
SA,317,922.0,922.0,true,0.5833333333333334,0.0,0.0,B_g00_fc2,0.0,2.0
SA,318,922.0,922.0,true,0.5833333333333334,0.0,0.0,B_g00_fc2,0.0,2.0
SA,319,926.0,926.0,true,0.6666666666666666,0.0,0.0,B_g00_fc2,0.0,2.0
SA,320,922.0,922.0,true,0.5833333333333334,0.0,0.0,B_g00_fc2,0.0,2.0
SA,321,922.0,922.0,true,0.5833333333333334,0.0,0.0,B_g00_fc2,0.0,2.0
SA,322,910.0,910.0,true,0.3333333333333333,0.0,0.0,B_g00_fc2,0.0,2.0
SA,323,922.0,922.0,true,0.5833333333333334,0.0,0.0,B_g00_fc2,0.0,2.0
SA,324,926.0,926.0,true,0.6666666666666666,0.0,0.0,B_g00_fc2,0.0,2.0
SA,325,930.0,930.0,true,0.75,0.0,0.0,B_g00_fc2,0.0,2.0
SA,326,930.0,930.0,true,0.75,0.0,0.0,B_g00_fc2,0.0,2.0
SA,327,914.0,914.0,true,0.4166666666666667,0.0,0.0,B_g00_fc2,0.0,2.0
SA,328,914.0,914.0,true,0.4166666666666667,0.0,0.0,B_g00_fc2,0.0,2.0
SA,329,922.0,922.0,true,0.5833333333333334,0.0,0.0,B_g00_fc2,0.0,2.0
SA,330,910.0,910.0,true,0.3333333333333333,0.0,0.0,B_g00_fc2,0.0,2.0
SA,331,918.0,918.0,true,0.5,0.0,0.0,B_g00_fc2,0.0,2.0
SA,332,922.0,922.0,true,0.5833333333333334,0.0,0.0,B_g00_fc2,0.0,2.0
SA,333,914.0,914.0,true,0.4166666666666667,0.0,0.0,B_g00_fc2,0.0,2.0
SA,334,926.0,926.0,true,0.6666666666666666,0.0,0.0,B_g00_fc2,0.0,2.0
SA,335,922.0,922.0,true,0.5833333333333334,0.0,0.0,B_g00_fc2,0.0,2.0
SA,336,918.0,918.0,true,0.5,0.0,0.0,B_g00_fc2,0.0,2.0
SA,337,926.0,926.0,true,0.6666666666666666,0.0,0.0,B_g00_fc2,0.0,2.0
SA,338,934.0,934.0,true,0.8333333333333334,0.0,0.0,B_g00_fc2,0.0,2.0
SA,339,918.0,918.0,true,0.5,0.0,0.0,B_g00_fc2,0.0,2.0
SA,340,922.0,922.0,true,0.5833333333333334,0.0,0.0,B_g00_fc2,0.0,2.0
SA,341,910.0,910.0,true,0.3333333333333333,0.0,0.0,B_g00_fc2,0.0,2.0
SA,342,926.0,926.0,true,0.6666666666666666,0.0,0.0,B_g00_fc2,0.0,2.0
SA,343,910.0,910.0,true,0.3333333333333333,0.0,0.0,B_g00_fc2,0.0,2.0
SA,344,930.0,930.0,true,0.75,0.0,0.0,B_g00_fc2,0.0,2.0
SA,345,918.0,918.0,true,0.5,0.0,0.0,B_g00_fc2,0.0,2.0
SA,346,914.0,914.0,true,0.4166666666666667,0.0,0.0,B_g00_fc2,0.0,2.0
SA,347,930.0,930.0,true,0.75,0.0,0.0,B_g00_fc2,0.0,2.0
SA,348,914.0,914.0,true,0.4166666666666667,0.0,0.0,B_g00_fc2,0.0,2.0
SA,349,918.0,918.0,true,0.5,0.0,0.0,B_g00_fc2,0.0,2.0
SA,350,922.0,922.0,true,0.5833333333333334,0.0,0.0,B_g00_fc2,0.0,2.0
SA,351,922.0,922.0,true,0.5833333333333334,0.0,0.0,B_g00_fc2,0.0,2.0
SA,352,926.0,926.0,true,0.6666666666666666,0.0,0.0,B_g00_fc2,0.0,2.0
SA,353,922.0,922.0,true,0.5833333333333334,0.0,0.0,B_g00_fc2,0.0,2.0
SA,354,922.0,922.0,true,0.5833333333333334,0.0,0.0,B_g00_fc2,0.0,2.0
SA,355,922.0,922.0,true,0.5833333333333334,0.0,0.0,B_g00_fc2,0.0,2.0
SA,356,918.0,918.0,true,0.5,0.0,0.0,B_g00_fc2,0.0,2.0
SA,357,922.0,922.0,true,0.5833333333333334,0.0,0.0,B_g00_fc2,0.0,2.0
SA,358,914.0,914.0,true,0.4166666666666667,0.0,0.0,B_g00_fc2,0.0,2.0
SA,359,922.0,922.0,true,0.5833333333333334,0.0,0.0,B_g00_fc2,0.0,2.0
SA,360,918.0,918.0,true,0.5,0.0,0.0,B_g00_fc2,0.0,2.0
SA,361,930.0,930.0,true,0.75,0.0,0.0,B_g00_fc2,0.0,2.0
SA,362,918.0,918.0,true,0.5,0.0,0.0,B_g00_fc2,0.0,2.0
SA,363,930.0,930.0,true,0.75,0.0,0.0,B_g00_fc2,0.0,2.0
SA,364,918.0,918.0,true,0.5,0.0,0.0,B_g00_fc2,0.0,2.0
SA,365,914.0,914.0,true,0.4166666666666667,0.0,0.0,B_g00_fc2,0.0,2.0
SA,366,918.0,918.0,true,0.5,0.0,0.0,B_g00_fc2,0.0,2.0
SA,367,922.0,922.0,true,0.5833333333333334,0.0,0.0,B_g00_fc2,0.0,2.0
SA,368,926.0,926.0,true,0.6666666666666666,0.0,0.0,B_g00_fc2,0.0,2.0
SA,369,922.0,922.0,true,0.5833333333333334,0.0,0.0,B_g00_fc2,0.0,2.0
SA,370,926.0,926.0,true,0.6666666666666666,0.0,0.0,B_g00_fc2,0.0,2.0
SA,371,934.0,934.0,true,0.8333333333333334,0.0,0.0,B_g00_fc2,0.0,2.0
SA,372,926.0,926.0,true,0.6666666666666666,0.0,0.0,B_g00_fc2,0.0,2.0
SA,373,922.0,922.0,true,0.5833333333333334,0.0,0.0,B_g00_fc2,0.0,2.0
SA,374,938.0,938.0,true,0.9166666666666666,0.0,0.0,B_g00_fc2,0.0,2.0
SA,375,926.0,926.0,true,0.6666666666666666,0.0,0.0,B_g00_fc2,0.0,2.0
SA,376,922.0,922.0,true,0.5833333333333334,0.0,0.0,B_g00_fc2,0.0,2.0
SA,377,938.0,938.0,true,0.9166666666666666,0.0,0.0,B_g00_fc2,0.0,2.0
SA,378,926.0,926.0,true,0.6666666666666666,0.0,0.0,B_g00_fc2,0.0,2.0
SA,379,910.0,910.0,true,0.3333333333333333,0.0,0.0,B_g00_fc2,0.0,2.0
SA,380,922.0,922.0,true,0.5833333333333334,0.0,0.0,B_g00_fc2,0.0,2.0
SA,381,922.0,922.0,true,0.5833333333333334,0.0,0.0,B_g00_fc2,0.0,2.0
SA,382,918.0,918.0,true,0.5,0.0,0.0,B_g00_fc2,0.0,2.0
SA,383,930.0,930.0,true,0.75,0.0,0.0,B_g00_fc2,0.0,2.0
SA,384,926.0,926.0,true,0.6666666666666666,0.0,0.0,B_g00_fc2,0.0,2.0
SA,385,926.0,926.0,true,0.6666666666666666,0.0,0.0,B_g00_fc2,0.0,2.0
SA,386,910.0,910.0,true,0.3333333333333333,0.0,0.0,B_g00_fc2,0.0,2.0
SA,387,922.0,922.0,true,0.5833333333333334,0.0,0.0,B_g00_fc2,0.0,2.0
SA,388,922.0,922.0,true,0.5833333333333334,0.0,0.0,B_g00_fc2,0.0,2.0
SA,389,918.0,918.0,true,0.5,0.0,0.0,B_g00_fc2,0.0,2.0
SA,390,922.0,922.0,true,0.5833333333333334,0.0,0.0,B_g00_fc2,0.0,2.0
SA,391,918.0,918.0,true,0.5,0.0,0.0,B_g00_fc2,0.0,2.0
SA,392,914.0,914.0,true,0.4166666666666667,0.0,0.0,B_g00_fc2,0.0,2.0
SA,393,934.0,934.0,true,0.8333333333333334,0.0,0.0,B_g00_fc2,0.0,2.0
SA,394,918.0,918.0,true,0.5,0.0,0.0,B_g00_fc2,0.0,2.0
SA,395,922.0,922.0,true,0.5833333333333334,0.0,0.0,B_g00_fc2,0.0,2.0
SA,396,926.0,926.0,true,0.6666666666666666,0.0,0.0,B_g00_fc2,0.0,2.0
SA,397,930.0,930.0,true,0.75,0.0,0.0,B_g00_fc2,0.0,2.0
SA,398,926.0,926.0,true,0.6666666666666666,0.0,0.0,B_g00_fc2,0.0,2.0
SA,399,934.0,934.0,true,0.8333333333333334,0.0,0.0,B_g00_fc2,0.0,2.0
SA,400,922.0,922.0,true,0.5833333333333334,0.0,0.0,B_g00_fc2,0.0,2.0
SA,401,930.0,930.0,true,0.75,0.0,0.0,B_g00_fc2,0.0,2.0
SA,402,930.0,930.0,true,0.75,0.0,0.0,B_g00_fc2,0.0,2.0
SA,403,926.0,926.0,true,0.6666666666666666,0.0,0.0,B_g00_fc2,0.0,2.0
SA,404,918.0,918.0,true,0.5,0.0,0.0,B_g00_fc2,0.0,2.0
SA,405,926.0,926.0,true,0.6666666666666666,0.0,0.0,B_g00_fc2,0.0,2.0
SA,406,918.0,918.0,true,0.5,0.0,0.0,B_g00_fc2,0.0,2.0
SA,407,930.0,930.0,true,0.75,0.0,0.0,B_g00_fc2,0.0,2.0
SA,408,918.0,918.0,true,0.5,0.0,0.0,B_g00_fc2,0.0,2.0
SA,409,938.0,938.0,true,0.9166666666666666,0.0,0.0,B_g00_fc2,0.0,2.0
SA,410,914.0,914.0,true,0.4166666666666667,0.0,0.0,B_g00_fc2,0.0,2.0
SA,411,926.0,926.0,true,0.6666666666666666,0.0,0.0,B_g00_fc2,0.0,2.0
SA,412,922.0,922.0,true,0.5833333333333334,0.0,0.0,B_g00_fc2,0.0,2.0
SA,413,922.0,922.0,true,0.5833333333333334,0.0,0.0,B_g00_fc2,0.0,2.0
SA,414,930.0,930.0,true,0.75,0.0,0.0,B_g00_fc2,0.0,2.0
SA,415,922.0,922.0,true,0.5833333333333334,0.0,0.0,B_g00_fc2,0.0,2.0
SA,416,914.0,914.0,true,0.4166666666666667,0.0,0.0,B_g00_fc2,0.0,2.0
SA,417,922.0,922.0,true,0.5833333333333334,0.0,0.0,B_g00_fc2,0.0,2.0
SA,418,918.0,918.0,true,0.5,0.0,0.0,B_g00_fc2,0.0,2.0
SA,419,930.0,930.0,true,0.75,0.0,0.0,B_g00_fc2,0.0,2.0
SA,420,934.0,934.0,true,0.8333333333333334,0.0,0.0,B_g00_fc2,0.0,2.0
SA,421,922.0,922.0,true,0.5833333333333334,0.0,0.0,B_g00_fc2,0.0,2.0
SA,422,922.0,922.0,true,0.5833333333333334,0.0,0.0,B_g00_fc2,0.0,2.0
SA,423,918.0,918.0,true,0.5,0.0,0.0,B_g00_fc2,0.0,2.0
SA,424,922.0,922.0,true,0.5833333333333334,0.0,0.0,B_g00_fc2,0.0,2.0
SA,425,914.0,914.0,true,0.4166666666666667,0.0,0.0,B_g00_fc2,0.0,2.0
SA,426,930.0,930.0,true,0.75,0.0,0.0,B_g00_fc2,0.0,2.0
SA,427,926.0,926.0,true,0.6666666666666666,0.0,0.0,B_g00_fc2,0.0,2.0
SA,428,922.0,922.0,true,0.5833333333333334,0.0,0.0,B_g00_fc2,0.0,2.0
SA,429,922.0,922.0,true,0.5833333333333334,0.0,0.0,B_g00_fc2,0.0,2.0
SA,430,918.0,918.0,true,0.5,0.0,0.0,B_g00_fc2,0.0,2.0
SA,431,922.0,922.0,true,0.5833333333333334,0.0,0.0,B_g00_fc2,0.0,2.0
SA,432,926.0,926.0,true,0.6666666666666666,0.0,0.0,B_g00_fc2,0.0,2.0
SA,433,926.0,926.0,true,0.6666666666666666,0.0,0.0,B_g00_fc2,0.0,2.0
SA,434,934.0,934.0,true,0.8333333333333334,0.0,0.0,B_g00_fc2,0.0,2.0
SA,435,918.0,918.0,true,0.5,0.0,0.0,B_g00_fc2,0.0,2.0
SA,436,910.0,910.0,true,0.3333333333333333,0.0,0.0,B_g00_fc2,0.0,2.0
SA,437,930.0,930.0,true,0.75,0.0,0.0,B_g00_fc2,0.0,2.0
SA,438,914.0,914.0,true,0.4166666666666667,0.0,0.0,B_g00_fc2,0.0,2.0
SA,439,922.0,922.0,true,0.5833333333333334,0.0,0.0,B_g00_fc2,0.0,2.0
SA,440,930.0,930.0,true,0.75,0.0,0.0,B_g00_fc2,0.0,2.0
SA,441,926.0,926.0,true,0.6666666666666666,0.0,0.0,B_g00_fc2,0.0,2.0
SA,442,926.0,926.0,true,0.6666666666666666,0.0,0.0,B_g00_fc2,0.0,2.0
SA,443,922.0,922.0,true,0.5833333333333334,0.0,0.0,B_g00_fc2,0.0,2.0
SA,444,934.0,934.0,true,0.8333333333333334,0.0,0.0,B_g00_fc2,0.0,2.0
SA,445,930.0,930.0,true,0.75,0.0,0.0,B_g00_fc2,0.0,2.0
SA,446,930.0,930.0,true,0.75,0.0,0.0,B_g00_fc2,0.0,2.0
SA,447,934.0,934.0,true,0.8333333333333334,0.0,0.0,B_g00_fc2,0.0,2.0
SA,448,922.0,922.0,true,0.5833333333333334,0.0,0.0,B_g00_fc2,0.0,2.0
SA,449,930.0,930.0,true,0.75,0.0,0.0,B_g00_fc2,0.0,2.0
SA,450,918.0,918.0,true,0.5,0.0,0.0,B_g00_fc2,0.0,2.0
SA,451,922.0,922.0,true,0.5833333333333334,0.0,0.0,B_g00_fc2,0.0,2.0
SA,452,926.0,926.0,true,0.6666666666666666,0.0,0.0,B_g00_fc2,0.0,2.0
SA,453,922.0,922.0,true,0.5833333333333334,0.0,0.0,B_g00_fc2,0.0,2.0
SA,454,922.0,922.0,true,0.5833333333333334,0.0,0.0,B_g00_fc2,0.0,2.0
SA,455,930.0,930.0,true,0.75,0.0,0.0,B_g00_fc2,0.0,2.0
SA,456,926.0,926.0,true,0.6666666666666666,0.0,0.0,B_g00_fc2,0.0,2.0
SA,457,926.0,926.0,true,0.6666666666666666,0.0,0.0,B_g00_fc2,0.0,2.0
SA,458,922.0,922.0,true,0.5833333333333334,0.0,0.0,B_g00_fc2,0.0,2.0
SA,459,922.0,922.0,true,0.5833333333333334,0.0,0.0,B_g00_fc2,0.0,2.0
SA,460,922.0,922.0,true,0.5833333333333334,0.0,0.0,B_g00_fc2,0.0,2.0
SA,461,926.0,926.0,true,0.6666666666666666,0.0,0.0,B_g00_fc2,0.0,2.0
SA,462,922.0,922.0,true,0.5833333333333334,0.0,0.0,B_g00_fc2,0.0,2.0
SA,463,914.0,914.0,true,0.4166666666666667,0.0,0.0,B_g00_fc2,0.0,2.0
SA,464,918.0,918.0,true,0.5,0.0,0.0,B_g00_fc2,0.0,2.0
SA,465,918.0,918.0,true,0.5,0.0,0.0,B_g00_fc2,0.0,2.0
SA,466,926.0,926.0,true,0.6666666666666666,0.0,0.0,B_g00_fc2,0.0,2.0
SA,467,910.0,910.0,true,0.3333333333333333,0.0,0.0,B_g00_fc2,0.0,2.0
SA,468,926.0,926.0,true,0.6666666666666666,0.0,0.0,B_g00_fc2,0.0,2.0
SA,469,922.0,922.0,true,0.5833333333333334,0.0,0.0,B_g00_fc2,0.0,2.0
SA,470,930.0,930.0,true,0.75,0.0,0.0,B_g00_fc2,0.0,2.0
SA,471,914.0,914.0,true,0.4166666666666667,0.0,0.0,B_g00_fc2,0.0,2.0
SA,472,926.0,926.0,true,0.6666666666666666,0.0,0.0,B_g00_fc2,0.0,2.0
SA,473,910.0,910.0,true,0.3333333333333333,0.0,0.0,B_g00_fc2,0.0,2.0
SA,474,930.0,930.0,true,0.75,0.0,0.0,B_g00_fc2,0.0,2.0
SA,475,926.0,926.0,true,0.6666666666666666,0.0,0.0,B_g00_fc2,0.0,2.0
SA,476,926.0,926.0,true,0.6666666666666666,0.0,0.0,B_g00_fc2,0.0,2.0
SA,477,922.0,922.0,true,0.5833333333333334,0.0,0.0,B_g00_fc2,0.0,2.0
SA,478,922.0,922.0,true,0.5833333333333334,0.0,0.0,B_g00_fc2,0.0,2.0
SA,479,922.0,922.0,true,0.5833333333333334,0.0,0.0,B_g00_fc2,0.0,2.0
SA,480,926.0,926.0,true,0.6666666666666666,0.0,0.0,B_g00_fc2,0.0,2.0
SA,481,918.0,918.0,true,0.5,0.0,0.0,B_g00_fc2,0.0,2.0
SA,482,934.0,934.0,true,0.8333333333333334,0.0,0.0,B_g00_fc2,0.0,2.0
SA,483,922.0,922.0,true,0.5833333333333334,0.0,0.0,B_g00_fc2,0.0,2.0
SA,484,938.0,938.0,true,0.9166666666666666,0.0,0.0,B_g00_fc2,0.0,2.0
SA,485,930.0,930.0,true,0.75,0.0,0.0,B_g00_fc2,0.0,2.0
SA,486,918.0,918.0,true,0.5,0.0,0.0,B_g00_fc2,0.0,2.0
SA,487,934.0,934.0,true,0.8333333333333334,0.0,0.0,B_g00_fc2,0.0,2.0
SA,488,926.0,926.0,true,0.6666666666666666,0.0,0.0,B_g00_fc2,0.0,2.0
SA,489,922.0,922.0,true,0.5833333333333334,0.0,0.0,B_g00_fc2,0.0,2.0
SA,490,922.0,922.0,true,0.5833333333333334,0.0,0.0,B_g00_fc2,0.0,2.0
SA,491,918.0,918.0,true,0.5,0.0,0.0,B_g00_fc2,0.0,2.0
SA,492,918.0,918.0,true,0.5,0.0,0.0,B_g00_fc2,0.0,2.0
SA,493,914.0,914.0,true,0.4166666666666667,0.0,0.0,B_g00_fc2,0.0,2.0
SA,494,934.0,934.0,true,0.8333333333333334,0.0,0.0,B_g00_fc2,0.0,2.0
SA,495,918.0,918.0,true,0.5,0.0,0.0,B_g00_fc2,0.0,2.0
SA,496,914.0,914.0,true,0.4166666666666667,0.0,0.0,B_g00_fc2,0.0,2.0
SA,497,922.0,922.0,true,0.5833333333333334,0.0,0.0,B_g00_fc2,0.0,2.0
SA,498,918.0,918.0,true,0.5,0.0,0.0,B_g00_fc2,0.0,2.0
SA,499,930.0,930.0,true,0.75,0.0,0.0,B_g00_fc2,0.0,2.0
SA,500,926.0,926.0,true,0.6666666666666666,0.0,0.0,B_g00_fc2,0.0,2.0
SA,501,930.0,930.0,true,0.75,0.0,0.0,B_g00_fc2,0.0,2.0
SA,502,922.0,922.0,true,0.5833333333333334,0.0,0.0,B_g00_fc2,0.0,2.0
SA,503,926.0,926.0,true,0.6666666666666666,0.0,0.0,B_g00_fc2,0.0,2.0
SA,504,914.0,914.0,true,0.4166666666666667,0.0,0.0,B_g00_fc2,0.0,2.0
SA,505,918.0,918.0,true,0.5,0.0,0.0,B_g00_fc2,0.0,2.0
SA,506,922.0,922.0,true,0.5833333333333334,0.0,0.0,B_g00_fc2,0.0,2.0
SA,507,922.0,922.0,true,0.5833333333333334,0.0,0.0,B_g00_fc2,0.0,2.0
SA,508,926.0,926.0,true,0.6666666666666666,0.0,0.0,B_g00_fc2,0.0,2.0
SA,509,922.0,922.0,true,0.5833333333333334,0.0,0.0,B_g00_fc2,0.0,2.0
SA,510,922.0,922.0,true,0.5833333333333334,0.0,0.0,B_g00_fc2,0.0,2.0
SA,511,926.0,926.0,true,0.6666666666666666,0.0,0.0,B_g00_fc2,0.0,2.0
SA,512,934.0,934.0,true,0.8333333333333334,0.0,0.0,B_g00_fc2,0.0,2.0
SA,513,934.0,934.0,true,0.8333333333333334,0.0,0.0,B_g00_fc2,0.0,2.0
SA,514,918.0,918.0,true,0.5,0.0,0.0,B_g00_fc2,0.0,2.0
SA,515,918.0,918.0,true,0.5,0.0,0.0,B_g00_fc2,0.0,2.0
SA,516,918.0,918.0,true,0.5,0.0,0.0,B_g00_fc2,0.0,2.0
SA,517,922.0,922.0,true,0.5833333333333334,0.0,0.0,B_g00_fc2,0.0,2.0
SA,518,922.0,922.0,true,0.5833333333333334,0.0,0.0,B_g00_fc2,0.0,2.0
SA,519,926.0,926.0,true,0.6666666666666666,0.0,0.0,B_g00_fc2,0.0,2.0
SA,520,922.0,922.0,true,0.5833333333333334,0.0,0.0,B_g00_fc2,0.0,2.0
SA,521,926.0,926.0,true,0.6666666666666666,0.0,0.0,B_g00_fc2,0.0,2.0
SA,522,926.0,926.0,true,0.6666666666666666,0.0,0.0,B_g00_fc2,0.0,2.0
SA,523,926.0,926.0,true,0.6666666666666666,0.0,0.0,B_g00_fc2,0.0,2.0
SA,524,926.0,926.0,true,0.6666666666666666,0.0,0.0,B_g00_fc2,0.0,2.0
SA,525,922.0,922.0,true,0.5833333333333334,0.0,0.0,B_g00_fc2,0.0,2.0
SA,526,930.0,930.0,true,0.75,0.0,0.0,B_g00_fc2,0.0,2.0
SA,527,934.0,934.0,true,0.8333333333333334,0.0,0.0,B_g00_fc2,0.0,2.0
SA,528,914.0,914.0,true,0.4166666666666667,0.0,0.0,B_g00_fc2,0.0,2.0
SA,529,930.0,930.0,true,0.75,0.0,0.0,B_g00_fc2,0.0,2.0
SA,530,926.0,926.0,true,0.6666666666666666,0.0,0.0,B_g00_fc2,0.0,2.0
SA,531,930.0,930.0,true,0.75,0.0,0.0,B_g00_fc2,0.0,2.0
SA,532,918.0,918.0,true,0.5,0.0,0.0,B_g00_fc2,0.0,2.0
SA,533,930.0,930.0,true,0.75,0.0,0.0,B_g00_fc2,0.0,2.0
SA,534,926.0,926.0,true,0.6666666666666666,0.0,0.0,B_g00_fc2,0.0,2.0
SA,535,930.0,930.0,true,0.75,0.0,0.0,B_g00_fc2,0.0,2.0
SA,536,930.0,930.0,true,0.75,0.0,0.0,B_g00_fc2,0.0,2.0
SA,537,918.0,918.0,true,0.5,0.0,0.0,B_g00_fc2,0.0,2.0
SA,538,934.0,934.0,true,0.8333333333333334,0.0,0.0,B_g00_fc2,0.0,2.0
SA,539,922.0,922.0,true,0.5833333333333334,0.0,0.0,B_g00_fc2,0.0,2.0
SA,540,926.0,926.0,true,0.6666666666666666,0.0,0.0,B_g00_fc2,0.0,2.0
SA,541,926.0,926.0,true,0.6666666666666666,0.0,0.0,B_g00_fc2,0.0,2.0
SA,542,914.0,914.0,true,0.4166666666666667,0.0,0.0,B_g00_fc2,0.0,2.0
SA,543,918.0,918.0,true,0.5,0.0,0.0,B_g00_fc2,0.0,2.0
SA,544,926.0,926.0,true,0.6666666666666666,0.0,0.0,B_g00_fc2,0.0,2.0
SA,545,922.0,922.0,true,0.5833333333333334,0.0,0.0,B_g00_fc2,0.0,2.0
SA,546,922.0,922.0,true,0.5833333333333334,0.0,0.0,B_g00_fc2,0.0,2.0
SA,547,926.0,926.0,true,0.6666666666666666,0.0,0.0,B_g00_fc2,0.0,2.0
SA,548,930.0,930.0,true,0.75,0.0,0.0,B_g00_fc2,0.0,2.0
SA,549,918.0,918.0,true,0.5,0.0,0.0,B_g00_fc2,0.0,2.0
SA,550,926.0,926.0,true,0.6666666666666666,0.0,0.0,B_g00_fc2,0.0,2.0
SA,551,918.0,918.0,true,0.5,0.0,0.0,B_g00_fc2,0.0,2.0
SA,552,922.0,922.0,true,0.5833333333333334,0.0,0.0,B_g00_fc2,0.0,2.0
SA,553,926.0,926.0,true,0.6666666666666666,0.0,0.0,B_g00_fc2,0.0,2.0
SA,554,922.0,922.0,true,0.5833333333333334,0.0,0.0,B_g00_fc2,0.0,2.0
SA,555,926.0,926.0,true,0.6666666666666666,0.0,0.0,B_g00_fc2,0.0,2.0
SA,556,926.0,926.0,true,0.6666666666666666,0.0,0.0,B_g00_fc2,0.0,2.0
SA,557,926.0,926.0,true,0.6666666666666666,0.0,0.0,B_g00_fc2,0.0,2.0
SA,558,926.0,926.0,true,0.6666666666666666,0.0,0.0,B_g00_fc2,0.0,2.0
SA,559,922.0,922.0,true,0.5833333333333334,0.0,0.0,B_g00_fc2,0.0,2.0
SA,560,914.0,914.0,true,0.4166666666666667,0.0,0.0,B_g00_fc2,0.0,2.0
SA,561,922.0,922.0,true,0.5833333333333334,0.0,0.0,B_g00_fc2,0.0,2.0
SA,562,926.0,926.0,true,0.6666666666666666,0.0,0.0,B_g00_fc2,0.0,2.0
SA,563,914.0,914.0,true,0.4166666666666667,0.0,0.0,B_g00_fc2,0.0,2.0
SA,564,922.0,922.0,true,0.5833333333333334,0.0,0.0,B_g00_fc2,0.0,2.0
SA,565,934.0,934.0,true,0.8333333333333334,0.0,0.0,B_g00_fc2,0.0,2.0
SA,566,922.0,922.0,true,0.5833333333333334,0.0,0.0,B_g00_fc2,0.0,2.0
SA,567,922.0,922.0,true,0.5833333333333334,0.0,0.0,B_g00_fc2,0.0,2.0
SA,568,918.0,918.0,true,0.5,0.0,0.0,B_g00_fc2,0.0,2.0
SA,569,930.0,930.0,true,0.75,0.0,0.0,B_g00_fc2,0.0,2.0
SA,570,914.0,914.0,true,0.4166666666666667,0.0,0.0,B_g00_fc2,0.0,2.0
SA,571,910.0,910.0,true,0.3333333333333333,0.0,0.0,B_g00_fc2,0.0,2.0
SA,572,930.0,930.0,true,0.75,0.0,0.0,B_g00_fc2,0.0,2.0
SA,573,914.0,914.0,true,0.4166666666666667,0.0,0.0,B_g00_fc2,0.0,2.0
SA,574,918.0,918.0,true,0.5,0.0,0.0,B_g00_fc2,0.0,2.0
SA,575,914.0,914.0,true,0.4166666666666667,0.0,0.0,B_g00_fc2,0.0,2.0
SA,576,926.0,926.0,true,0.6666666666666666,0.0,0.0,B_g00_fc2,0.0,2.0
SA,577,926.0,926.0,true,0.6666666666666666,0.0,0.0,B_g00_fc2,0.0,2.0
SA,578,938.0,938.0,true,0.9166666666666666,0.0,0.0,B_g00_fc2,0.0,2.0
SA,579,922.0,922.0,true,0.5833333333333334,0.0,0.0,B_g00_fc2,0.0,2.0
SA,580,922.0,922.0,true,0.5833333333333334,0.0,0.0,B_g00_fc2,0.0,2.0
SA,581,914.0,914.0,true,0.4166666666666667,0.0,0.0,B_g00_fc2,0.0,2.0
SA,582,926.0,926.0,true,0.6666666666666666,0.0,0.0,B_g00_fc2,0.0,2.0
SA,583,934.0,934.0,true,0.8333333333333334,0.0,0.0,B_g00_fc2,0.0,2.0
SA,584,922.0,922.0,true,0.5833333333333334,0.0,0.0,B_g00_fc2,0.0,2.0
SA,585,910.0,910.0,true,0.3333333333333333,0.0,0.0,B_g00_fc2,0.0,2.0
SA,586,918.0,918.0,true,0.5,0.0,0.0,B_g00_fc2,0.0,2.0
SA,587,926.0,926.0,true,0.6666666666666666,0.0,0.0,B_g00_fc2,0.0,2.0
SA,588,934.0,934.0,true,0.8333333333333334,0.0,0.0,B_g00_fc2,0.0,2.0
SA,589,926.0,926.0,true,0.6666666666666666,0.0,0.0,B_g00_fc2,0.0,2.0
SA,590,930.0,930.0,true,0.75,0.0,0.0,B_g00_fc2,0.0,2.0
SA,591,926.0,926.0,true,0.6666666666666666,0.0,0.0,B_g00_fc2,0.0,2.0
SA,592,922.0,922.0,true,0.5833333333333334,0.0,0.0,B_g00_fc2,0.0,2.0
SA,593,934.0,934.0,true,0.8333333333333334,0.0,0.0,B_g00_fc2,0.0,2.0
SA,594,934.0,934.0,true,0.8333333333333334,0.0,0.0,B_g00_fc2,0.0,2.0
SA,595,910.0,910.0,true,0.3333333333333333,0.0,0.0,B_g00_fc2,0.0,2.0
SA,596,918.0,918.0,true,0.5,0.0,0.0,B_g00_fc2,0.0,2.0
SA,597,926.0,926.0,true,0.6666666666666666,0.0,0.0,B_g00_fc2,0.0,2.0
SA,598,922.0,922.0,true,0.5833333333333334,0.0,0.0,B_g00_fc2,0.0,2.0
SA,599,926.0,926.0,true,0.6666666666666666,0.0,0.0,B_g00_fc2,0.0,2.0
SA,600,934.0,934.0,true,0.8333333333333334,0.0,0.0,B_g00_fc2,0.0,2.0
SA,601,922.0,922.0,true,0.5833333333333334,0.0,0.0,B_g00_fc2,0.0,2.0
SA,602,922.0,922.0,true,0.5833333333333334,0.0,0.0,B_g00_fc2,0.0,2.0
SA,603,926.0,926.0,true,0.6666666666666666,0.0,0.0,B_g00_fc2,0.0,2.0
SA,604,914.0,914.0,true,0.4166666666666667,0.0,0.0,B_g00_fc2,0.0,2.0
SA,605,926.0,926.0,true,0.6666666666666666,0.0,0.0,B_g00_fc2,0.0,2.0
SA,606,914.0,914.0,true,0.4166666666666667,0.0,0.0,B_g00_fc2,0.0,2.0
SA,607,926.0,926.0,true,0.6666666666666666,0.0,0.0,B_g00_fc2,0.0,2.0
SA,608,910.0,910.0,true,0.3333333333333333,0.0,0.0,B_g00_fc2,0.0,2.0
SA,609,926.0,926.0,true,0.6666666666666666,0.0,0.0,B_g00_fc2,0.0,2.0
SA,610,938.0,938.0,true,0.9166666666666666,0.0,0.0,B_g00_fc2,0.0,2.0
SA,611,922.0,922.0,true,0.5833333333333334,0.0,0.0,B_g00_fc2,0.0,2.0
SA,612,914.0,914.0,true,0.4166666666666667,0.0,0.0,B_g00_fc2,0.0,2.0
SA,613,914.0,914.0,true,0.4166666666666667,0.0,0.0,B_g00_fc2,0.0,2.0
SA,614,914.0,914.0,true,0.4166666666666667,0.0,0.0,B_g00_fc2,0.0,2.0
SA,615,918.0,918.0,true,0.5,0.0,0.0,B_g00_fc2,0.0,2.0
SA,616,922.0,922.0,true,0.5833333333333334,0.0,0.0,B_g00_fc2,0.0,2.0
SA,617,914.0,914.0,true,0.4166666666666667,0.0,0.0,B_g00_fc2,0.0,2.0
SA,618,918.0,918.0,true,0.5,0.0,0.0,B_g00_fc2,0.0,2.0
SA,619,918.0,918.0,true,0.5,0.0,0.0,B_g00_fc2,0.0,2.0
SA,620,914.0,914.0,true,0.4166666666666667,0.0,0.0,B_g00_fc2,0.0,2.0
SA,621,922.0,922.0,true,0.5833333333333334,0.0,0.0,B_g00_fc2,0.0,2.0
SA,622,918.0,918.0,true,0.5,0.0,0.0,B_g00_fc2,0.0,2.0
SA,623,922.0,922.0,true,0.5833333333333334,0.0,0.0,B_g00_fc2,0.0,2.0
SA,624,926.0,926.0,true,0.6666666666666666,0.0,0.0,B_g00_fc2,0.0,2.0
SA,625,918.0,918.0,true,0.5,0.0,0.0,B_g00_fc2,0.0,2.0
SA,626,922.0,922.0,true,0.5833333333333334,0.0,0.0,B_g00_fc2,0.0,2.0
SA,627,918.0,918.0,true,0.5,0.0,0.0,B_g00_fc2,0.0,2.0
SA,628,914.0,914.0,true,0.4166666666666667,0.0,0.0,B_g00_fc2,0.0,2.0
SA,629,930.0,930.0,true,0.75,0.0,0.0,B_g00_fc2,0.0,2.0
SA,630,930.0,930.0,true,0.75,0.0,0.0,B_g00_fc2,0.0,2.0
SA,631,934.0,934.0,true,0.8333333333333334,0.0,0.0,B_g00_fc2,0.0,2.0
SA,632,930.0,930.0,true,0.75,0.0,0.0,B_g00_fc2,0.0,2.0
SA,633,910.0,910.0,true,0.3333333333333333,0.0,0.0,B_g00_fc2,0.0,2.0
SA,634,926.0,926.0,true,0.6666666666666666,0.0,0.0,B_g00_fc2,0.0,2.0
SA,635,930.0,930.0,true,0.75,0.0,0.0,B_g00_fc2,0.0,2.0
SA,636,926.0,926.0,true,0.6666666666666666,0.0,0.0,B_g00_fc2,0.0,2.0
SA,637,922.0,922.0,true,0.5833333333333334,0.0,0.0,B_g00_fc2,0.0,2.0
SA,638,918.0,918.0,true,0.5,0.0,0.0,B_g00_fc2,0.0,2.0
SA,639,918.0,918.0,true,0.5,0.0,0.0,B_g00_fc2,0.0,2.0
SA,640,930.0,930.0,true,0.75,0.0,0.0,B_g00_fc2,0.0,2.0
SA,641,922.0,922.0,true,0.5833333333333334,0.0,0.0,B_g00_fc2,0.0,2.0
SA,642,930.0,930.0,true,0.75,0.0,0.0,B_g00_fc2,0.0,2.0
SA,643,922.0,922.0,true,0.5833333333333334,0.0,0.0,B_g00_fc2,0.0,2.0
SA,644,926.0,926.0,true,0.6666666666666666,0.0,0.0,B_g00_fc2,0.0,2.0
SA,645,930.0,930.0,true,0.75,0.0,0.0,B_g00_fc2,0.0,2.0
SA,646,918.0,918.0,true,0.5,0.0,0.0,B_g00_fc2,0.0,2.0
SA,647,922.0,922.0,true,0.5833333333333334,0.0,0.0,B_g00_fc2,0.0,2.0
SA,648,922.0,922.0,true,0.5833333333333334,0.0,0.0,B_g00_fc2,0.0,2.0
SA,649,922.0,922.0,true,0.5833333333333334,0.0,0.0,B_g00_fc2,0.0,2.0
SA,650,918.0,918.0,true,0.5,0.0,0.0,B_g00_fc2,0.0,2.0
SA,651,914.0,914.0,true,0.4166666666666667,0.0,0.0,B_g00_fc2,0.0,2.0
SA,652,926.0,926.0,true,0.6666666666666666,0.0,0.0,B_g00_fc2,0.0,2.0
SA,653,930.0,930.0,true,0.75,0.0,0.0,B_g00_fc2,0.0,2.0
SA,654,922.0,922.0,true,0.5833333333333334,0.0,0.0,B_g00_fc2,0.0,2.0
SA,655,926.0,926.0,true,0.6666666666666666,0.0,0.0,B_g00_fc2,0.0,2.0
SA,656,918.0,918.0,true,0.5,0.0,0.0,B_g00_fc2,0.0,2.0
SA,657,934.0,934.0,true,0.8333333333333334,0.0,0.0,B_g00_fc2,0.0,2.0
SA,658,934.0,934.0,true,0.8333333333333334,0.0,0.0,B_g00_fc2,0.0,2.0
SA,659,910.0,910.0,true,0.3333333333333333,0.0,0.0,B_g00_fc2,0.0,2.0
SA,660,930.0,930.0,true,0.75,0.0,0.0,B_g00_fc2,0.0,2.0
SA,661,930.0,930.0,true,0.75,0.0,0.0,B_g00_fc2,0.0,2.0
SA,662,914.0,914.0,true,0.4166666666666667,0.0,0.0,B_g00_fc2,0.0,2.0
SA,663,922.0,922.0,true,0.5833333333333334,0.0,0.0,B_g00_fc2,0.0,2.0
SA,664,926.0,926.0,true,0.6666666666666666,0.0,0.0,B_g00_fc2,0.0,2.0
SA,665,914.0,914.0,true,0.4166666666666667,0.0,0.0,B_g00_fc2,0.0,2.0
SA,666,930.0,930.0,true,0.75,0.0,0.0,B_g00_fc2,0.0,2.0
SA,667,934.0,934.0,true,0.8333333333333334,0.0,0.0,B_g00_fc2,0.0,2.0
SA,668,918.0,918.0,true,0.5,0.0,0.0,B_g00_fc2,0.0,2.0
SA,669,926.0,926.0,true,0.6666666666666666,0.0,0.0,B_g00_fc2,0.0,2.0
SA,670,914.0,914.0,true,0.4166666666666667,0.0,0.0,B_g00_fc2,0.0,2.0
SA,671,922.0,922.0,true,0.5833333333333334,0.0,0.0,B_g00_fc2,0.0,2.0
SA,672,918.0,918.0,true,0.5,0.0,0.0,B_g00_fc2,0.0,2.0
SA,673,930.0,930.0,true,0.75,0.0,0.0,B_g00_fc2,0.0,2.0
SA,674,934.0,934.0,true,0.8333333333333334,0.0,0.0,B_g00_fc2,0.0,2.0
SA,675,922.0,922.0,true,0.5833333333333334,0.0,0.0,B_g00_fc2,0.0,2.0
SA,676,914.0,914.0,true,0.4166666666666667,0.0,0.0,B_g00_fc2,0.0,2.0
SA,677,922.0,922.0,true,0.5833333333333334,0.0,0.0,B_g00_fc2,0.0,2.0
SA,678,918.0,918.0,true,0.5,0.0,0.0,B_g00_fc2,0.0,2.0
SA,679,926.0,926.0,true,0.6666666666666666,0.0,0.0,B_g00_fc2,0.0,2.0
SA,680,922.0,922.0,true,0.5833333333333334,0.0,0.0,B_g00_fc2,0.0,2.0
SA,681,926.0,926.0,true,0.6666666666666666,0.0,0.0,B_g00_fc2,0.0,2.0
SA,682,922.0,922.0,true,0.5833333333333334,0.0,0.0,B_g00_fc2,0.0,2.0
SA,683,926.0,926.0,true,0.6666666666666666,0.0,0.0,B_g00_fc2,0.0,2.0
SA,684,922.0,922.0,true,0.5833333333333334,0.0,0.0,B_g00_fc2,0.0,2.0
SA,685,926.0,926.0,true,0.6666666666666666,0.0,0.0,B_g00_fc2,0.0,2.0
SA,686,922.0,922.0,true,0.5833333333333334,0.0,0.0,B_g00_fc2,0.0,2.0
SA,687,922.0,922.0,true,0.5833333333333334,0.0,0.0,B_g00_fc2,0.0,2.0
SA,688,926.0,926.0,true,0.6666666666666666,0.0,0.0,B_g00_fc2,0.0,2.0
SA,689,922.0,922.0,true,0.5833333333333334,0.0,0.0,B_g00_fc2,0.0,2.0
SA,690,922.0,922.0,true,0.5833333333333334,0.0,0.0,B_g00_fc2,0.0,2.0
SA,691,918.0,918.0,true,0.5,0.0,0.0,B_g00_fc2,0.0,2.0
SA,692,922.0,922.0,true,0.5833333333333334,0.0,0.0,B_g00_fc2,0.0,2.0
SA,693,930.0,930.0,true,0.75,0.0,0.0,B_g00_fc2,0.0,2.0
SA,694,918.0,918.0,true,0.5,0.0,0.0,B_g00_fc2,0.0,2.0
SA,695,930.0,930.0,true,0.75,0.0,0.0,B_g00_fc2,0.0,2.0
SA,696,918.0,918.0,true,0.5,0.0,0.0,B_g00_fc2,0.0,2.0
SA,697,934.0,934.0,true,0.8333333333333334,0.0,0.0,B_g00_fc2,0.0,2.0
SA,698,922.0,922.0,true,0.5833333333333334,0.0,0.0,B_g00_fc2,0.0,2.0
SA,699,926.0,926.0,true,0.6666666666666666,0.0,0.0,B_g00_fc2,0.0,2.0
SA,700,930.0,930.0,true,0.75,0.0,0.0,B_g00_fc2,0.0,2.0
SA,701,934.0,934.0,true,0.8333333333333334,0.0,0.0,B_g00_fc2,0.0,2.0
SA,702,918.0,918.0,true,0.5,0.0,0.0,B_g00_fc2,0.0,2.0
SA,703,918.0,918.0,true,0.5,0.0,0.0,B_g00_fc2,0.0,2.0
SA,704,922.0,922.0,true,0.5833333333333334,0.0,0.0,B_g00_fc2,0.0,2.0
SA,705,918.0,918.0,true,0.5,0.0,0.0,B_g00_fc2,0.0,2.0
SA,706,930.0,930.0,true,0.75,0.0,0.0,B_g00_fc2,0.0,2.0
SA,707,926.0,926.0,true,0.6666666666666666,0.0,0.0,B_g00_fc2,0.0,2.0
SA,708,922.0,922.0,true,0.5833333333333334,0.0,0.0,B_g00_fc2,0.0,2.0
SA,709,930.0,930.0,true,0.75,0.0,0.0,B_g00_fc2,0.0,2.0
SA,710,922.0,922.0,true,0.5833333333333334,0.0,0.0,B_g00_fc2,0.0,2.0
SA,711,926.0,926.0,true,0.6666666666666666,0.0,0.0,B_g00_fc2,0.0,2.0
SA,712,922.0,922.0,true,0.5833333333333334,0.0,0.0,B_g00_fc2,0.0,2.0
SA,713,934.0,934.0,true,0.8333333333333334,0.0,0.0,B_g00_fc2,0.0,2.0
SA,714,926.0,926.0,true,0.6666666666666666,0.0,0.0,B_g00_fc2,0.0,2.0
SA,715,930.0,930.0,true,0.75,0.0,0.0,B_g00_fc2,0.0,2.0
SA,716,922.0,922.0,true,0.5833333333333334,0.0,0.0,B_g00_fc2,0.0,2.0
SA,717,918.0,918.0,true,0.5,0.0,0.0,B_g00_fc2,0.0,2.0
SA,718,922.0,922.0,true,0.5833333333333334,0.0,0.0,B_g00_fc2,0.0,2.0
SA,719,926.0,926.0,true,0.6666666666666666,0.0,0.0,B_g00_fc2,0.0,2.0
SA,720,922.0,922.0,true,0.5833333333333334,0.0,0.0,B_g00_fc2,0.0,2.0
SA,721,918.0,918.0,true,0.5,0.0,0.0,B_g00_fc2,0.0,2.0
SA,722,930.0,930.0,true,0.75,0.0,0.0,B_g00_fc2,0.0,2.0
SA,723,922.0,922.0,true,0.5833333333333334,0.0,0.0,B_g00_fc2,0.0,2.0
SA,724,930.0,930.0,true,0.75,0.0,0.0,B_g00_fc2,0.0,2.0
SA,725,930.0,930.0,true,0.75,0.0,0.0,B_g00_fc2,0.0,2.0
SA,726,914.0,914.0,true,0.4166666666666667,0.0,0.0,B_g00_fc2,0.0,2.0
SA,727,930.0,930.0,true,0.75,0.0,0.0,B_g00_fc2,0.0,2.0
SA,728,914.0,914.0,true,0.4166666666666667,0.0,0.0,B_g00_fc2,0.0,2.0
SA,729,918.0,918.0,true,0.5,0.0,0.0,B_g00_fc2,0.0,2.0
SA,730,922.0,922.0,true,0.5833333333333334,0.0,0.0,B_g00_fc2,0.0,2.0
SA,731,914.0,914.0,true,0.4166666666666667,0.0,0.0,B_g00_fc2,0.0,2.0
SA,732,922.0,922.0,true,0.5833333333333334,0.0,0.0,B_g00_fc2,0.0,2.0
SA,733,918.0,918.0,true,0.5,0.0,0.0,B_g00_fc2,0.0,2.0
SA,734,926.0,926.0,true,0.6666666666666666,0.0,0.0,B_g00_fc2,0.0,2.0
SA,735,918.0,918.0,true,0.5,0.0,0.0,B_g00_fc2,0.0,2.0
SA,736,922.0,922.0,true,0.5833333333333334,0.0,0.0,B_g00_fc2,0.0,2.0
SA,737,938.0,938.0,true,0.9166666666666666,0.0,0.0,B_g00_fc2,0.0,2.0
SA,738,918.0,918.0,true,0.5,0.0,0.0,B_g00_fc2,0.0,2.0
SA,739,926.0,926.0,true,0.6666666666666666,0.0,0.0,B_g00_fc2,0.0,2.0
SA,740,918.0,918.0,true,0.5,0.0,0.0,B_g00_fc2,0.0,2.0
SA,741,926.0,926.0,true,0.6666666666666666,0.0,0.0,B_g00_fc2,0.0,2.0
SA,742,922.0,922.0,true,0.5833333333333334,0.0,0.0,B_g00_fc2,0.0,2.0
SA,743,926.0,926.0,true,0.6666666666666666,0.0,0.0,B_g00_fc2,0.0,2.0
SA,744,918.0,918.0,true,0.5,0.0,0.0,B_g00_fc2,0.0,2.0
SA,745,918.0,918.0,true,0.5,0.0,0.0,B_g00_fc2,0.0,2.0
SA,746,918.0,918.0,true,0.5,0.0,0.0,B_g00_fc2,0.0,2.0
SA,747,922.0,922.0,true,0.5833333333333334,0.0,0.0,B_g00_fc2,0.0,2.0
SA,748,914.0,914.0,true,0.4166666666666667,0.0,0.0,B_g00_fc2,0.0,2.0
SA,749,918.0,918.0,true,0.5,0.0,0.0,B_g00_fc2,0.0,2.0
SA,750,926.0,926.0,true,0.6666666666666666,0.0,0.0,B_g00_fc2,0.0,2.0
SA,751,922.0,922.0,true,0.5833333333333334,0.0,0.0,B_g00_fc2,0.0,2.0
SA,752,918.0,918.0,true,0.5,0.0,0.0,B_g00_fc2,0.0,2.0
SA,753,918.0,918.0,true,0.5,0.0,0.0,B_g00_fc2,0.0,2.0
SA,754,934.0,934.0,true,0.8333333333333334,0.0,0.0,B_g00_fc2,0.0,2.0
SA,755,918.0,918.0,true,0.5,0.0,0.0,B_g00_fc2,0.0,2.0
SA,756,918.0,918.0,true,0.5,0.0,0.0,B_g00_fc2,0.0,2.0
SA,757,934.0,934.0,true,0.8333333333333334,0.0,0.0,B_g00_fc2,0.0,2.0
SA,758,910.0,910.0,true,0.3333333333333333,0.0,0.0,B_g00_fc2,0.0,2.0
SA,759,914.0,914.0,true,0.4166666666666667,0.0,0.0,B_g00_fc2,0.0,2.0
SA,760,918.0,918.0,true,0.5,0.0,0.0,B_g00_fc2,0.0,2.0
SA,761,922.0,922.0,true,0.5833333333333334,0.0,0.0,B_g00_fc2,0.0,2.0
SA,762,926.0,926.0,true,0.6666666666666666,0.0,0.0,B_g00_fc2,0.0,2.0
SA,763,918.0,918.0,true,0.5,0.0,0.0,B_g00_fc2,0.0,2.0
SA,764,926.0,926.0,true,0.6666666666666666,0.0,0.0,B_g00_fc2,0.0,2.0
SA,765,914.0,914.0,true,0.4166666666666667,0.0,0.0,B_g00_fc2,0.0,2.0
SA,766,930.0,930.0,true,0.75,0.0,0.0,B_g00_fc2,0.0,2.0
SA,767,938.0,938.0,true,0.9166666666666666,0.0,0.0,B_g00_fc2,0.0,2.0
SA,768,914.0,914.0,true,0.4166666666666667,0.0,0.0,B_g00_fc2,0.0,2.0
SA,769,918.0,918.0,true,0.5,0.0,0.0,B_g00_fc2,0.0,2.0
SA,770,926.0,926.0,true,0.6666666666666666,0.0,0.0,B_g00_fc2,0.0,2.0
SA,771,926.0,926.0,true,0.6666666666666666,0.0,0.0,B_g00_fc2,0.0,2.0
SA,772,926.0,926.0,true,0.6666666666666666,0.0,0.0,B_g00_fc2,0.0,2.0
SA,773,918.0,918.0,true,0.5,0.0,0.0,B_g00_fc2,0.0,2.0
SA,774,926.0,926.0,true,0.6666666666666666,0.0,0.0,B_g00_fc2,0.0,2.0
SA,775,910.0,910.0,true,0.3333333333333333,0.0,0.0,B_g00_fc2,0.0,2.0
SA,776,922.0,922.0,true,0.5833333333333334,0.0,0.0,B_g00_fc2,0.0,2.0
SA,777,922.0,922.0,true,0.5833333333333334,0.0,0.0,B_g00_fc2,0.0,2.0
SA,778,918.0,918.0,true,0.5,0.0,0.0,B_g00_fc2,0.0,2.0
SA,779,922.0,922.0,true,0.5833333333333334,0.0,0.0,B_g00_fc2,0.0,2.0
SA,780,918.0,918.0,true,0.5,0.0,0.0,B_g00_fc2,0.0,2.0
SA,781,926.0,926.0,true,0.6666666666666666,0.0,0.0,B_g00_fc2,0.0,2.0
SA,782,918.0,918.0,true,0.5,0.0,0.0,B_g00_fc2,0.0,2.0
SA,783,914.0,914.0,true,0.4166666666666667,0.0,0.0,B_g00_fc2,0.0,2.0
SA,784,918.0,918.0,true,0.5,0.0,0.0,B_g00_fc2,0.0,2.0
SA,785,926.0,926.0,true,0.6666666666666666,0.0,0.0,B_g00_fc2,0.0,2.0
SA,786,914.0,914.0,true,0.4166666666666667,0.0,0.0,B_g00_fc2,0.0,2.0
SA,787,922.0,922.0,true,0.5833333333333334,0.0,0.0,B_g00_fc2,0.0,2.0
SA,788,926.0,926.0,true,0.6666666666666666,0.0,0.0,B_g00_fc2,0.0,2.0
SA,789,926.0,926.0,true,0.6666666666666666,0.0,0.0,B_g00_fc2,0.0,2.0
SA,790,922.0,922.0,true,0.5833333333333334,0.0,0.0,B_g00_fc2,0.0,2.0
SA,791,930.0,930.0,true,0.75,0.0,0.0,B_g00_fc2,0.0,2.0
SA,792,922.0,922.0,true,0.5833333333333334,0.0,0.0,B_g00_fc2,0.0,2.0
SA,793,918.0,918.0,true,0.5,0.0,0.0,B_g00_fc2,0.0,2.0
SA,794,922.0,922.0,true,0.5833333333333334,0.0,0.0,B_g00_fc2,0.0,2.0
SA,795,926.0,926.0,true,0.6666666666666666,0.0,0.0,B_g00_fc2,0.0,2.0
SA,796,926.0,926.0,true,0.6666666666666666,0.0,0.0,B_g00_fc2,0.0,2.0
SA,797,918.0,918.0,true,0.5,0.0,0.0,B_g00_fc2,0.0,2.0
SA,798,922.0,922.0,true,0.5833333333333334,0.0,0.0,B_g00_fc2,0.0,2.0
SA,799,926.0,926.0,true,0.6666666666666666,0.0,0.0,B_g00_fc2,0.0,2.0
SA,800,926.0,926.0,true,0.6666666666666666,0.0,0.0,B_g00_fc2,0.0,2.0
SA,801,918.0,918.0,true,0.5,0.0,0.0,B_g00_fc2,0.0,2.0
SA,802,926.0,926.0,true,0.6666666666666666,0.0,0.0,B_g00_fc2,0.0,2.0
SA,803,926.0,926.0,true,0.6666666666666666,0.0,0.0,B_g00_fc2,0.0,2.0
SA,804,922.0,922.0,true,0.5833333333333334,0.0,0.0,B_g00_fc2,0.0,2.0
SA,805,930.0,930.0,true,0.75,0.0,0.0,B_g00_fc2,0.0,2.0
SA,806,922.0,922.0,true,0.5833333333333334,0.0,0.0,B_g00_fc2,0.0,2.0
SA,807,918.0,918.0,true,0.5,0.0,0.0,B_g00_fc2,0.0,2.0
SA,808,934.0,934.0,true,0.8333333333333334,0.0,0.0,B_g00_fc2,0.0,2.0
SA,809,926.0,926.0,true,0.6666666666666666,0.0,0.0,B_g00_fc2,0.0,2.0
SA,810,922.0,922.0,true,0.5833333333333334,0.0,0.0,B_g00_fc2,0.0,2.0
SA,811,926.0,926.0,true,0.6666666666666666,0.0,0.0,B_g00_fc2,0.0,2.0
SA,812,918.0,918.0,true,0.5,0.0,0.0,B_g00_fc2,0.0,2.0
SA,813,930.0,930.0,true,0.75,0.0,0.0,B_g00_fc2,0.0,2.0
SA,814,918.0,918.0,true,0.5,0.0,0.0,B_g00_fc2,0.0,2.0
SA,815,914.0,914.0,true,0.4166666666666667,0.0,0.0,B_g00_fc2,0.0,2.0
SA,816,922.0,922.0,true,0.5833333333333334,0.0,0.0,B_g00_fc2,0.0,2.0
SA,817,922.0,922.0,true,0.5833333333333334,0.0,0.0,B_g00_fc2,0.0,2.0
SA,818,926.0,926.0,true,0.6666666666666666,0.0,0.0,B_g00_fc2,0.0,2.0
SA,819,918.0,918.0,true,0.5,0.0,0.0,B_g00_fc2,0.0,2.0
SA,820,930.0,930.0,true,0.75,0.0,0.0,B_g00_fc2,0.0,2.0
SA,821,934.0,934.0,true,0.8333333333333334,0.0,0.0,B_g00_fc2,0.0,2.0
SA,822,926.0,926.0,true,0.6666666666666666,0.0,0.0,B_g00_fc2,0.0,2.0
SA,823,914.0,914.0,true,0.4166666666666667,0.0,0.0,B_g00_fc2,0.0,2.0
SA,824,914.0,914.0,true,0.4166666666666667,0.0,0.0,B_g00_fc2,0.0,2.0
SA,825,926.0,926.0,true,0.6666666666666666,0.0,0.0,B_g00_fc2,0.0,2.0
SA,826,918.0,918.0,true,0.5,0.0,0.0,B_g00_fc2,0.0,2.0
SA,827,922.0,922.0,true,0.5833333333333334,0.0,0.0,B_g00_fc2,0.0,2.0
SA,828,926.0,926.0,true,0.6666666666666666,0.0,0.0,B_g00_fc2,0.0,2.0
SA,829,930.0,930.0,true,0.75,0.0,0.0,B_g00_fc2,0.0,2.0
SA,830,918.0,918.0,true,0.5,0.0,0.0,B_g00_fc2,0.0,2.0
SA,831,926.0,926.0,true,0.6666666666666666,0.0,0.0,B_g00_fc2,0.0,2.0
SA,832,914.0,914.0,true,0.4166666666666667,0.0,0.0,B_g00_fc2,0.0,2.0
SA,833,922.0,922.0,true,0.5833333333333334,0.0,0.0,B_g00_fc2,0.0,2.0
SA,834,922.0,922.0,true,0.5833333333333334,0.0,0.0,B_g00_fc2,0.0,2.0
SA,835,918.0,918.0,true,0.5,0.0,0.0,B_g00_fc2,0.0,2.0
SA,836,918.0,918.0,true,0.5,0.0,0.0,B_g00_fc2,0.0,2.0
SA,837,914.0,914.0,true,0.4166666666666667,0.0,0.0,B_g00_fc2,0.0,2.0
SA,838,910.0,910.0,true,0.3333333333333333,0.0,0.0,B_g00_fc2,0.0,2.0
SA,839,926.0,926.0,true,0.6666666666666666,0.0,0.0,B_g00_fc2,0.0,2.0
SA,840,926.0,926.0,true,0.6666666666666666,0.0,0.0,B_g00_fc2,0.0,2.0
SA,841,922.0,922.0,true,0.5833333333333334,0.0,0.0,B_g00_fc2,0.0,2.0
SA,842,926.0,926.0,true,0.6666666666666666,0.0,0.0,B_g00_fc2,0.0,2.0
SA,843,910.0,910.0,true,0.3333333333333333,0.0,0.0,B_g00_fc2,0.0,2.0
SA,844,914.0,914.0,true,0.4166666666666667,0.0,0.0,B_g00_fc2,0.0,2.0
SA,845,922.0,922.0,true,0.5833333333333334,0.0,0.0,B_g00_fc2,0.0,2.0
SA,846,930.0,930.0,true,0.75,0.0,0.0,B_g00_fc2,0.0,2.0
SA,847,930.0,930.0,true,0.75,0.0,0.0,B_g00_fc2,0.0,2.0
SA,848,930.0,930.0,true,0.75,0.0,0.0,B_g00_fc2,0.0,2.0
SA,849,930.0,930.0,true,0.75,0.0,0.0,B_g00_fc2,0.0,2.0
SA,850,914.0,914.0,true,0.4166666666666667,0.0,0.0,B_g00_fc2,0.0,2.0
SA,851,926.0,926.0,true,0.6666666666666666,0.0,0.0,B_g00_fc2,0.0,2.0
SA,852,914.0,914.0,true,0.4166666666666667,0.0,0.0,B_g00_fc2,0.0,2.0
SA,853,926.0,926.0,true,0.6666666666666666,0.0,0.0,B_g00_fc2,0.0,2.0
SA,854,926.0,926.0,true,0.6666666666666666,0.0,0.0,B_g00_fc2,0.0,2.0
SA,855,934.0,934.0,true,0.8333333333333334,0.0,0.0,B_g00_fc2,0.0,2.0
SA,856,926.0,926.0,true,0.6666666666666666,0.0,0.0,B_g00_fc2,0.0,2.0
SA,857,914.0,914.0,true,0.4166666666666667,0.0,0.0,B_g00_fc2,0.0,2.0
SA,858,926.0,926.0,true,0.6666666666666666,0.0,0.0,B_g00_fc2,0.0,2.0
SA,859,934.0,934.0,true,0.8333333333333334,0.0,0.0,B_g00_fc2,0.0,2.0
SA,860,922.0,922.0,true,0.5833333333333334,0.0,0.0,B_g00_fc2,0.0,2.0
SA,861,926.0,926.0,true,0.6666666666666666,0.0,0.0,B_g00_fc2,0.0,2.0
SA,862,922.0,922.0,true,0.5833333333333334,0.0,0.0,B_g00_fc2,0.0,2.0
SA,863,926.0,926.0,true,0.6666666666666666,0.0,0.0,B_g00_fc2,0.0,2.0
SA,864,922.0,922.0,true,0.5833333333333334,0.0,0.0,B_g00_fc2,0.0,2.0
SA,865,922.0,922.0,true,0.5833333333333334,0.0,0.0,B_g00_fc2,0.0,2.0
SA,866,918.0,918.0,true,0.5,0.0,0.0,B_g00_fc2,0.0,2.0
SA,867,922.0,922.0,true,0.5833333333333334,0.0,0.0,B_g00_fc2,0.0,2.0
SA,868,926.0,926.0,true,0.6666666666666666,0.0,0.0,B_g00_fc2,0.0,2.0
SA,869,914.0,914.0,true,0.4166666666666667,0.0,0.0,B_g00_fc2,0.0,2.0
SA,870,930.0,930.0,true,0.75,0.0,0.0,B_g00_fc2,0.0,2.0
SA,871,930.0,930.0,true,0.75,0.0,0.0,B_g00_fc2,0.0,2.0
SA,872,918.0,918.0,true,0.5,0.0,0.0,B_g00_fc2,0.0,2.0
SA,873,914.0,914.0,true,0.4166666666666667,0.0,0.0,B_g00_fc2,0.0,2.0
SA,874,934.0,934.0,true,0.8333333333333334,0.0,0.0,B_g00_fc2,0.0,2.0
SA,875,918.0,918.0,true,0.5,0.0,0.0,B_g00_fc2,0.0,2.0
SA,876,934.0,934.0,true,0.8333333333333334,0.0,0.0,B_g00_fc2,0.0,2.0
SA,877,918.0,918.0,true,0.5,0.0,0.0,B_g00_fc2,0.0,2.0
SA,878,914.0,914.0,true,0.4166666666666667,0.0,0.0,B_g00_fc2,0.0,2.0
SA,879,934.0,934.0,true,0.8333333333333334,0.0,0.0,B_g00_fc2,0.0,2.0
SA,880,926.0,926.0,true,0.6666666666666666,0.0,0.0,B_g00_fc2,0.0,2.0
SA,881,922.0,922.0,true,0.5833333333333334,0.0,0.0,B_g00_fc2,0.0,2.0
SA,882,918.0,918.0,true,0.5,0.0,0.0,B_g00_fc2,0.0,2.0
SA,883,930.0,930.0,true,0.75,0.0,0.0,B_g00_fc2,0.0,2.0
SA,884,930.0,930.0,true,0.75,0.0,0.0,B_g00_fc2,0.0,2.0
SA,885,914.0,914.0,true,0.4166666666666667,0.0,0.0,B_g00_fc2,0.0,2.0
SA,886,918.0,918.0,true,0.5,0.0,0.0,B_g00_fc2,0.0,2.0
SA,887,918.0,918.0,true,0.5,0.0,0.0,B_g00_fc2,0.0,2.0
SA,888,930.0,930.0,true,0.75,0.0,0.0,B_g00_fc2,0.0,2.0
SA,889,926.0,926.0,true,0.6666666666666666,0.0,0.0,B_g00_fc2,0.0,2.0
SA,890,922.0,922.0,true,0.5833333333333334,0.0,0.0,B_g00_fc2,0.0,2.0
SA,891,922.0,922.0,true,0.5833333333333334,0.0,0.0,B_g00_fc2,0.0,2.0
SA,892,922.0,922.0,true,0.5833333333333334,0.0,0.0,B_g00_fc2,0.0,2.0
SA,893,934.0,934.0,true,0.8333333333333334,0.0,0.0,B_g00_fc2,0.0,2.0
SA,894,910.0,910.0,true,0.3333333333333333,0.0,0.0,B_g00_fc2,0.0,2.0
SA,895,914.0,914.0,true,0.4166666666666667,0.0,0.0,B_g00_fc2,0.0,2.0
SA,896,918.0,918.0,true,0.5,0.0,0.0,B_g00_fc2,0.0,2.0
SA,897,922.0,922.0,true,0.5833333333333334,0.0,0.0,B_g00_fc2,0.0,2.0
SA,898,926.0,926.0,true,0.6666666666666666,0.0,0.0,B_g00_fc2,0.0,2.0
SA,899,922.0,922.0,true,0.5833333333333334,0.0,0.0,B_g00_fc2,0.0,2.0
SA,900,930.0,930.0,true,0.75,0.0,0.0,B_g00_fc2,0.0,2.0
SA,901,918.0,918.0,true,0.5,0.0,0.0,B_g00_fc2,0.0,2.0
SA,902,914.0,914.0,true,0.4166666666666667,0.0,0.0,B_g00_fc2,0.0,2.0
SA,903,922.0,922.0,true,0.5833333333333334,0.0,0.0,B_g00_fc2,0.0,2.0
SA,904,922.0,922.0,true,0.5833333333333334,0.0,0.0,B_g00_fc2,0.0,2.0
SA,905,934.0,934.0,true,0.8333333333333334,0.0,0.0,B_g00_fc2,0.0,2.0
SA,906,926.0,926.0,true,0.6666666666666666,0.0,0.0,B_g00_fc2,0.0,2.0
SA,907,914.0,914.0,true,0.4166666666666667,0.0,0.0,B_g00_fc2,0.0,2.0
SA,908,922.0,922.0,true,0.5833333333333334,0.0,0.0,B_g00_fc2,0.0,2.0
SA,909,918.0,918.0,true,0.5,0.0,0.0,B_g00_fc2,0.0,2.0
SA,910,930.0,930.0,true,0.75,0.0,0.0,B_g00_fc2,0.0,2.0
SA,911,930.0,930.0,true,0.75,0.0,0.0,B_g00_fc2,0.0,2.0
SA,912,918.0,918.0,true,0.5,0.0,0.0,B_g00_fc2,0.0,2.0
SA,913,930.0,930.0,true,0.75,0.0,0.0,B_g00_fc2,0.0,2.0
SA,914,926.0,926.0,true,0.6666666666666666,0.0,0.0,B_g00_fc2,0.0,2.0
SA,915,930.0,930.0,true,0.75,0.0,0.0,B_g00_fc2,0.0,2.0
SA,916,922.0,922.0,true,0.5833333333333334,0.0,0.0,B_g00_fc2,0.0,2.0
SA,917,922.0,922.0,true,0.5833333333333334,0.0,0.0,B_g00_fc2,0.0,2.0
SA,918,910.0,910.0,true,0.3333333333333333,0.0,0.0,B_g00_fc2,0.0,2.0
SA,919,918.0,918.0,true,0.5,0.0,0.0,B_g00_fc2,0.0,2.0
SA,920,926.0,926.0,true,0.6666666666666666,0.0,0.0,B_g00_fc2,0.0,2.0
SA,921,926.0,926.0,true,0.6666666666666666,0.0,0.0,B_g00_fc2,0.0,2.0
SA,922,922.0,922.0,true,0.5833333333333334,0.0,0.0,B_g00_fc2,0.0,2.0
SA,923,922.0,922.0,true,0.5833333333333334,0.0,0.0,B_g00_fc2,0.0,2.0
SA,924,922.0,922.0,true,0.5833333333333334,0.0,0.0,B_g00_fc2,0.0,2.0
SA,925,926.0,926.0,true,0.6666666666666666,0.0,0.0,B_g00_fc2,0.0,2.0
SA,926,922.0,922.0,true,0.5833333333333334,0.0,0.0,B_g00_fc2,0.0,2.0
SA,927,918.0,918.0,true,0.5,0.0,0.0,B_g00_fc2,0.0,2.0
SA,928,926.0,926.0,true,0.6666666666666666,0.0,0.0,B_g00_fc2,0.0,2.0
SA,929,926.0,926.0,true,0.6666666666666666,0.0,0.0,B_g00_fc2,0.0,2.0
SA,930,922.0,922.0,true,0.5833333333333334,0.0,0.0,B_g00_fc2,0.0,2.0
SA,931,930.0,930.0,true,0.75,0.0,0.0,B_g00_fc2,0.0,2.0
SA,932,926.0,926.0,true,0.6666666666666666,0.0,0.0,B_g00_fc2,0.0,2.0
SA,933,918.0,918.0,true,0.5,0.0,0.0,B_g00_fc2,0.0,2.0
SA,934,922.0,922.0,true,0.5833333333333334,0.0,0.0,B_g00_fc2,0.0,2.0
SA,935,922.0,922.0,true,0.5833333333333334,0.0,0.0,B_g00_fc2,0.0,2.0
SA,936,926.0,926.0,true,0.6666666666666666,0.0,0.0,B_g00_fc2,0.0,2.0
SA,937,926.0,926.0,true,0.6666666666666666,0.0,0.0,B_g00_fc2,0.0,2.0
SA,938,922.0,922.0,true,0.5833333333333334,0.0,0.0,B_g00_fc2,0.0,2.0
SA,939,922.0,922.0,true,0.5833333333333334,0.0,0.0,B_g00_fc2,0.0,2.0
SA,940,910.0,910.0,true,0.3333333333333333,0.0,0.0,B_g00_fc2,0.0,2.0
SA,941,930.0,930.0,true,0.75,0.0,0.0,B_g00_fc2,0.0,2.0
SA,942,922.0,922.0,true,0.5833333333333334,0.0,0.0,B_g00_fc2,0.0,2.0
SA,943,922.0,922.0,true,0.5833333333333334,0.0,0.0,B_g00_fc2,0.0,2.0
SA,944,922.0,922.0,true,0.5833333333333334,0.0,0.0,B_g00_fc2,0.0,2.0
SA,945,922.0,922.0,true,0.5833333333333334,0.0,0.0,B_g00_fc2,0.0,2.0
SA,946,926.0,926.0,true,0.6666666666666666,0.0,0.0,B_g00_fc2,0.0,2.0
SA,947,922.0,922.0,true,0.5833333333333334,0.0,0.0,B_g00_fc2,0.0,2.0
SA,948,914.0,914.0,true,0.4166666666666667,0.0,0.0,B_g00_fc2,0.0,2.0
SA,949,922.0,922.0,true,0.5833333333333334,0.0,0.0,B_g00_fc2,0.0,2.0
SA,950,918.0,918.0,true,0.5,0.0,0.0,B_g00_fc2,0.0,2.0
SA,951,922.0,922.0,true,0.5833333333333334,0.0,0.0,B_g00_fc2,0.0,2.0
SA,952,910.0,910.0,true,0.3333333333333333,0.0,0.0,B_g00_fc2,0.0,2.0
SA,953,918.0,918.0,true,0.5,0.0,0.0,B_g00_fc2,0.0,2.0
SA,954,922.0,922.0,true,0.5833333333333334,0.0,0.0,B_g00_fc2,0.0,2.0
SA,955,918.0,918.0,true,0.5,0.0,0.0,B_g00_fc2,0.0,2.0
SA,956,914.0,914.0,true,0.4166666666666667,0.0,0.0,B_g00_fc2,0.0,2.0
SA,957,926.0,926.0,true,0.6666666666666666,0.0,0.0,B_g00_fc2,0.0,2.0
SA,958,918.0,918.0,true,0.5,0.0,0.0,B_g00_fc2,0.0,2.0
SA,959,922.0,922.0,true,0.5833333333333334,0.0,0.0,B_g00_fc2,0.0,2.0
SA,960,918.0,918.0,true,0.5,0.0,0.0,B_g00_fc2,0.0,2.0
SA,961,918.0,918.0,true,0.5,0.0,0.0,B_g00_fc2,0.0,2.0
SA,962,914.0,914.0,true,0.4166666666666667,0.0,0.0,B_g00_fc2,0.0,2.0
SA,963,926.0,926.0,true,0.6666666666666666,0.0,0.0,B_g00_fc2,0.0,2.0
SA,964,926.0,926.0,true,0.6666666666666666,0.0,0.0,B_g00_fc2,0.0,2.0
SA,965,930.0,930.0,true,0.75,0.0,0.0,B_g00_fc2,0.0,2.0
SA,966,914.0,914.0,true,0.4166666666666667,0.0,0.0,B_g00_fc2,0.0,2.0
SA,967,930.0,930.0,true,0.75,0.0,0.0,B_g00_fc2,0.0,2.0
SA,968,918.0,918.0,true,0.5,0.0,0.0,B_g00_fc2,0.0,2.0
SA,969,926.0,926.0,true,0.6666666666666666,0.0,0.0,B_g00_fc2,0.0,2.0
SA,970,922.0,922.0,true,0.5833333333333334,0.0,0.0,B_g00_fc2,0.0,2.0
SA,971,926.0,926.0,true,0.6666666666666666,0.0,0.0,B_g00_fc2,0.0,2.0
SA,972,922.0,922.0,true,0.5833333333333334,0.0,0.0,B_g00_fc2,0.0,2.0
SA,973,922.0,922.0,true,0.5833333333333334,0.0,0.0,B_g00_fc2,0.0,2.0
SA,974,934.0,934.0,true,0.8333333333333334,0.0,0.0,B_g00_fc2,0.0,2.0
SA,975,926.0,926.0,true,0.6666666666666666,0.0,0.0,B_g00_fc2,0.0,2.0
SA,976,918.0,918.0,true,0.5,0.0,0.0,B_g00_fc2,0.0,2.0
SA,977,930.0,930.0,true,0.75,0.0,0.0,B_g00_fc2,0.0,2.0
SA,978,926.0,926.0,true,0.6666666666666666,0.0,0.0,B_g00_fc2,0.0,2.0
SA,979,914.0,914.0,true,0.4166666666666667,0.0,0.0,B_g00_fc2,0.0,2.0
SA,980,922.0,922.0,true,0.5833333333333334,0.0,0.0,B_g00_fc2,0.0,2.0
SA,981,922.0,922.0,true,0.5833333333333334,0.0,0.0,B_g00_fc2,0.0,2.0
SA,982,922.0,922.0,true,0.5833333333333334,0.0,0.0,B_g00_fc2,0.0,2.0
SA,983,926.0,926.0,true,0.6666666666666666,0.0,0.0,B_g00_fc2,0.0,2.0
SA,984,926.0,926.0,true,0.6666666666666666,0.0,0.0,B_g00_fc2,0.0,2.0
SA,985,918.0,918.0,true,0.5,0.0,0.0,B_g00_fc2,0.0,2.0
SA,986,926.0,926.0,true,0.6666666666666666,0.0,0.0,B_g00_fc2,0.0,2.0
SA,987,934.0,934.0,true,0.8333333333333334,0.0,0.0,B_g00_fc2,0.0,2.0
SA,988,926.0,926.0,true,0.6666666666666666,0.0,0.0,B_g00_fc2,0.0,2.0
SA,989,926.0,926.0,true,0.6666666666666666,0.0,0.0,B_g00_fc2,0.0,2.0
SA,990,910.0,910.0,true,0.3333333333333333,0.0,0.0,B_g00_fc2,0.0,2.0
SA,991,914.0,914.0,true,0.4166666666666667,0.0,0.0,B_g00_fc2,0.0,2.0
SA,992,930.0,930.0,true,0.75,0.0,0.0,B_g00_fc2,0.0,2.0
SA,993,922.0,922.0,true,0.5833333333333334,0.0,0.0,B_g00_fc2,0.0,2.0
SA,994,934.0,934.0,true,0.8333333333333334,0.0,0.0,B_g00_fc2,0.0,2.0
SA,995,914.0,914.0,true,0.4166666666666667,0.0,0.0,B_g00_fc2,0.0,2.0
SA,996,918.0,918.0,true,0.5,0.0,0.0,B_g00_fc2,0.0,2.0
SA,997,918.0,918.0,true,0.5,0.0,0.0,B_g00_fc2,0.0,2.0
SA,998,918.0,918.0,true,0.5,0.0,0.0,B_g00_fc2,0.0,2.0
SA,999,914.0,914.0,true,0.4166666666666667,0.0,0.0,B_g00_fc2,0.0,2.0
SA,1000,934.0,934.0,true,0.8333333333333334,0.0,0.0,B_g00_fc2,0.0,2.0
SQA,1,934.0,934.0,true,0.8333333333333334,0.0,0.0,B_g00_fc2,0.0,2.0
SQA,2,930.0,926.0,true,0.75,0.0,0.0,B_g00_fc2,0.0,2.0
SQA,3,934.0,930.0,true,0.8333333333333334,0.0,0.0,B_g00_fc2,0.0,2.0
SQA,4,934.0,930.0,true,0.8333333333333334,0.0,0.0,B_g00_fc2,0.0,2.0
SQA,5,934.0,930.0,true,0.8333333333333334,0.0,0.0,B_g00_fc2,0.0,2.0
SQA,6,938.0,938.0,true,0.9166666666666666,0.0,0.0,B_g00_fc2,0.0,2.0
SQA,7,934.0,930.0,true,0.8333333333333334,0.0,0.0,B_g00_fc2,0.0,2.0
SQA,8,934.0,930.0,true,0.8333333333333334,0.0,0.0,B_g00_fc2,0.0,2.0
SQA,9,934.0,930.0,true,0.8333333333333334,0.0,0.0,B_g00_fc2,0.0,2.0
SQA,10,938.0,934.0,true,0.9166666666666666,0.0,0.0,B_g00_fc2,0.0,2.0
SQA,11,934.0,930.0,true,0.8333333333333334,0.0,0.0,B_g00_fc2,0.0,2.0
SQA,12,934.0,930.0,true,0.8333333333333334,0.0,0.0,B_g00_fc2,0.0,2.0
SQA,13,934.0,930.0,true,0.8333333333333334,0.0,0.0,B_g00_fc2,0.0,2.0
SQA,14,938.0,938.0,true,0.9166666666666666,0.0,0.0,B_g00_fc2,0.0,2.0
SQA,15,934.0,930.0,true,0.8333333333333334,0.0,0.0,B_g00_fc2,0.0,2.0
SQA,16,938.0,934.0,true,0.9166666666666666,0.0,0.0,B_g00_fc2,0.0,2.0
SQA,17,934.0,930.0,true,0.8333333333333334,0.0,0.0,B_g00_fc2,0.0,2.0
SQA,18,934.0,930.0,true,0.8333333333333334,0.0,0.0,B_g00_fc2,0.0,2.0
SQA,19,934.0,930.0,true,0.8333333333333334,0.0,0.0,B_g00_fc2,0.0,2.0
SQA,20,938.0,930.0,true,0.9166666666666666,0.0,0.0,B_g00_fc2,0.0,2.0
SQA,21,938.0,934.0,true,0.9166666666666666,0.0,0.0,B_g00_fc2,0.0,2.0
SQA,22,934.0,934.0,true,0.8333333333333334,0.0,0.0,B_g00_fc2,0.0,2.0
SQA,23,934.0,934.0,true,0.8333333333333334,0.0,0.0,B_g00_fc2,0.0,2.0
SQA,24,934.0,930.0,true,0.8333333333333334,0.0,0.0,B_g00_fc2,0.0,2.0
SQA,25,930.0,930.0,true,0.75,0.0,0.0,B_g00_fc2,0.0,2.0
SQA,26,938.0,934.0,true,0.9166666666666666,0.0,0.0,B_g00_fc2,0.0,2.0
SQA,27,938.0,934.0,true,0.9166666666666666,0.0,0.0,B_g00_fc2,0.0,2.0
SQA,28,934.0,934.0,true,0.8333333333333334,0.0,0.0,B_g00_fc2,0.0,2.0
SQA,29,934.0,930.0,true,0.8333333333333334,0.0,0.0,B_g00_fc2,0.0,2.0
SQA,30,930.0,930.0,true,0.75,0.0,0.0,B_g00_fc2,0.0,2.0
SQA,31,934.0,930.0,true,0.8333333333333334,0.0,0.0,B_g00_fc2,0.0,2.0
SQA,32,934.0,926.0,true,0.8333333333333334,0.0,0.0,B_g00_fc2,0.0,2.0
SQA,33,930.0,926.0,true,0.75,0.0,0.0,B_g00_fc2,0.0,2.0
SQA,34,934.0,926.0,true,0.8333333333333334,0.0,0.0,B_g00_fc2,0.0,2.0
SQA,35,934.0,926.0,true,0.8333333333333334,0.0,0.0,B_g00_fc2,0.0,2.0
SQA,36,934.0,930.0,true,0.8333333333333334,0.0,0.0,B_g00_fc2,0.0,2.0
SQA,37,930.0,930.0,true,0.75,0.0,0.0,B_g00_fc2,0.0,2.0
SQA,38,930.0,930.0,true,0.75,0.0,0.0,B_g00_fc2,0.0,2.0
SQA,39,934.0,934.0,true,0.8333333333333334,0.0,0.0,B_g00_fc2,0.0,2.0
SQA,40,930.0,930.0,true,0.75,0.0,0.0,B_g00_fc2,0.0,2.0
SQA,41,930.0,930.0,true,0.75,0.0,0.0,B_g00_fc2,0.0,2.0
SQA,42,930.0,930.0,true,0.75,0.0,0.0,B_g00_fc2,0.0,2.0
SQA,43,930.0,926.0,true,0.75,0.0,0.0,B_g00_fc2,0.0,2.0
SQA,44,934.0,930.0,true,0.8333333333333334,0.0,0.0,B_g00_fc2,0.0,2.0
SQA,45,930.0,926.0,true,0.75,0.0,0.0,B_g00_fc2,0.0,2.0
SQA,46,930.0,930.0,true,0.75,0.0,0.0,B_g00_fc2,0.0,2.0
SQA,47,934.0,934.0,true,0.8333333333333334,0.0,0.0,B_g00_fc2,0.0,2.0
SQA,48,930.0,926.0,true,0.75,0.0,0.0,B_g00_fc2,0.0,2.0
SQA,49,930.0,930.0,true,0.75,0.0,0.0,B_g00_fc2,0.0,2.0
SQA,50,938.0,930.0,true,0.9166666666666666,0.0,0.0,B_g00_fc2,0.0,2.0
SQA,51,934.0,926.0,true,0.8333333333333334,0.0,0.0,B_g00_fc2,0.0,2.0
SQA,52,934.0,930.0,true,0.8333333333333334,0.0,0.0,B_g00_fc2,0.0,2.0
SQA,53,934.0,930.0,true,0.8333333333333334,0.0,0.0,B_g00_fc2,0.0,2.0
SQA,54,938.0,938.0,true,0.9166666666666666,0.0,0.0,B_g00_fc2,0.0,2.0
SQA,55,934.0,930.0,true,0.8333333333333334,0.0,0.0,B_g00_fc2,0.0,2.0
SQA,56,934.0,930.0,true,0.8333333333333334,0.0,0.0,B_g00_fc2,0.0,2.0
SQA,57,934.0,930.0,true,0.8333333333333334,0.0,0.0,B_g00_fc2,0.0,2.0
SQA,58,938.0,934.0,true,0.9166666666666666,0.0,0.0,B_g00_fc2,0.0,2.0
SQA,59,934.0,930.0,true,0.8333333333333334,0.0,0.0,B_g00_fc2,0.0,2.0
SQA,60,930.0,922.0,true,0.75,0.0,0.0,B_g00_fc2,0.0,2.0
SQA,61,934.0,934.0,true,0.8333333333333334,0.0,0.0,B_g00_fc2,0.0,2.0
SQA,62,930.0,930.0,true,0.75,0.0,0.0,B_g00_fc2,0.0,2.0
SQA,63,934.0,934.0,true,0.8333333333333334,0.0,0.0,B_g00_fc2,0.0,2.0
SQA,64,930.0,930.0,true,0.75,0.0,0.0,B_g00_fc2,0.0,2.0
SQA,65,934.0,926.0,true,0.8333333333333334,0.0,0.0,B_g00_fc2,0.0,2.0
SQA,66,934.0,930.0,true,0.8333333333333334,0.0,0.0,B_g00_fc2,0.0,2.0
SQA,67,930.0,926.0,true,0.75,0.0,0.0,B_g00_fc2,0.0,2.0
SQA,68,930.0,926.0,true,0.75,0.0,0.0,B_g00_fc2,0.0,2.0
SQA,69,930.0,930.0,true,0.75,0.0,0.0,B_g00_fc2,0.0,2.0
SQA,70,930.0,930.0,true,0.75,0.0,0.0,B_g00_fc2,0.0,2.0
SQA,71,930.0,930.0,true,0.75,0.0,0.0,B_g00_fc2,0.0,2.0
SQA,72,934.0,930.0,true,0.8333333333333334,0.0,0.0,B_g00_fc2,0.0,2.0
SQA,73,930.0,926.0,true,0.75,0.0,0.0,B_g00_fc2,0.0,2.0
SQA,74,930.0,926.0,true,0.75,0.0,0.0,B_g00_fc2,0.0,2.0
SQA,75,934.0,930.0,true,0.8333333333333334,0.0,0.0,B_g00_fc2,0.0,2.0
SQA,76,930.0,926.0,true,0.75,0.0,0.0,B_g00_fc2,0.0,2.0
SQA,77,934.0,926.0,true,0.8333333333333334,0.0,0.0,B_g00_fc2,0.0,2.0
SQA,78,930.0,930.0,true,0.75,0.0,0.0,B_g00_fc2,0.0,2.0
SQA,79,934.0,934.0,true,0.8333333333333334,0.0,0.0,B_g00_fc2,0.0,2.0
SQA,80,938.0,938.0,true,0.9166666666666666,0.0,0.0,B_g00_fc2,0.0,2.0
SQA,81,930.0,930.0,true,0.75,0.0,0.0,B_g00_fc2,0.0,2.0
SQA,82,938.0,938.0,true,0.9166666666666666,0.0,0.0,B_g00_fc2,0.0,2.0
SQA,83,934.0,926.0,true,0.8333333333333334,0.0,0.0,B_g00_fc2,0.0,2.0
SQA,84,934.0,926.0,true,0.8333333333333334,0.0,0.0,B_g00_fc2,0.0,2.0
SQA,85,934.0,926.0,true,0.8333333333333334,0.0,0.0,B_g00_fc2,0.0,2.0
SQA,86,930.0,930.0,true,0.75,0.0,0.0,B_g00_fc2,0.0,2.0
SQA,87,934.0,930.0,true,0.8333333333333334,0.0,0.0,B_g00_fc2,0.0,2.0
SQA,88,938.0,930.0,true,0.9166666666666666,0.0,0.0,B_g00_fc2,0.0,2.0
SQA,89,930.0,926.0,true,0.75,0.0,0.0,B_g00_fc2,0.0,2.0
SQA,90,930.0,926.0,true,0.75,0.0,0.0,B_g00_fc2,0.0,2.0
SQA,91,930.0,930.0,true,0.75,0.0,0.0,B_g00_fc2,0.0,2.0
SQA,92,934.0,930.0,true,0.8333333333333334,0.0,0.0,B_g00_fc2,0.0,2.0
SQA,93,934.0,934.0,true,0.8333333333333334,0.0,0.0,B_g00_fc2,0.0,2.0
SQA,94,934.0,930.0,true,0.8333333333333334,0.0,0.0,B_g00_fc2,0.0,2.0
SQA,95,934.0,926.0,true,0.8333333333333334,0.0,0.0,B_g00_fc2,0.0,2.0
SQA,96,938.0,938.0,true,0.9166666666666666,0.0,0.0,B_g00_fc2,0.0,2.0
SQA,97,934.0,934.0,true,0.8333333333333334,0.0,0.0,B_g00_fc2,0.0,2.0
SQA,98,934.0,930.0,true,0.8333333333333334,0.0,0.0,B_g00_fc2,0.0,2.0
SQA,99,934.0,930.0,true,0.8333333333333334,0.0,0.0,B_g00_fc2,0.0,2.0
SQA,100,934.0,934.0,true,0.8333333333333334,0.0,0.0,B_g00_fc2,0.0,2.0
SQA,101,930.0,930.0,true,0.75,0.0,0.0,B_g00_fc2,0.0,2.0
SQA,102,930.0,926.0,true,0.75,0.0,0.0,B_g00_fc2,0.0,2.0
SQA,103,934.0,930.0,true,0.8333333333333334,0.0,0.0,B_g00_fc2,0.0,2.0
SQA,104,934.0,934.0,true,0.8333333333333334,0.0,0.0,B_g00_fc2,0.0,2.0
SQA,105,930.0,926.0,true,0.75,0.0,0.0,B_g00_fc2,0.0,2.0
SQA,106,926.0,926.0,true,0.6666666666666666,0.0,0.0,B_g00_fc2,0.0,2.0
SQA,107,934.0,930.0,true,0.8333333333333334,0.0,0.0,B_g00_fc2,0.0,2.0
SQA,108,934.0,930.0,true,0.8333333333333334,0.0,0.0,B_g00_fc2,0.0,2.0
SQA,109,930.0,926.0,true,0.75,0.0,0.0,B_g00_fc2,0.0,2.0
SQA,110,934.0,934.0,true,0.8333333333333334,0.0,0.0,B_g00_fc2,0.0,2.0
SQA,111,930.0,926.0,true,0.75,0.0,0.0,B_g00_fc2,0.0,2.0
SQA,112,930.0,926.0,true,0.75,0.0,0.0,B_g00_fc2,0.0,2.0
SQA,113,930.0,930.0,true,0.75,0.0,0.0,B_g00_fc2,0.0,2.0
SQA,114,934.0,930.0,true,0.8333333333333334,0.0,0.0,B_g00_fc2,0.0,2.0
SQA,115,930.0,926.0,true,0.75,0.0,0.0,B_g00_fc2,0.0,2.0
SQA,116,934.0,934.0,true,0.8333333333333334,0.0,0.0,B_g00_fc2,0.0,2.0
SQA,117,934.0,930.0,true,0.8333333333333334,0.0,0.0,B_g00_fc2,0.0,2.0
SQA,118,934.0,934.0,true,0.8333333333333334,0.0,0.0,B_g00_fc2,0.0,2.0
SQA,119,934.0,930.0,true,0.8333333333333334,0.0,0.0,B_g00_fc2,0.0,2.0
SQA,120,938.0,934.0,true,0.9166666666666666,0.0,0.0,B_g00_fc2,0.0,2.0
SQA,121,938.0,938.0,true,0.9166666666666666,0.0,0.0,B_g00_fc2,0.0,2.0
SQA,122,934.0,930.0,true,0.8333333333333334,0.0,0.0,B_g00_fc2,0.0,2.0
SQA,123,934.0,926.0,true,0.8333333333333334,0.0,0.0,B_g00_fc2,0.0,2.0
SQA,124,934.0,926.0,true,0.8333333333333334,0.0,0.0,B_g00_fc2,0.0,2.0
SQA,125,930.0,930.0,true,0.75,0.0,0.0,B_g00_fc2,0.0,2.0
SQA,126,930.0,930.0,true,0.75,0.0,0.0,B_g00_fc2,0.0,2.0
SQA,127,930.0,930.0,true,0.75,0.0,0.0,B_g00_fc2,0.0,2.0
SQA,128,938.0,930.0,true,0.9166666666666666,0.0,0.0,B_g00_fc2,0.0,2.0
SQA,129,934.0,930.0,true,0.8333333333333334,0.0,0.0,B_g00_fc2,0.0,2.0
SQA,130,926.0,922.0,true,0.6666666666666666,0.0,0.0,B_g00_fc2,0.0,2.0
SQA,131,938.0,930.0,true,0.9166666666666666,0.0,0.0,B_g00_fc2,0.0,2.0
SQA,132,934.0,934.0,true,0.8333333333333334,0.0,0.0,B_g00_fc2,0.0,2.0
SQA,133,930.0,930.0,true,0.75,0.0,0.0,B_g00_fc2,0.0,2.0
SQA,134,934.0,930.0,true,0.8333333333333334,0.0,0.0,B_g00_fc2,0.0,2.0
SQA,135,934.0,930.0,true,0.8333333333333334,0.0,0.0,B_g00_fc2,0.0,2.0
SQA,136,930.0,926.0,true,0.75,0.0,0.0,B_g00_fc2,0.0,2.0
SQA,137,926.0,922.0,true,0.6666666666666666,0.0,0.0,B_g00_fc2,0.0,2.0
SQA,138,930.0,926.0,true,0.75,0.0,0.0,B_g00_fc2,0.0,2.0
SQA,139,934.0,934.0,true,0.8333333333333334,0.0,0.0,B_g00_fc2,0.0,2.0
SQA,140,934.0,934.0,true,0.8333333333333334,0.0,0.0,B_g00_fc2,0.0,2.0
SQA,141,934.0,934.0,true,0.8333333333333334,0.0,0.0,B_g00_fc2,0.0,2.0
SQA,142,934.0,930.0,true,0.8333333333333334,0.0,0.0,B_g00_fc2,0.0,2.0
SQA,143,934.0,930.0,true,0.8333333333333334,0.0,0.0,B_g00_fc2,0.0,2.0
SQA,144,938.0,930.0,true,0.9166666666666666,0.0,0.0,B_g00_fc2,0.0,2.0
SQA,145,934.0,930.0,true,0.8333333333333334,0.0,0.0,B_g00_fc2,0.0,2.0
SQA,146,934.0,930.0,true,0.8333333333333334,0.0,0.0,B_g00_fc2,0.0,2.0
SQA,147,934.0,926.0,true,0.8333333333333334,0.0,0.0,B_g00_fc2,0.0,2.0
SQA,148,934.0,930.0,true,0.8333333333333334,0.0,0.0,B_g00_fc2,0.0,2.0
SQA,149,938.0,934.0,true,0.9166666666666666,0.0,0.0,B_g00_fc2,0.0,2.0
SQA,150,934.0,930.0,true,0.8333333333333334,0.0,0.0,B_g00_fc2,0.0,2.0
SQA,151,934.0,930.0,true,0.8333333333333334,0.0,0.0,B_g00_fc2,0.0,2.0
SQA,152,934.0,930.0,true,0.8333333333333334,0.0,0.0,B_g00_fc2,0.0,2.0
SQA,153,930.0,926.0,true,0.75,0.0,0.0,B_g00_fc2,0.0,2.0
SQA,154,934.0,934.0,true,0.8333333333333334,0.0,0.0,B_g00_fc2,0.0,2.0
SQA,155,930.0,930.0,true,0.75,0.0,0.0,B_g00_fc2,0.0,2.0
SQA,156,938.0,934.0,true,0.9166666666666666,0.0,0.0,B_g00_fc2,0.0,2.0
SQA,157,930.0,926.0,true,0.75,0.0,0.0,B_g00_fc2,0.0,2.0
SQA,158,930.0,926.0,true,0.75,0.0,0.0,B_g00_fc2,0.0,2.0
SQA,159,934.0,926.0,true,0.8333333333333334,0.0,0.0,B_g00_fc2,0.0,2.0
SQA,160,934.0,930.0,true,0.8333333333333334,0.0,0.0,B_g00_fc2,0.0,2.0
SQA,161,934.0,930.0,true,0.8333333333333334,0.0,0.0,B_g00_fc2,0.0,2.0
SQA,162,938.0,926.0,true,0.9166666666666666,0.0,0.0,B_g00_fc2,0.0,2.0
SQA,163,938.0,934.0,true,0.9166666666666666,0.0,0.0,B_g00_fc2,0.0,2.0
SQA,164,934.0,934.0,true,0.8333333333333334,0.0,0.0,B_g00_fc2,0.0,2.0
SQA,165,930.0,930.0,true,0.75,0.0,0.0,B_g00_fc2,0.0,2.0
SQA,166,934.0,926.0,true,0.8333333333333334,0.0,0.0,B_g00_fc2,0.0,2.0
SQA,167,934.0,926.0,true,0.8333333333333334,0.0,0.0,B_g00_fc2,0.0,2.0
SQA,168,930.0,926.0,true,0.75,0.0,0.0,B_g00_fc2,0.0,2.0
SQA,169,934.0,930.0,true,0.8333333333333334,0.0,0.0,B_g00_fc2,0.0,2.0
SQA,170,934.0,930.0,true,0.8333333333333334,0.0,0.0,B_g00_fc2,0.0,2.0
SQA,171,930.0,926.0,true,0.75,0.0,0.0,B_g00_fc2,0.0,2.0
SQA,172,934.0,930.0,true,0.8333333333333334,0.0,0.0,B_g00_fc2,0.0,2.0
SQA,173,938.0,934.0,true,0.9166666666666666,0.0,0.0,B_g00_fc2,0.0,2.0
SQA,174,934.0,934.0,true,0.8333333333333334,0.0,0.0,B_g00_fc2,0.0,2.0
SQA,175,934.0,934.0,true,0.8333333333333334,0.0,0.0,B_g00_fc2,0.0,2.0
SQA,176,938.0,938.0,true,0.9166666666666666,0.0,0.0,B_g00_fc2,0.0,2.0
SQA,177,934.0,930.0,true,0.8333333333333334,0.0,0.0,B_g00_fc2,0.0,2.0
SQA,178,934.0,930.0,true,0.8333333333333334,0.0,0.0,B_g00_fc2,0.0,2.0
SQA,179,934.0,930.0,true,0.8333333333333334,0.0,0.0,B_g00_fc2,0.0,2.0
SQA,180,938.0,930.0,true,0.9166666666666666,0.0,0.0,B_g00_fc2,0.0,2.0
SQA,181,934.0,934.0,true,0.8333333333333334,0.0,0.0,B_g00_fc2,0.0,2.0
SQA,182,934.0,930.0,true,0.8333333333333334,0.0,0.0,B_g00_fc2,0.0,2.0
SQA,183,930.0,926.0,true,0.75,0.0,0.0,B_g00_fc2,0.0,2.0
SQA,184,938.0,938.0,true,0.9166666666666666,0.0,0.0,B_g00_fc2,0.0,2.0
SQA,185,938.0,930.0,true,0.9166666666666666,0.0,0.0,B_g00_fc2,0.0,2.0
SQA,186,934.0,934.0,true,0.8333333333333334,0.0,0.0,B_g00_fc2,0.0,2.0
SQA,187,938.0,934.0,true,0.9166666666666666,0.0,0.0,B_g00_fc2,0.0,2.0
SQA,188,934.0,930.0,true,0.8333333333333334,0.0,0.0,B_g00_fc2,0.0,2.0
SQA,189,934.0,930.0,true,0.8333333333333334,0.0,0.0,B_g00_fc2,0.0,2.0
SQA,190,930.0,926.0,true,0.75,0.0,0.0,B_g00_fc2,0.0,2.0
SQA,191,930.0,926.0,true,0.75,0.0,0.0,B_g00_fc2,0.0,2.0
SQA,192,934.0,930.0,true,0.8333333333333334,0.0,0.0,B_g00_fc2,0.0,2.0
SQA,193,934.0,930.0,true,0.8333333333333334,0.0,0.0,B_g00_fc2,0.0,2.0
SQA,194,934.0,930.0,true,0.8333333333333334,0.0,0.0,B_g00_fc2,0.0,2.0
SQA,195,934.0,926.0,true,0.8333333333333334,0.0,0.0,B_g00_fc2,0.0,2.0
SQA,196,938.0,934.0,true,0.9166666666666666,0.0,0.0,B_g00_fc2,0.0,2.0
SQA,197,934.0,930.0,true,0.8333333333333334,0.0,0.0,B_g00_fc2,0.0,2.0
SQA,198,930.0,926.0,true,0.75,0.0,0.0,B_g00_fc2,0.0,2.0
SQA,199,934.0,926.0,true,0.8333333333333334,0.0,0.0,B_g00_fc2,0.0,2.0
SQA,200,930.0,930.0,true,0.75,0.0,0.0,B_g00_fc2,0.0,2.0
SQA,201,930.0,930.0,true,0.75,0.0,0.0,B_g00_fc2,0.0,2.0
SQA,202,934.0,926.0,true,0.8333333333333334,0.0,0.0,B_g00_fc2,0.0,2.0
SQA,203,930.0,930.0,true,0.75,0.0,0.0,B_g00_fc2,0.0,2.0
SQA,204,938.0,930.0,true,0.9166666666666666,0.0,0.0,B_g00_fc2,0.0,2.0
SQA,205,938.0,930.0,true,0.9166666666666666,0.0,0.0,B_g00_fc2,0.0,2.0
SQA,206,938.0,930.0,true,0.9166666666666666,0.0,0.0,B_g00_fc2,0.0,2.0
SQA,207,934.0,930.0,true,0.8333333333333334,0.0,0.0,B_g00_fc2,0.0,2.0
SQA,208,934.0,930.0,true,0.8333333333333334,0.0,0.0,B_g00_fc2,0.0,2.0
SQA,209,934.0,926.0,true,0.8333333333333334,0.0,0.0,B_g00_fc2,0.0,2.0
SQA,210,934.0,934.0,true,0.8333333333333334,0.0,0.0,B_g00_fc2,0.0,2.0
SQA,211,934.0,930.0,true,0.8333333333333334,0.0,0.0,B_g00_fc2,0.0,2.0
SQA,212,930.0,930.0,true,0.75,0.0,0.0,B_g00_fc2,0.0,2.0
SQA,213,934.0,930.0,true,0.8333333333333334,0.0,0.0,B_g00_fc2,0.0,2.0
SQA,214,934.0,934.0,true,0.8333333333333334,0.0,0.0,B_g00_fc2,0.0,2.0
SQA,215,934.0,934.0,true,0.8333333333333334,0.0,0.0,B_g00_fc2,0.0,2.0
SQA,216,930.0,930.0,true,0.75,0.0,0.0,B_g00_fc2,0.0,2.0
SQA,217,934.0,930.0,true,0.8333333333333334,0.0,0.0,B_g00_fc2,0.0,2.0
SQA,218,930.0,930.0,true,0.75,0.0,0.0,B_g00_fc2,0.0,2.0
SQA,219,934.0,930.0,true,0.8333333333333334,0.0,0.0,B_g00_fc2,0.0,2.0
SQA,220,934.0,930.0,true,0.8333333333333334,0.0,0.0,B_g00_fc2,0.0,2.0
SQA,221,934.0,934.0,true,0.8333333333333334,0.0,0.0,B_g00_fc2,0.0,2.0
SQA,222,930.0,930.0,true,0.75,0.0,0.0,B_g00_fc2,0.0,2.0
SQA,223,934.0,934.0,true,0.8333333333333334,0.0,0.0,B_g00_fc2,0.0,2.0
SQA,224,938.0,934.0,true,0.9166666666666666,0.0,0.0,B_g00_fc2,0.0,2.0
SQA,225,930.0,930.0,true,0.75,0.0,0.0,B_g00_fc2,0.0,2.0
SQA,226,930.0,922.0,true,0.75,0.0,0.0,B_g00_fc2,0.0,2.0
SQA,227,934.0,930.0,true,0.8333333333333334,0.0,0.0,B_g00_fc2,0.0,2.0
SQA,228,930.0,926.0,true,0.75,0.0,0.0,B_g00_fc2,0.0,2.0
SQA,229,934.0,930.0,true,0.8333333333333334,0.0,0.0,B_g00_fc2,0.0,2.0
SQA,230,934.0,934.0,true,0.8333333333333334,0.0,0.0,B_g00_fc2,0.0,2.0
SQA,231,934.0,934.0,true,0.8333333333333334,0.0,0.0,B_g00_fc2,0.0,2.0
SQA,232,938.0,938.0,true,0.9166666666666666,0.0,0.0,B_g00_fc2,0.0,2.0
SQA,233,930.0,930.0,true,0.75,0.0,0.0,B_g00_fc2,0.0,2.0
SQA,234,938.0,938.0,true,0.9166666666666666,0.0,0.0,B_g00_fc2,0.0,2.0
SQA,235,934.0,930.0,true,0.8333333333333334,0.0,0.0,B_g00_fc2,0.0,2.0
SQA,236,934.0,930.0,true,0.8333333333333334,0.0,0.0,B_g00_fc2,0.0,2.0
SQA,237,934.0,934.0,true,0.8333333333333334,0.0,0.0,B_g00_fc2,0.0,2.0
SQA,238,934.0,934.0,true,0.8333333333333334,0.0,0.0,B_g00_fc2,0.0,2.0
SQA,239,934.0,926.0,true,0.8333333333333334,0.0,0.0,B_g00_fc2,0.0,2.0
SQA,240,934.0,930.0,true,0.8333333333333334,0.0,0.0,B_g00_fc2,0.0,2.0
SQA,241,938.0,938.0,true,0.9166666666666666,0.0,0.0,B_g00_fc2,0.0,2.0
SQA,242,934.0,930.0,true,0.8333333333333334,0.0,0.0,B_g00_fc2,0.0,2.0
SQA,243,930.0,930.0,true,0.75,0.0,0.0,B_g00_fc2,0.0,2.0
SQA,244,938.0,934.0,true,0.9166666666666666,0.0,0.0,B_g00_fc2,0.0,2.0
SQA,245,934.0,930.0,true,0.8333333333333334,0.0,0.0,B_g00_fc2,0.0,2.0
SQA,246,938.0,938.0,true,0.9166666666666666,0.0,0.0,B_g00_fc2,0.0,2.0
SQA,247,930.0,926.0,true,0.75,0.0,0.0,B_g00_fc2,0.0,2.0
SQA,248,934.0,930.0,true,0.8333333333333334,0.0,0.0,B_g00_fc2,0.0,2.0
SQA,249,930.0,926.0,true,0.75,0.0,0.0,B_g00_fc2,0.0,2.0
SQA,250,934.0,926.0,true,0.8333333333333334,0.0,0.0,B_g00_fc2,0.0,2.0
SQA,251,938.0,938.0,true,0.9166666666666666,0.0,0.0,B_g00_fc2,0.0,2.0
SQA,252,938.0,934.0,true,0.9166666666666666,0.0,0.0,B_g00_fc2,0.0,2.0
SQA,253,934.0,934.0,true,0.8333333333333334,0.0,0.0,B_g00_fc2,0.0,2.0
SQA,254,930.0,930.0,true,0.75,0.0,0.0,B_g00_fc2,0.0,2.0
SQA,255,938.0,938.0,true,0.9166666666666666,0.0,0.0,B_g00_fc2,0.0,2.0
SQA,256,934.0,930.0,true,0.8333333333333334,0.0,0.0,B_g00_fc2,0.0,2.0
SQA,257,930.0,930.0,true,0.75,0.0,0.0,B_g00_fc2,0.0,2.0
SQA,258,934.0,926.0,true,0.8333333333333334,0.0,0.0,B_g00_fc2,0.0,2.0
SQA,259,938.0,934.0,true,0.9166666666666666,0.0,0.0,B_g00_fc2,0.0,2.0
SQA,260,930.0,930.0,true,0.75,0.0,0.0,B_g00_fc2,0.0,2.0
SQA,261,938.0,934.0,true,0.9166666666666666,0.0,0.0,B_g00_fc2,0.0,2.0
SQA,262,938.0,938.0,true,0.9166666666666666,0.0,0.0,B_g00_fc2,0.0,2.0
SQA,263,926.0,926.0,true,0.6666666666666666,0.0,0.0,B_g00_fc2,0.0,2.0
SQA,264,930.0,930.0,true,0.75,0.0,0.0,B_g00_fc2,0.0,2.0
SQA,265,930.0,926.0,true,0.75,0.0,0.0,B_g00_fc2,0.0,2.0
SQA,266,938.0,938.0,true,0.9166666666666666,0.0,0.0,B_g00_fc2,0.0,2.0
SQA,267,938.0,934.0,true,0.9166666666666666,0.0,0.0,B_g00_fc2,0.0,2.0
SQA,268,930.0,926.0,true,0.75,0.0,0.0,B_g00_fc2,0.0,2.0
SQA,269,934.0,930.0,true,0.8333333333333334,0.0,0.0,B_g00_fc2,0.0,2.0
SQA,270,934.0,930.0,true,0.8333333333333334,0.0,0.0,B_g00_fc2,0.0,2.0
SQA,271,934.0,930.0,true,0.8333333333333334,0.0,0.0,B_g00_fc2,0.0,2.0
SQA,272,934.0,934.0,true,0.8333333333333334,0.0,0.0,B_g00_fc2,0.0,2.0
SQA,273,930.0,926.0,true,0.75,0.0,0.0,B_g00_fc2,0.0,2.0
SQA,274,938.0,930.0,true,0.9166666666666666,0.0,0.0,B_g00_fc2,0.0,2.0
SQA,275,934.0,926.0,true,0.8333333333333334,0.0,0.0,B_g00_fc2,0.0,2.0
SQA,276,930.0,926.0,true,0.75,0.0,0.0,B_g00_fc2,0.0,2.0
SQA,277,938.0,938.0,true,0.9166666666666666,0.0,0.0,B_g00_fc2,0.0,2.0
SQA,278,934.0,926.0,true,0.8333333333333334,0.0,0.0,B_g00_fc2,0.0,2.0
SQA,279,938.0,934.0,true,0.9166666666666666,0.0,0.0,B_g00_fc2,0.0,2.0
SQA,280,930.0,922.0,true,0.75,0.0,0.0,B_g00_fc2,0.0,2.0
SQA,281,934.0,930.0,true,0.8333333333333334,0.0,0.0,B_g00_fc2,0.0,2.0
SQA,282,938.0,938.0,true,0.9166666666666666,0.0,0.0,B_g00_fc2,0.0,2.0
SQA,283,938.0,934.0,true,0.9166666666666666,0.0,0.0,B_g00_fc2,0.0,2.0
SQA,284,934.0,934.0,true,0.8333333333333334,0.0,0.0,B_g00_fc2,0.0,2.0
SQA,285,930.0,926.0,true,0.75,0.0,0.0,B_g00_fc2,0.0,2.0
SQA,286,938.0,934.0,true,0.9166666666666666,0.0,0.0,B_g00_fc2,0.0,2.0
SQA,287,930.0,930.0,true,0.75,0.0,0.0,B_g00_fc2,0.0,2.0
SQA,288,938.0,930.0,true,0.9166666666666666,0.0,0.0,B_g00_fc2,0.0,2.0
SQA,289,930.0,926.0,true,0.75,0.0,0.0,B_g00_fc2,0.0,2.0
SQA,290,934.0,926.0,true,0.8333333333333334,0.0,0.0,B_g00_fc2,0.0,2.0
SQA,291,930.0,930.0,true,0.75,0.0,0.0,B_g00_fc2,0.0,2.0
SQA,292,934.0,930.0,true,0.8333333333333334,0.0,0.0,B_g00_fc2,0.0,2.0
SQA,293,930.0,930.0,true,0.75,0.0,0.0,B_g00_fc2,0.0,2.0
SQA,294,934.0,930.0,true,0.8333333333333334,0.0,0.0,B_g00_fc2,0.0,2.0
SQA,295,930.0,926.0,true,0.75,0.0,0.0,B_g00_fc2,0.0,2.0
SQA,296,934.0,930.0,true,0.8333333333333334,0.0,0.0,B_g00_fc2,0.0,2.0
SQA,297,934.0,930.0,true,0.8333333333333334,0.0,0.0,B_g00_fc2,0.0,2.0
SQA,298,934.0,930.0,true,0.8333333333333334,0.0,0.0,B_g00_fc2,0.0,2.0
SQA,299,930.0,930.0,true,0.75,0.0,0.0,B_g00_fc2,0.0,2.0
SQA,300,938.0,938.0,true,0.9166666666666666,0.0,0.0,B_g00_fc2,0.0,2.0
SQA,301,934.0,934.0,true,0.8333333333333334,0.0,0.0,B_g00_fc2,0.0,2.0
SQA,302,934.0,930.0,true,0.8333333333333334,0.0,0.0,B_g00_fc2,0.0,2.0
SQA,303,934.0,934.0,true,0.8333333333333334,0.0,0.0,B_g00_fc2,0.0,2.0
SQA,304,934.0,930.0,true,0.8333333333333334,0.0,0.0,B_g00_fc2,0.0,2.0
SQA,305,930.0,930.0,true,0.75,0.0,0.0,B_g00_fc2,0.0,2.0
SQA,306,938.0,930.0,true,0.9166666666666666,0.0,0.0,B_g00_fc2,0.0,2.0
SQA,307,934.0,930.0,true,0.8333333333333334,0.0,0.0,B_g00_fc2,0.0,2.0
SQA,308,934.0,930.0,true,0.8333333333333334,0.0,0.0,B_g00_fc2,0.0,2.0
SQA,309,934.0,934.0,true,0.8333333333333334,0.0,0.0,B_g00_fc2,0.0,2.0
SQA,310,930.0,930.0,true,0.75,0.0,0.0,B_g00_fc2,0.0,2.0
SQA,311,934.0,926.0,true,0.8333333333333334,0.0,0.0,B_g00_fc2,0.0,2.0
SQA,312,934.0,930.0,true,0.8333333333333334,0.0,0.0,B_g00_fc2,0.0,2.0
SQA,313,938.0,934.0,true,0.9166666666666666,0.0,0.0,B_g00_fc2,0.0,2.0
SQA,314,938.0,930.0,true,0.9166666666666666,0.0,0.0,B_g00_fc2,0.0,2.0
SQA,315,934.0,930.0,true,0.8333333333333334,0.0,0.0,B_g00_fc2,0.0,2.0
SQA,316,930.0,926.0,true,0.75,0.0,0.0,B_g00_fc2,0.0,2.0
SQA,317,934.0,926.0,true,0.8333333333333334,0.0,0.0,B_g00_fc2,0.0,2.0
SQA,318,926.0,926.0,true,0.6666666666666666,0.0,0.0,B_g00_fc2,0.0,2.0
SQA,319,934.0,926.0,true,0.8333333333333334,0.0,0.0,B_g00_fc2,0.0,2.0
SQA,320,934.0,930.0,true,0.8333333333333334,0.0,0.0,B_g00_fc2,0.0,2.0
SQA,321,934.0,934.0,true,0.8333333333333334,0.0,0.0,B_g00_fc2,0.0,2.0
SQA,322,938.0,934.0,true,0.9166666666666666,0.0,0.0,B_g00_fc2,0.0,2.0
SQA,323,934.0,934.0,true,0.8333333333333334,0.0,0.0,B_g00_fc2,0.0,2.0
SQA,324,934.0,934.0,true,0.8333333333333334,0.0,0.0,B_g00_fc2,0.0,2.0
SQA,325,938.0,934.0,true,0.9166666666666666,0.0,0.0,B_g00_fc2,0.0,2.0
SQA,326,934.0,930.0,true,0.8333333333333334,0.0,0.0,B_g00_fc2,0.0,2.0
SQA,327,934.0,930.0,true,0.8333333333333334,0.0,0.0,B_g00_fc2,0.0,2.0
SQA,328,934.0,934.0,true,0.8333333333333334,0.0,0.0,B_g00_fc2,0.0,2.0
SQA,329,930.0,930.0,true,0.75,0.0,0.0,B_g00_fc2,0.0,2.0
SQA,330,930.0,930.0,true,0.75,0.0,0.0,B_g00_fc2,0.0,2.0
SQA,331,934.0,926.0,true,0.8333333333333334,0.0,0.0,B_g00_fc2,0.0,2.0
SQA,332,934.0,930.0,true,0.8333333333333334,0.0,0.0,B_g00_fc2,0.0,2.0
SQA,333,934.0,926.0,true,0.8333333333333334,0.0,0.0,B_g00_fc2,0.0,2.0
SQA,334,934.0,930.0,true,0.8333333333333334,0.0,0.0,B_g00_fc2,0.0,2.0
SQA,335,934.0,930.0,true,0.8333333333333334,0.0,0.0,B_g00_fc2,0.0,2.0
SQA,336,930.0,926.0,true,0.75,0.0,0.0,B_g00_fc2,0.0,2.0
SQA,337,934.0,930.0,true,0.8333333333333334,0.0,0.0,B_g00_fc2,0.0,2.0
SQA,338,938.0,930.0,true,0.9166666666666666,0.0,0.0,B_g00_fc2,0.0,2.0
SQA,339,934.0,930.0,true,0.8333333333333334,0.0,0.0,B_g00_fc2,0.0,2.0
SQA,340,934.0,930.0,true,0.8333333333333334,0.0,0.0,B_g00_fc2,0.0,2.0
SQA,341,938.0,934.0,true,0.9166666666666666,0.0,0.0,B_g00_fc2,0.0,2.0
SQA,342,934.0,930.0,true,0.8333333333333334,0.0,0.0,B_g00_fc2,0.0,2.0
SQA,343,938.0,938.0,true,0.9166666666666666,0.0,0.0,B_g00_fc2,0.0,2.0
SQA,344,934.0,934.0,true,0.8333333333333334,0.0,0.0,B_g00_fc2,0.0,2.0
SQA,345,938.0,934.0,true,0.9166666666666666,0.0,0.0,B_g00_fc2,0.0,2.0
SQA,346,934.0,930.0,true,0.8333333333333334,0.0,0.0,B_g00_fc2,0.0,2.0
SQA,347,934.0,930.0,true,0.8333333333333334,0.0,0.0,B_g00_fc2,0.0,2.0
SQA,348,938.0,934.0,true,0.9166666666666666,0.0,0.0,B_g00_fc2,0.0,2.0
SQA,349,938.0,930.0,true,0.9166666666666666,0.0,0.0,B_g00_fc2,0.0,2.0
SQA,350,934.0,926.0,true,0.8333333333333334,0.0,0.0,B_g00_fc2,0.0,2.0
SQA,351,934.0,934.0,true,0.8333333333333334,0.0,0.0,B_g00_fc2,0.0,2.0
SQA,352,934.0,930.0,true,0.8333333333333334,0.0,0.0,B_g00_fc2,0.0,2.0
SQA,353,930.0,926.0,true,0.75,0.0,0.0,B_g00_fc2,0.0,2.0
SQA,354,934.0,930.0,true,0.8333333333333334,0.0,0.0,B_g00_fc2,0.0,2.0
SQA,355,938.0,934.0,true,0.9166666666666666,0.0,0.0,B_g00_fc2,0.0,2.0
SQA,356,934.0,934.0,true,0.8333333333333334,0.0,0.0,B_g00_fc2,0.0,2.0
SQA,357,938.0,934.0,true,0.9166666666666666,0.0,0.0,B_g00_fc2,0.0,2.0
SQA,358,938.0,930.0,true,0.9166666666666666,0.0,0.0,B_g00_fc2,0.0,2.0
SQA,359,938.0,934.0,true,0.9166666666666666,0.0,0.0,B_g00_fc2,0.0,2.0
SQA,360,938.0,938.0,true,0.9166666666666666,0.0,0.0,B_g00_fc2,0.0,2.0
SQA,361,934.0,930.0,true,0.8333333333333334,0.0,0.0,B_g00_fc2,0.0,2.0
SQA,362,934.0,930.0,true,0.8333333333333334,0.0,0.0,B_g00_fc2,0.0,2.0
SQA,363,934.0,930.0,true,0.8333333333333334,0.0,0.0,B_g00_fc2,0.0,2.0
SQA,364,938.0,934.0,true,0.9166666666666666,0.0,0.0,B_g00_fc2,0.0,2.0
SQA,365,938.0,930.0,true,0.9166666666666666,0.0,0.0,B_g00_fc2,0.0,2.0
SQA,366,934.0,930.0,true,0.8333333333333334,0.0,0.0,B_g00_fc2,0.0,2.0
SQA,367,934.0,930.0,true,0.8333333333333334,0.0,0.0,B_g00_fc2,0.0,2.0
SQA,368,934.0,930.0,true,0.8333333333333334,0.0,0.0,B_g00_fc2,0.0,2.0
SQA,369,934.0,934.0,true,0.8333333333333334,0.0,0.0,B_g00_fc2,0.0,2.0
SQA,370,934.0,930.0,true,0.8333333333333334,0.0,0.0,B_g00_fc2,0.0,2.0
SQA,371,934.0,930.0,true,0.8333333333333334,0.0,0.0,B_g00_fc2,0.0,2.0
SQA,372,934.0,934.0,true,0.8333333333333334,0.0,0.0,B_g00_fc2,0.0,2.0
SQA,373,930.0,926.0,true,0.75,0.0,0.0,B_g00_fc2,0.0,2.0
SQA,374,938.0,934.0,true,0.9166666666666666,0.0,0.0,B_g00_fc2,0.0,2.0
SQA,375,934.0,930.0,true,0.8333333333333334,0.0,0.0,B_g00_fc2,0.0,2.0
SQA,376,938.0,930.0,true,0.9166666666666666,0.0,0.0,B_g00_fc2,0.0,2.0
SQA,377,934.0,930.0,true,0.8333333333333334,0.0,0.0,B_g00_fc2,0.0,2.0
SQA,378,930.0,926.0,true,0.75,0.0,0.0,B_g00_fc2,0.0,2.0
SQA,379,930.0,922.0,true,0.75,0.0,0.0,B_g00_fc2,0.0,2.0
SQA,380,934.0,930.0,true,0.8333333333333334,0.0,0.0,B_g00_fc2,0.0,2.0
SQA,381,934.0,930.0,true,0.8333333333333334,0.0,0.0,B_g00_fc2,0.0,2.0
SQA,382,938.0,930.0,true,0.9166666666666666,0.0,0.0,B_g00_fc2,0.0,2.0
SQA,383,934.0,930.0,true,0.8333333333333334,0.0,0.0,B_g00_fc2,0.0,2.0
SQA,384,934.0,930.0,true,0.8333333333333334,0.0,0.0,B_g00_fc2,0.0,2.0
SQA,385,934.0,934.0,true,0.8333333333333334,0.0,0.0,B_g00_fc2,0.0,2.0
SQA,386,938.0,934.0,true,0.9166666666666666,0.0,0.0,B_g00_fc2,0.0,2.0
SQA,387,934.0,934.0,true,0.8333333333333334,0.0,0.0,B_g00_fc2,0.0,2.0
SQA,388,934.0,930.0,true,0.8333333333333334,0.0,0.0,B_g00_fc2,0.0,2.0
SQA,389,934.0,934.0,true,0.8333333333333334,0.0,0.0,B_g00_fc2,0.0,2.0
SQA,390,938.0,934.0,true,0.9166666666666666,0.0,0.0,B_g00_fc2,0.0,2.0
SQA,391,934.0,930.0,true,0.8333333333333334,0.0,0.0,B_g00_fc2,0.0,2.0
SQA,392,934.0,926.0,true,0.8333333333333334,0.0,0.0,B_g00_fc2,0.0,2.0
SQA,393,934.0,930.0,true,0.8333333333333334,0.0,0.0,B_g00_fc2,0.0,2.0
SQA,394,930.0,926.0,true,0.75,0.0,0.0,B_g00_fc2,0.0,2.0
SQA,395,930.0,930.0,true,0.75,0.0,0.0,B_g00_fc2,0.0,2.0
SQA,396,938.0,934.0,true,0.9166666666666666,0.0,0.0,B_g00_fc2,0.0,2.0
SQA,397,934.0,934.0,true,0.8333333333333334,0.0,0.0,B_g00_fc2,0.0,2.0
SQA,398,934.0,930.0,true,0.8333333333333334,0.0,0.0,B_g00_fc2,0.0,2.0
SQA,399,938.0,938.0,true,0.9166666666666666,0.0,0.0,B_g00_fc2,0.0,2.0
SQA,400,930.0,926.0,true,0.75,0.0,0.0,B_g00_fc2,0.0,2.0
SQA,401,934.0,934.0,true,0.8333333333333334,0.0,0.0,B_g00_fc2,0.0,2.0
SQA,402,930.0,930.0,true,0.75,0.0,0.0,B_g00_fc2,0.0,2.0
SQA,403,930.0,930.0,true,0.75,0.0,0.0,B_g00_fc2,0.0,2.0
SQA,404,934.0,930.0,true,0.8333333333333334,0.0,0.0,B_g00_fc2,0.0,2.0
SQA,405,934.0,934.0,true,0.8333333333333334,0.0,0.0,B_g00_fc2,0.0,2.0
SQA,406,938.0,934.0,true,0.9166666666666666,0.0,0.0,B_g00_fc2,0.0,2.0
SQA,407,934.0,930.0,true,0.8333333333333334,0.0,0.0,B_g00_fc2,0.0,2.0
SQA,408,934.0,934.0,true,0.8333333333333334,0.0,0.0,B_g00_fc2,0.0,2.0
SQA,409,934.0,934.0,true,0.8333333333333334,0.0,0.0,B_g00_fc2,0.0,2.0
SQA,410,934.0,926.0,true,0.8333333333333334,0.0,0.0,B_g00_fc2,0.0,2.0
SQA,411,934.0,930.0,true,0.8333333333333334,0.0,0.0,B_g00_fc2,0.0,2.0
SQA,412,938.0,938.0,true,0.9166666666666666,0.0,0.0,B_g00_fc2,0.0,2.0
SQA,413,934.0,930.0,true,0.8333333333333334,0.0,0.0,B_g00_fc2,0.0,2.0
SQA,414,934.0,926.0,true,0.8333333333333334,0.0,0.0,B_g00_fc2,0.0,2.0
SQA,415,934.0,926.0,true,0.8333333333333334,0.0,0.0,B_g00_fc2,0.0,2.0
SQA,416,934.0,926.0,true,0.8333333333333334,0.0,0.0,B_g00_fc2,0.0,2.0
SQA,417,934.0,926.0,true,0.8333333333333334,0.0,0.0,B_g00_fc2,0.0,2.0
SQA,418,930.0,926.0,true,0.75,0.0,0.0,B_g00_fc2,0.0,2.0
SQA,419,934.0,930.0,true,0.8333333333333334,0.0,0.0,B_g00_fc2,0.0,2.0
SQA,420,934.0,930.0,true,0.8333333333333334,0.0,0.0,B_g00_fc2,0.0,2.0
SQA,421,934.0,934.0,true,0.8333333333333334,0.0,0.0,B_g00_fc2,0.0,2.0
SQA,422,934.0,930.0,true,0.8333333333333334,0.0,0.0,B_g00_fc2,0.0,2.0
SQA,423,930.0,930.0,true,0.75,0.0,0.0,B_g00_fc2,0.0,2.0
SQA,424,934.0,934.0,true,0.8333333333333334,0.0,0.0,B_g00_fc2,0.0,2.0
SQA,425,934.0,934.0,true,0.8333333333333334,0.0,0.0,B_g00_fc2,0.0,2.0
SQA,426,938.0,934.0,true,0.9166666666666666,0.0,0.0,B_g00_fc2,0.0,2.0
SQA,427,934.0,934.0,true,0.8333333333333334,0.0,0.0,B_g00_fc2,0.0,2.0
SQA,428,930.0,926.0,true,0.75,0.0,0.0,B_g00_fc2,0.0,2.0
SQA,429,934.0,934.0,true,0.8333333333333334,0.0,0.0,B_g00_fc2,0.0,2.0
SQA,430,934.0,926.0,true,0.8333333333333334,0.0,0.0,B_g00_fc2,0.0,2.0
SQA,431,934.0,934.0,true,0.8333333333333334,0.0,0.0,B_g00_fc2,0.0,2.0
SQA,432,930.0,926.0,true,0.75,0.0,0.0,B_g00_fc2,0.0,2.0
SQA,433,934.0,930.0,true,0.8333333333333334,0.0,0.0,B_g00_fc2,0.0,2.0
SQA,434,934.0,930.0,true,0.8333333333333334,0.0,0.0,B_g00_fc2,0.0,2.0
SQA,435,934.0,930.0,true,0.8333333333333334,0.0,0.0,B_g00_fc2,0.0,2.0
SQA,436,938.0,934.0,true,0.9166666666666666,0.0,0.0,B_g00_fc2,0.0,2.0
SQA,437,934.0,930.0,true,0.8333333333333334,0.0,0.0,B_g00_fc2,0.0,2.0
SQA,438,934.0,930.0,true,0.8333333333333334,0.0,0.0,B_g00_fc2,0.0,2.0
SQA,439,938.0,934.0,true,0.9166666666666666,0.0,0.0,B_g00_fc2,0.0,2.0
SQA,440,938.0,934.0,true,0.9166666666666666,0.0,0.0,B_g00_fc2,0.0,2.0
SQA,441,930.0,930.0,true,0.75,0.0,0.0,B_g00_fc2,0.0,2.0
SQA,442,938.0,934.0,true,0.9166666666666666,0.0,0.0,B_g00_fc2,0.0,2.0
SQA,443,930.0,926.0,true,0.75,0.0,0.0,B_g00_fc2,0.0,2.0
SQA,444,930.0,926.0,true,0.75,0.0,0.0,B_g00_fc2,0.0,2.0
SQA,445,938.0,934.0,true,0.9166666666666666,0.0,0.0,B_g00_fc2,0.0,2.0
SQA,446,934.0,930.0,true,0.8333333333333334,0.0,0.0,B_g00_fc2,0.0,2.0
SQA,447,930.0,926.0,true,0.75,0.0,0.0,B_g00_fc2,0.0,2.0
SQA,448,930.0,926.0,true,0.75,0.0,0.0,B_g00_fc2,0.0,2.0
SQA,449,934.0,930.0,true,0.8333333333333334,0.0,0.0,B_g00_fc2,0.0,2.0
SQA,450,938.0,934.0,true,0.9166666666666666,0.0,0.0,B_g00_fc2,0.0,2.0
SQA,451,930.0,926.0,true,0.75,0.0,0.0,B_g00_fc2,0.0,2.0
SQA,452,934.0,930.0,true,0.8333333333333334,0.0,0.0,B_g00_fc2,0.0,2.0
SQA,453,930.0,930.0,true,0.75,0.0,0.0,B_g00_fc2,0.0,2.0
SQA,454,930.0,930.0,true,0.75,0.0,0.0,B_g00_fc2,0.0,2.0
SQA,455,934.0,930.0,true,0.8333333333333334,0.0,0.0,B_g00_fc2,0.0,2.0
SQA,456,930.0,926.0,true,0.75,0.0,0.0,B_g00_fc2,0.0,2.0
SQA,457,934.0,934.0,true,0.8333333333333334,0.0,0.0,B_g00_fc2,0.0,2.0
SQA,458,938.0,930.0,true,0.9166666666666666,0.0,0.0,B_g00_fc2,0.0,2.0
SQA,459,934.0,930.0,true,0.8333333333333334,0.0,0.0,B_g00_fc2,0.0,2.0
SQA,460,930.0,926.0,true,0.75,0.0,0.0,B_g00_fc2,0.0,2.0
SQA,461,934.0,930.0,true,0.8333333333333334,0.0,0.0,B_g00_fc2,0.0,2.0
SQA,462,934.0,934.0,true,0.8333333333333334,0.0,0.0,B_g00_fc2,0.0,2.0
SQA,463,934.0,930.0,true,0.8333333333333334,0.0,0.0,B_g00_fc2,0.0,2.0
SQA,464,938.0,934.0,true,0.9166666666666666,0.0,0.0,B_g00_fc2,0.0,2.0
SQA,465,938.0,934.0,true,0.9166666666666666,0.0,0.0,B_g00_fc2,0.0,2.0
SQA,466,938.0,934.0,true,0.9166666666666666,0.0,0.0,B_g00_fc2,0.0,2.0
SQA,467,934.0,930.0,true,0.8333333333333334,0.0,0.0,B_g00_fc2,0.0,2.0
SQA,468,938.0,934.0,true,0.9166666666666666,0.0,0.0,B_g00_fc2,0.0,2.0
SQA,469,930.0,926.0,true,0.75,0.0,0.0,B_g00_fc2,0.0,2.0
SQA,470,934.0,930.0,true,0.8333333333333334,0.0,0.0,B_g00_fc2,0.0,2.0
SQA,471,934.0,934.0,true,0.8333333333333334,0.0,0.0,B_g00_fc2,0.0,2.0
SQA,472,930.0,930.0,true,0.75,0.0,0.0,B_g00_fc2,0.0,2.0
SQA,473,938.0,934.0,true,0.9166666666666666,0.0,0.0,B_g00_fc2,0.0,2.0
SQA,474,938.0,938.0,true,0.9166666666666666,0.0,0.0,B_g00_fc2,0.0,2.0
SQA,475,938.0,934.0,true,0.9166666666666666,0.0,0.0,B_g00_fc2,0.0,2.0
SQA,476,938.0,938.0,true,0.9166666666666666,0.0,0.0,B_g00_fc2,0.0,2.0
SQA,477,934.0,930.0,true,0.8333333333333334,0.0,0.0,B_g00_fc2,0.0,2.0
SQA,478,934.0,930.0,true,0.8333333333333334,0.0,0.0,B_g00_fc2,0.0,2.0
SQA,479,938.0,938.0,true,0.9166666666666666,0.0,0.0,B_g00_fc2,0.0,2.0
SQA,480,938.0,930.0,true,0.9166666666666666,0.0,0.0,B_g00_fc2,0.0,2.0
SQA,481,934.0,930.0,true,0.8333333333333334,0.0,0.0,B_g00_fc2,0.0,2.0
SQA,482,934.0,934.0,true,0.8333333333333334,0.0,0.0,B_g00_fc2,0.0,2.0
SQA,483,934.0,930.0,true,0.8333333333333334,0.0,0.0,B_g00_fc2,0.0,2.0
SQA,484,934.0,926.0,true,0.8333333333333334,0.0,0.0,B_g00_fc2,0.0,2.0
SQA,485,938.0,934.0,true,0.9166666666666666,0.0,0.0,B_g00_fc2,0.0,2.0
SQA,486,938.0,930.0,true,0.9166666666666666,0.0,0.0,B_g00_fc2,0.0,2.0
SQA,487,938.0,934.0,true,0.9166666666666666,0.0,0.0,B_g00_fc2,0.0,2.0
SQA,488,938.0,938.0,true,0.9166666666666666,0.0,0.0,B_g00_fc2,0.0,2.0
SQA,489,934.0,930.0,true,0.8333333333333334,0.0,0.0,B_g00_fc2,0.0,2.0
SQA,490,934.0,930.0,true,0.8333333333333334,0.0,0.0,B_g00_fc2,0.0,2.0
SQA,491,938.0,934.0,true,0.9166666666666666,0.0,0.0,B_g00_fc2,0.0,2.0
SQA,492,930.0,926.0,true,0.75,0.0,0.0,B_g00_fc2,0.0,2.0
SQA,493,938.0,930.0,true,0.9166666666666666,0.0,0.0,B_g00_fc2,0.0,2.0
SQA,494,930.0,926.0,true,0.75,0.0,0.0,B_g00_fc2,0.0,2.0
SQA,495,938.0,938.0,true,0.9166666666666666,0.0,0.0,B_g00_fc2,0.0,2.0
SQA,496,930.0,930.0,true,0.75,0.0,0.0,B_g00_fc2,0.0,2.0
SQA,497,934.0,930.0,true,0.8333333333333334,0.0,0.0,B_g00_fc2,0.0,2.0
SQA,498,934.0,930.0,true,0.8333333333333334,0.0,0.0,B_g00_fc2,0.0,2.0
SQA,499,930.0,926.0,true,0.75,0.0,0.0,B_g00_fc2,0.0,2.0
SQA,500,938.0,934.0,true,0.9166666666666666,0.0,0.0,B_g00_fc2,0.0,2.0
SQA,501,938.0,938.0,true,0.9166666666666666,0.0,0.0,B_g00_fc2,0.0,2.0
SQA,502,934.0,934.0,true,0.8333333333333334,0.0,0.0,B_g00_fc2,0.0,2.0
SQA,503,930.0,930.0,true,0.75,0.0,0.0,B_g00_fc2,0.0,2.0
SQA,504,938.0,938.0,true,0.9166666666666666,0.0,0.0,B_g00_fc2,0.0,2.0
SQA,505,938.0,938.0,true,0.9166666666666666,0.0,0.0,B_g00_fc2,0.0,2.0
SQA,506,934.0,930.0,true,0.8333333333333334,0.0,0.0,B_g00_fc2,0.0,2.0
SQA,507,930.0,930.0,true,0.75,0.0,0.0,B_g00_fc2,0.0,2.0
SQA,508,930.0,930.0,true,0.75,0.0,0.0,B_g00_fc2,0.0,2.0
SQA,509,930.0,930.0,true,0.75,0.0,0.0,B_g00_fc2,0.0,2.0
SQA,510,938.0,934.0,true,0.9166666666666666,0.0,0.0,B_g00_fc2,0.0,2.0
SQA,511,934.0,930.0,true,0.8333333333333334,0.0,0.0,B_g00_fc2,0.0,2.0
SQA,512,934.0,930.0,true,0.8333333333333334,0.0,0.0,B_g00_fc2,0.0,2.0
SQA,513,934.0,934.0,true,0.8333333333333334,0.0,0.0,B_g00_fc2,0.0,2.0
SQA,514,934.0,930.0,true,0.8333333333333334,0.0,0.0,B_g00_fc2,0.0,2.0
SQA,515,934.0,926.0,true,0.8333333333333334,0.0,0.0,B_g00_fc2,0.0,2.0
SQA,516,934.0,930.0,true,0.8333333333333334,0.0,0.0,B_g00_fc2,0.0,2.0
SQA,517,930.0,930.0,true,0.75,0.0,0.0,B_g00_fc2,0.0,2.0
SQA,518,938.0,934.0,true,0.9166666666666666,0.0,0.0,B_g00_fc2,0.0,2.0
SQA,519,934.0,934.0,true,0.8333333333333334,0.0,0.0,B_g00_fc2,0.0,2.0
SQA,520,930.0,926.0,true,0.75,0.0,0.0,B_g00_fc2,0.0,2.0
SQA,521,934.0,930.0,true,0.8333333333333334,0.0,0.0,B_g00_fc2,0.0,2.0
SQA,522,938.0,934.0,true,0.9166666666666666,0.0,0.0,B_g00_fc2,0.0,2.0
SQA,523,934.0,930.0,true,0.8333333333333334,0.0,0.0,B_g00_fc2,0.0,2.0
SQA,524,930.0,930.0,true,0.75,0.0,0.0,B_g00_fc2,0.0,2.0
SQA,525,934.0,930.0,true,0.8333333333333334,0.0,0.0,B_g00_fc2,0.0,2.0
SQA,526,934.0,930.0,true,0.8333333333333334,0.0,0.0,B_g00_fc2,0.0,2.0
SQA,527,934.0,926.0,true,0.8333333333333334,0.0,0.0,B_g00_fc2,0.0,2.0
SQA,528,938.0,930.0,true,0.9166666666666666,0.0,0.0,B_g00_fc2,0.0,2.0
SQA,529,938.0,934.0,true,0.9166666666666666,0.0,0.0,B_g00_fc2,0.0,2.0
SQA,530,934.0,930.0,true,0.8333333333333334,0.0,0.0,B_g00_fc2,0.0,2.0
SQA,531,938.0,934.0,true,0.9166666666666666,0.0,0.0,B_g00_fc2,0.0,2.0
SQA,532,930.0,930.0,true,0.75,0.0,0.0,B_g00_fc2,0.0,2.0
SQA,533,934.0,934.0,true,0.8333333333333334,0.0,0.0,B_g00_fc2,0.0,2.0
SQA,534,938.0,934.0,true,0.9166666666666666,0.0,0.0,B_g00_fc2,0.0,2.0
SQA,535,934.0,930.0,true,0.8333333333333334,0.0,0.0,B_g00_fc2,0.0,2.0
SQA,536,934.0,930.0,true,0.8333333333333334,0.0,0.0,B_g00_fc2,0.0,2.0
SQA,537,934.0,934.0,true,0.8333333333333334,0.0,0.0,B_g00_fc2,0.0,2.0
SQA,538,930.0,930.0,true,0.75,0.0,0.0,B_g00_fc2,0.0,2.0
SQA,539,930.0,930.0,true,0.75,0.0,0.0,B_g00_fc2,0.0,2.0
SQA,540,934.0,934.0,true,0.8333333333333334,0.0,0.0,B_g00_fc2,0.0,2.0
SQA,541,938.0,934.0,true,0.9166666666666666,0.0,0.0,B_g00_fc2,0.0,2.0
SQA,542,938.0,934.0,true,0.9166666666666666,0.0,0.0,B_g00_fc2,0.0,2.0
SQA,543,934.0,934.0,true,0.8333333333333334,0.0,0.0,B_g00_fc2,0.0,2.0
SQA,544,934.0,934.0,true,0.8333333333333334,0.0,0.0,B_g00_fc2,0.0,2.0
SQA,545,930.0,930.0,true,0.75,0.0,0.0,B_g00_fc2,0.0,2.0
SQA,546,934.0,934.0,true,0.8333333333333334,0.0,0.0,B_g00_fc2,0.0,2.0
SQA,547,930.0,926.0,true,0.75,0.0,0.0,B_g00_fc2,0.0,2.0
SQA,548,930.0,926.0,true,0.75,0.0,0.0,B_g00_fc2,0.0,2.0
SQA,549,938.0,934.0,true,0.9166666666666666,0.0,0.0,B_g00_fc2,0.0,2.0
SQA,550,934.0,930.0,true,0.8333333333333334,0.0,0.0,B_g00_fc2,0.0,2.0
SQA,551,934.0,934.0,true,0.8333333333333334,0.0,0.0,B_g00_fc2,0.0,2.0
SQA,552,934.0,926.0,true,0.8333333333333334,0.0,0.0,B_g00_fc2,0.0,2.0
SQA,553,934.0,934.0,true,0.8333333333333334,0.0,0.0,B_g00_fc2,0.0,2.0
SQA,554,938.0,934.0,true,0.9166666666666666,0.0,0.0,B_g00_fc2,0.0,2.0
SQA,555,930.0,926.0,true,0.75,0.0,0.0,B_g00_fc2,0.0,2.0
SQA,556,934.0,930.0,true,0.8333333333333334,0.0,0.0,B_g00_fc2,0.0,2.0
SQA,557,938.0,930.0,true,0.9166666666666666,0.0,0.0,B_g00_fc2,0.0,2.0
SQA,558,930.0,930.0,true,0.75,0.0,0.0,B_g00_fc2,0.0,2.0
SQA,559,930.0,930.0,true,0.75,0.0,0.0,B_g00_fc2,0.0,2.0
SQA,560,930.0,926.0,true,0.75,0.0,0.0,B_g00_fc2,0.0,2.0
SQA,561,934.0,926.0,true,0.8333333333333334,0.0,0.0,B_g00_fc2,0.0,2.0
SQA,562,938.0,938.0,true,0.9166666666666666,0.0,0.0,B_g00_fc2,0.0,2.0
SQA,563,934.0,934.0,true,0.8333333333333334,0.0,0.0,B_g00_fc2,0.0,2.0
SQA,564,938.0,934.0,true,0.9166666666666666,0.0,0.0,B_g00_fc2,0.0,2.0
SQA,565,934.0,930.0,true,0.8333333333333334,0.0,0.0,B_g00_fc2,0.0,2.0
SQA,566,934.0,930.0,true,0.8333333333333334,0.0,0.0,B_g00_fc2,0.0,2.0
SQA,567,938.0,938.0,true,0.9166666666666666,0.0,0.0,B_g00_fc2,0.0,2.0
SQA,568,934.0,930.0,true,0.8333333333333334,0.0,0.0,B_g00_fc2,0.0,2.0
SQA,569,930.0,926.0,true,0.75,0.0,0.0,B_g00_fc2,0.0,2.0
SQA,570,930.0,926.0,true,0.75,0.0,0.0,B_g00_fc2,0.0,2.0
SQA,571,934.0,934.0,true,0.8333333333333334,0.0,0.0,B_g00_fc2,0.0,2.0
SQA,572,934.0,930.0,true,0.8333333333333334,0.0,0.0,B_g00_fc2,0.0,2.0
SQA,573,934.0,926.0,true,0.8333333333333334,0.0,0.0,B_g00_fc2,0.0,2.0
SQA,574,938.0,930.0,true,0.9166666666666666,0.0,0.0,B_g00_fc2,0.0,2.0
SQA,575,934.0,930.0,true,0.8333333333333334,0.0,0.0,B_g00_fc2,0.0,2.0
SQA,576,938.0,938.0,true,0.9166666666666666,0.0,0.0,B_g00_fc2,0.0,2.0
SQA,577,934.0,926.0,true,0.8333333333333334,0.0,0.0,B_g00_fc2,0.0,2.0
SQA,578,938.0,938.0,true,0.9166666666666666,0.0,0.0,B_g00_fc2,0.0,2.0
SQA,579,938.0,926.0,true,0.9166666666666666,0.0,0.0,B_g00_fc2,0.0,2.0
SQA,580,934.0,930.0,true,0.8333333333333334,0.0,0.0,B_g00_fc2,0.0,2.0
SQA,581,938.0,938.0,true,0.9166666666666666,0.0,0.0,B_g00_fc2,0.0,2.0
SQA,582,938.0,934.0,true,0.9166666666666666,0.0,0.0,B_g00_fc2,0.0,2.0
SQA,583,934.0,930.0,true,0.8333333333333334,0.0,0.0,B_g00_fc2,0.0,2.0
SQA,584,938.0,930.0,true,0.9166666666666666,0.0,0.0,B_g00_fc2,0.0,2.0
SQA,585,934.0,934.0,true,0.8333333333333334,0.0,0.0,B_g00_fc2,0.0,2.0
SQA,586,930.0,930.0,true,0.75,0.0,0.0,B_g00_fc2,0.0,2.0
SQA,587,934.0,930.0,true,0.8333333333333334,0.0,0.0,B_g00_fc2,0.0,2.0
SQA,588,934.0,926.0,true,0.8333333333333334,0.0,0.0,B_g00_fc2,0.0,2.0
SQA,589,934.0,934.0,true,0.8333333333333334,0.0,0.0,B_g00_fc2,0.0,2.0
SQA,590,930.0,926.0,true,0.75,0.0,0.0,B_g00_fc2,0.0,2.0
SQA,591,934.0,930.0,true,0.8333333333333334,0.0,0.0,B_g00_fc2,0.0,2.0
SQA,592,934.0,930.0,true,0.8333333333333334,0.0,0.0,B_g00_fc2,0.0,2.0
SQA,593,938.0,934.0,true,0.9166666666666666,0.0,0.0,B_g00_fc2,0.0,2.0
SQA,594,934.0,934.0,true,0.8333333333333334,0.0,0.0,B_g00_fc2,0.0,2.0
SQA,595,934.0,930.0,true,0.8333333333333334,0.0,0.0,B_g00_fc2,0.0,2.0
SQA,596,938.0,934.0,true,0.9166666666666666,0.0,0.0,B_g00_fc2,0.0,2.0
SQA,597,938.0,930.0,true,0.9166666666666666,0.0,0.0,B_g00_fc2,0.0,2.0
SQA,598,934.0,930.0,true,0.8333333333333334,0.0,0.0,B_g00_fc2,0.0,2.0
SQA,599,934.0,926.0,true,0.8333333333333334,0.0,0.0,B_g00_fc2,0.0,2.0
SQA,600,938.0,930.0,true,0.9166666666666666,0.0,0.0,B_g00_fc2,0.0,2.0
SQA,601,934.0,930.0,true,0.8333333333333334,0.0,0.0,B_g00_fc2,0.0,2.0
SQA,602,934.0,926.0,true,0.8333333333333334,0.0,0.0,B_g00_fc2,0.0,2.0
SQA,603,934.0,930.0,true,0.8333333333333334,0.0,0.0,B_g00_fc2,0.0,2.0
SQA,604,930.0,930.0,true,0.75,0.0,0.0,B_g00_fc2,0.0,2.0
SQA,605,934.0,930.0,true,0.8333333333333334,0.0,0.0,B_g00_fc2,0.0,2.0
SQA,606,930.0,930.0,true,0.75,0.0,0.0,B_g00_fc2,0.0,2.0
SQA,607,934.0,930.0,true,0.8333333333333334,0.0,0.0,B_g00_fc2,0.0,2.0
SQA,608,934.0,926.0,true,0.8333333333333334,0.0,0.0,B_g00_fc2,0.0,2.0
SQA,609,934.0,930.0,true,0.8333333333333334,0.0,0.0,B_g00_fc2,0.0,2.0
SQA,610,934.0,934.0,true,0.8333333333333334,0.0,0.0,B_g00_fc2,0.0,2.0
SQA,611,934.0,930.0,true,0.8333333333333334,0.0,0.0,B_g00_fc2,0.0,2.0
SQA,612,934.0,930.0,true,0.8333333333333334,0.0,0.0,B_g00_fc2,0.0,2.0
SQA,613,930.0,926.0,true,0.75,0.0,0.0,B_g00_fc2,0.0,2.0
SQA,614,938.0,926.0,true,0.9166666666666666,0.0,0.0,B_g00_fc2,0.0,2.0
SQA,615,934.0,926.0,true,0.8333333333333334,0.0,0.0,B_g00_fc2,0.0,2.0
SQA,616,934.0,930.0,true,0.8333333333333334,0.0,0.0,B_g00_fc2,0.0,2.0
SQA,617,930.0,930.0,true,0.75,0.0,0.0,B_g00_fc2,0.0,2.0
SQA,618,934.0,930.0,true,0.8333333333333334,0.0,0.0,B_g00_fc2,0.0,2.0
SQA,619,930.0,926.0,true,0.75,0.0,0.0,B_g00_fc2,0.0,2.0
SQA,620,938.0,930.0,true,0.9166666666666666,0.0,0.0,B_g00_fc2,0.0,2.0
SQA,621,930.0,926.0,true,0.75,0.0,0.0,B_g00_fc2,0.0,2.0
SQA,622,930.0,926.0,true,0.75,0.0,0.0,B_g00_fc2,0.0,2.0
SQA,623,930.0,930.0,true,0.75,0.0,0.0,B_g00_fc2,0.0,2.0
SQA,624,934.0,930.0,true,0.8333333333333334,0.0,0.0,B_g00_fc2,0.0,2.0
SQA,625,930.0,926.0,true,0.75,0.0,0.0,B_g00_fc2,0.0,2.0
SQA,626,938.0,934.0,true,0.9166666666666666,0.0,0.0,B_g00_fc2,0.0,2.0
SQA,627,930.0,930.0,true,0.75,0.0,0.0,B_g00_fc2,0.0,2.0
SQA,628,934.0,930.0,true,0.8333333333333334,0.0,0.0,B_g00_fc2,0.0,2.0
SQA,629,930.0,926.0,true,0.75,0.0,0.0,B_g00_fc2,0.0,2.0
SQA,630,934.0,930.0,true,0.8333333333333334,0.0,0.0,B_g00_fc2,0.0,2.0
SQA,631,934.0,930.0,true,0.8333333333333334,0.0,0.0,B_g00_fc2,0.0,2.0
SQA,632,930.0,926.0,true,0.75,0.0,0.0,B_g00_fc2,0.0,2.0
SQA,633,930.0,926.0,true,0.75,0.0,0.0,B_g00_fc2,0.0,2.0
SQA,634,930.0,930.0,true,0.75,0.0,0.0,B_g00_fc2,0.0,2.0
SQA,635,934.0,934.0,true,0.8333333333333334,0.0,0.0,B_g00_fc2,0.0,2.0
SQA,636,934.0,930.0,true,0.8333333333333334,0.0,0.0,B_g00_fc2,0.0,2.0
SQA,637,934.0,930.0,true,0.8333333333333334,0.0,0.0,B_g00_fc2,0.0,2.0
SQA,638,930.0,926.0,true,0.75,0.0,0.0,B_g00_fc2,0.0,2.0
SQA,639,934.0,926.0,true,0.8333333333333334,0.0,0.0,B_g00_fc2,0.0,2.0
SQA,640,930.0,926.0,true,0.75,0.0,0.0,B_g00_fc2,0.0,2.0
SQA,641,934.0,934.0,true,0.8333333333333334,0.0,0.0,B_g00_fc2,0.0,2.0
SQA,642,938.0,934.0,true,0.9166666666666666,0.0,0.0,B_g00_fc2,0.0,2.0
SQA,643,934.0,930.0,true,0.8333333333333334,0.0,0.0,B_g00_fc2,0.0,2.0
SQA,644,934.0,926.0,true,0.8333333333333334,0.0,0.0,B_g00_fc2,0.0,2.0
SQA,645,934.0,930.0,true,0.8333333333333334,0.0,0.0,B_g00_fc2,0.0,2.0
SQA,646,934.0,934.0,true,0.8333333333333334,0.0,0.0,B_g00_fc2,0.0,2.0
SQA,647,930.0,930.0,true,0.75,0.0,0.0,B_g00_fc2,0.0,2.0
SQA,648,930.0,930.0,true,0.75,0.0,0.0,B_g00_fc2,0.0,2.0
SQA,649,934.0,934.0,true,0.8333333333333334,0.0,0.0,B_g00_fc2,0.0,2.0
SQA,650,934.0,934.0,true,0.8333333333333334,0.0,0.0,B_g00_fc2,0.0,2.0
SQA,651,934.0,934.0,true,0.8333333333333334,0.0,0.0,B_g00_fc2,0.0,2.0
SQA,652,938.0,934.0,true,0.9166666666666666,0.0,0.0,B_g00_fc2,0.0,2.0
SQA,653,934.0,934.0,true,0.8333333333333334,0.0,0.0,B_g00_fc2,0.0,2.0
SQA,654,934.0,934.0,true,0.8333333333333334,0.0,0.0,B_g00_fc2,0.0,2.0
SQA,655,934.0,926.0,true,0.8333333333333334,0.0,0.0,B_g00_fc2,0.0,2.0
SQA,656,934.0,930.0,true,0.8333333333333334,0.0,0.0,B_g00_fc2,0.0,2.0
SQA,657,934.0,934.0,true,0.8333333333333334,0.0,0.0,B_g00_fc2,0.0,2.0
SQA,658,930.0,926.0,true,0.75,0.0,0.0,B_g00_fc2,0.0,2.0
SQA,659,938.0,934.0,true,0.9166666666666666,0.0,0.0,B_g00_fc2,0.0,2.0
SQA,660,934.0,930.0,true,0.8333333333333334,0.0,0.0,B_g00_fc2,0.0,2.0
SQA,661,934.0,930.0,true,0.8333333333333334,0.0,0.0,B_g00_fc2,0.0,2.0
SQA,662,930.0,930.0,true,0.75,0.0,0.0,B_g00_fc2,0.0,2.0
SQA,663,934.0,930.0,true,0.8333333333333334,0.0,0.0,B_g00_fc2,0.0,2.0
SQA,664,930.0,930.0,true,0.75,0.0,0.0,B_g00_fc2,0.0,2.0
SQA,665,930.0,926.0,true,0.75,0.0,0.0,B_g00_fc2,0.0,2.0
SQA,666,934.0,934.0,true,0.8333333333333334,0.0,0.0,B_g00_fc2,0.0,2.0
SQA,667,934.0,930.0,true,0.8333333333333334,0.0,0.0,B_g00_fc2,0.0,2.0
SQA,668,930.0,930.0,true,0.75,0.0,0.0,B_g00_fc2,0.0,2.0
SQA,669,938.0,934.0,true,0.9166666666666666,0.0,0.0,B_g00_fc2,0.0,2.0
SQA,670,938.0,934.0,true,0.9166666666666666,0.0,0.0,B_g00_fc2,0.0,2.0
SQA,671,934.0,930.0,true,0.8333333333333334,0.0,0.0,B_g00_fc2,0.0,2.0
SQA,672,930.0,926.0,true,0.75,0.0,0.0,B_g00_fc2,0.0,2.0
SQA,673,934.0,934.0,true,0.8333333333333334,0.0,0.0,B_g00_fc2,0.0,2.0
SQA,674,934.0,934.0,true,0.8333333333333334,0.0,0.0,B_g00_fc2,0.0,2.0
SQA,675,938.0,930.0,true,0.9166666666666666,0.0,0.0,B_g00_fc2,0.0,2.0
SQA,676,934.0,930.0,true,0.8333333333333334,0.0,0.0,B_g00_fc2,0.0,2.0
SQA,677,934.0,930.0,true,0.8333333333333334,0.0,0.0,B_g00_fc2,0.0,2.0
SQA,678,930.0,930.0,true,0.75,0.0,0.0,B_g00_fc2,0.0,2.0
SQA,679,934.0,930.0,true,0.8333333333333334,0.0,0.0,B_g00_fc2,0.0,2.0
SQA,680,934.0,926.0,true,0.8333333333333334,0.0,0.0,B_g00_fc2,0.0,2.0
SQA,681,934.0,930.0,true,0.8333333333333334,0.0,0.0,B_g00_fc2,0.0,2.0
SQA,682,934.0,926.0,true,0.8333333333333334,0.0,0.0,B_g00_fc2,0.0,2.0
SQA,683,938.0,934.0,true,0.9166666666666666,0.0,0.0,B_g00_fc2,0.0,2.0
SQA,684,934.0,930.0,true,0.8333333333333334,0.0,0.0,B_g00_fc2,0.0,2.0
SQA,685,930.0,926.0,true,0.75,0.0,0.0,B_g00_fc2,0.0,2.0
SQA,686,934.0,930.0,true,0.8333333333333334,0.0,0.0,B_g00_fc2,0.0,2.0
SQA,687,930.0,930.0,true,0.75,0.0,0.0,B_g00_fc2,0.0,2.0
SQA,688,938.0,934.0,true,0.9166666666666666,0.0,0.0,B_g00_fc2,0.0,2.0
SQA,689,934.0,926.0,true,0.8333333333333334,0.0,0.0,B_g00_fc2,0.0,2.0
SQA,690,930.0,926.0,true,0.75,0.0,0.0,B_g00_fc2,0.0,2.0
SQA,691,934.0,930.0,true,0.8333333333333334,0.0,0.0,B_g00_fc2,0.0,2.0
SQA,692,934.0,934.0,true,0.8333333333333334,0.0,0.0,B_g00_fc2,0.0,2.0
SQA,693,938.0,930.0,true,0.9166666666666666,0.0,0.0,B_g00_fc2,0.0,2.0
SQA,694,934.0,926.0,true,0.8333333333333334,0.0,0.0,B_g00_fc2,0.0,2.0
SQA,695,930.0,926.0,true,0.75,0.0,0.0,B_g00_fc2,0.0,2.0
SQA,696,934.0,934.0,true,0.8333333333333334,0.0,0.0,B_g00_fc2,0.0,2.0
SQA,697,938.0,938.0,true,0.9166666666666666,0.0,0.0,B_g00_fc2,0.0,2.0
SQA,698,934.0,930.0,true,0.8333333333333334,0.0,0.0,B_g00_fc2,0.0,2.0
SQA,699,930.0,930.0,true,0.75,0.0,0.0,B_g00_fc2,0.0,2.0
SQA,700,930.0,926.0,true,0.75,0.0,0.0,B_g00_fc2,0.0,2.0
SQA,701,938.0,934.0,true,0.9166666666666666,0.0,0.0,B_g00_fc2,0.0,2.0
SQA,702,934.0,926.0,true,0.8333333333333334,0.0,0.0,B_g00_fc2,0.0,2.0
SQA,703,938.0,934.0,true,0.9166666666666666,0.0,0.0,B_g00_fc2,0.0,2.0
SQA,704,934.0,930.0,true,0.8333333333333334,0.0,0.0,B_g00_fc2,0.0,2.0
SQA,705,930.0,930.0,true,0.75,0.0,0.0,B_g00_fc2,0.0,2.0
SQA,706,934.0,930.0,true,0.8333333333333334,0.0,0.0,B_g00_fc2,0.0,2.0
SQA,707,934.0,930.0,true,0.8333333333333334,0.0,0.0,B_g00_fc2,0.0,2.0
SQA,708,934.0,926.0,true,0.8333333333333334,0.0,0.0,B_g00_fc2,0.0,2.0
SQA,709,926.0,922.0,true,0.6666666666666666,0.0,0.0,B_g00_fc2,0.0,2.0
SQA,710,934.0,930.0,true,0.8333333333333334,0.0,0.0,B_g00_fc2,0.0,2.0
SQA,711,934.0,934.0,true,0.8333333333333334,0.0,0.0,B_g00_fc2,0.0,2.0
SQA,712,938.0,934.0,true,0.9166666666666666,0.0,0.0,B_g00_fc2,0.0,2.0
SQA,713,934.0,926.0,true,0.8333333333333334,0.0,0.0,B_g00_fc2,0.0,2.0
SQA,714,934.0,930.0,true,0.8333333333333334,0.0,0.0,B_g00_fc2,0.0,2.0
SQA,715,934.0,930.0,true,0.8333333333333334,0.0,0.0,B_g00_fc2,0.0,2.0
SQA,716,934.0,930.0,true,0.8333333333333334,0.0,0.0,B_g00_fc2,0.0,2.0
SQA,717,934.0,926.0,true,0.8333333333333334,0.0,0.0,B_g00_fc2,0.0,2.0
SQA,718,930.0,926.0,true,0.75,0.0,0.0,B_g00_fc2,0.0,2.0
SQA,719,938.0,930.0,true,0.9166666666666666,0.0,0.0,B_g00_fc2,0.0,2.0
SQA,720,938.0,934.0,true,0.9166666666666666,0.0,0.0,B_g00_fc2,0.0,2.0
SQA,721,934.0,930.0,true,0.8333333333333334,0.0,0.0,B_g00_fc2,0.0,2.0
SQA,722,934.0,934.0,true,0.8333333333333334,0.0,0.0,B_g00_fc2,0.0,2.0
SQA,723,938.0,934.0,true,0.9166666666666666,0.0,0.0,B_g00_fc2,0.0,2.0
SQA,724,938.0,938.0,true,0.9166666666666666,0.0,0.0,B_g00_fc2,0.0,2.0
SQA,725,938.0,930.0,true,0.9166666666666666,0.0,0.0,B_g00_fc2,0.0,2.0
SQA,726,934.0,930.0,true,0.8333333333333334,0.0,0.0,B_g00_fc2,0.0,2.0
SQA,727,930.0,926.0,true,0.75,0.0,0.0,B_g00_fc2,0.0,2.0
SQA,728,938.0,934.0,true,0.9166666666666666,0.0,0.0,B_g00_fc2,0.0,2.0
SQA,729,934.0,930.0,true,0.8333333333333334,0.0,0.0,B_g00_fc2,0.0,2.0
SQA,730,930.0,930.0,true,0.75,0.0,0.0,B_g00_fc2,0.0,2.0
SQA,731,934.0,930.0,true,0.8333333333333334,0.0,0.0,B_g00_fc2,0.0,2.0
SQA,732,934.0,930.0,true,0.8333333333333334,0.0,0.0,B_g00_fc2,0.0,2.0
SQA,733,938.0,934.0,true,0.9166666666666666,0.0,0.0,B_g00_fc2,0.0,2.0
SQA,734,934.0,930.0,true,0.8333333333333334,0.0,0.0,B_g00_fc2,0.0,2.0
SQA,735,934.0,934.0,true,0.8333333333333334,0.0,0.0,B_g00_fc2,0.0,2.0
SQA,736,934.0,934.0,true,0.8333333333333334,0.0,0.0,B_g00_fc2,0.0,2.0
SQA,737,934.0,934.0,true,0.8333333333333334,0.0,0.0,B_g00_fc2,0.0,2.0
SQA,738,934.0,930.0,true,0.8333333333333334,0.0,0.0,B_g00_fc2,0.0,2.0
SQA,739,930.0,926.0,true,0.75,0.0,0.0,B_g00_fc2,0.0,2.0
SQA,740,930.0,930.0,true,0.75,0.0,0.0,B_g00_fc2,0.0,2.0
SQA,741,930.0,926.0,true,0.75,0.0,0.0,B_g00_fc2,0.0,2.0
SQA,742,930.0,926.0,true,0.75,0.0,0.0,B_g00_fc2,0.0,2.0
SQA,743,934.0,930.0,true,0.8333333333333334,0.0,0.0,B_g00_fc2,0.0,2.0
SQA,744,934.0,930.0,true,0.8333333333333334,0.0,0.0,B_g00_fc2,0.0,2.0
SQA,745,930.0,930.0,true,0.75,0.0,0.0,B_g00_fc2,0.0,2.0
SQA,746,934.0,930.0,true,0.8333333333333334,0.0,0.0,B_g00_fc2,0.0,2.0
SQA,747,930.0,926.0,true,0.75,0.0,0.0,B_g00_fc2,0.0,2.0
SQA,748,934.0,930.0,true,0.8333333333333334,0.0,0.0,B_g00_fc2,0.0,2.0
SQA,749,930.0,930.0,true,0.75,0.0,0.0,B_g00_fc2,0.0,2.0
SQA,750,934.0,926.0,true,0.8333333333333334,0.0,0.0,B_g00_fc2,0.0,2.0
SQA,751,934.0,934.0,true,0.8333333333333334,0.0,0.0,B_g00_fc2,0.0,2.0
SQA,752,930.0,930.0,true,0.75,0.0,0.0,B_g00_fc2,0.0,2.0
SQA,753,934.0,930.0,true,0.8333333333333334,0.0,0.0,B_g00_fc2,0.0,2.0
SQA,754,926.0,926.0,true,0.6666666666666666,0.0,0.0,B_g00_fc2,0.0,2.0
SQA,755,934.0,934.0,true,0.8333333333333334,0.0,0.0,B_g00_fc2,0.0,2.0
SQA,756,934.0,930.0,true,0.8333333333333334,0.0,0.0,B_g00_fc2,0.0,2.0
SQA,757,934.0,930.0,true,0.8333333333333334,0.0,0.0,B_g00_fc2,0.0,2.0
SQA,758,930.0,930.0,true,0.75,0.0,0.0,B_g00_fc2,0.0,2.0
SQA,759,930.0,926.0,true,0.75,0.0,0.0,B_g00_fc2,0.0,2.0
SQA,760,934.0,934.0,true,0.8333333333333334,0.0,0.0,B_g00_fc2,0.0,2.0
SQA,761,934.0,926.0,true,0.8333333333333334,0.0,0.0,B_g00_fc2,0.0,2.0
SQA,762,930.0,926.0,true,0.75,0.0,0.0,B_g00_fc2,0.0,2.0
SQA,763,934.0,930.0,true,0.8333333333333334,0.0,0.0,B_g00_fc2,0.0,2.0
SQA,764,930.0,930.0,true,0.75,0.0,0.0,B_g00_fc2,0.0,2.0
SQA,765,934.0,934.0,true,0.8333333333333334,0.0,0.0,B_g00_fc2,0.0,2.0
SQA,766,934.0,934.0,true,0.8333333333333334,0.0,0.0,B_g00_fc2,0.0,2.0
SQA,767,934.0,934.0,true,0.8333333333333334,0.0,0.0,B_g00_fc2,0.0,2.0
SQA,768,934.0,930.0,true,0.8333333333333334,0.0,0.0,B_g00_fc2,0.0,2.0
SQA,769,930.0,930.0,true,0.75,0.0,0.0,B_g00_fc2,0.0,2.0
SQA,770,930.0,930.0,true,0.75,0.0,0.0,B_g00_fc2,0.0,2.0
SQA,771,934.0,930.0,true,0.8333333333333334,0.0,0.0,B_g00_fc2,0.0,2.0
SQA,772,938.0,930.0,true,0.9166666666666666,0.0,0.0,B_g00_fc2,0.0,2.0
SQA,773,934.0,930.0,true,0.8333333333333334,0.0,0.0,B_g00_fc2,0.0,2.0
SQA,774,938.0,938.0,true,0.9166666666666666,0.0,0.0,B_g00_fc2,0.0,2.0
SQA,775,934.0,930.0,true,0.8333333333333334,0.0,0.0,B_g00_fc2,0.0,2.0
SQA,776,930.0,926.0,true,0.75,0.0,0.0,B_g00_fc2,0.0,2.0
SQA,777,934.0,930.0,true,0.8333333333333334,0.0,0.0,B_g00_fc2,0.0,2.0
SQA,778,930.0,926.0,true,0.75,0.0,0.0,B_g00_fc2,0.0,2.0
SQA,779,930.0,926.0,true,0.75,0.0,0.0,B_g00_fc2,0.0,2.0
SQA,780,934.0,934.0,true,0.8333333333333334,0.0,0.0,B_g00_fc2,0.0,2.0
SQA,781,930.0,930.0,true,0.75,0.0,0.0,B_g00_fc2,0.0,2.0
SQA,782,930.0,922.0,true,0.75,0.0,0.0,B_g00_fc2,0.0,2.0
SQA,783,934.0,926.0,true,0.8333333333333334,0.0,0.0,B_g00_fc2,0.0,2.0
SQA,784,938.0,934.0,true,0.9166666666666666,0.0,0.0,B_g00_fc2,0.0,2.0
SQA,785,934.0,926.0,true,0.8333333333333334,0.0,0.0,B_g00_fc2,0.0,2.0
SQA,786,934.0,930.0,true,0.8333333333333334,0.0,0.0,B_g00_fc2,0.0,2.0
SQA,787,938.0,938.0,true,0.9166666666666666,0.0,0.0,B_g00_fc2,0.0,2.0
SQA,788,934.0,934.0,true,0.8333333333333334,0.0,0.0,B_g00_fc2,0.0,2.0
SQA,789,934.0,934.0,true,0.8333333333333334,0.0,0.0,B_g00_fc2,0.0,2.0
SQA,790,930.0,926.0,true,0.75,0.0,0.0,B_g00_fc2,0.0,2.0
SQA,791,934.0,930.0,true,0.8333333333333334,0.0,0.0,B_g00_fc2,0.0,2.0
SQA,792,934.0,926.0,true,0.8333333333333334,0.0,0.0,B_g00_fc2,0.0,2.0
SQA,793,930.0,930.0,true,0.75,0.0,0.0,B_g00_fc2,0.0,2.0
SQA,794,934.0,930.0,true,0.8333333333333334,0.0,0.0,B_g00_fc2,0.0,2.0
SQA,795,930.0,926.0,true,0.75,0.0,0.0,B_g00_fc2,0.0,2.0
SQA,796,934.0,926.0,true,0.8333333333333334,0.0,0.0,B_g00_fc2,0.0,2.0
SQA,797,934.0,930.0,true,0.8333333333333334,0.0,0.0,B_g00_fc2,0.0,2.0
SQA,798,934.0,930.0,true,0.8333333333333334,0.0,0.0,B_g00_fc2,0.0,2.0
SQA,799,938.0,934.0,true,0.9166666666666666,0.0,0.0,B_g00_fc2,0.0,2.0
SQA,800,930.0,926.0,true,0.75,0.0,0.0,B_g00_fc2,0.0,2.0
SQA,801,938.0,930.0,true,0.9166666666666666,0.0,0.0,B_g00_fc2,0.0,2.0
SQA,802,930.0,926.0,true,0.75,0.0,0.0,B_g00_fc2,0.0,2.0
SQA,803,938.0,938.0,true,0.9166666666666666,0.0,0.0,B_g00_fc2,0.0,2.0
SQA,804,934.0,930.0,true,0.8333333333333334,0.0,0.0,B_g00_fc2,0.0,2.0
SQA,805,934.0,934.0,true,0.8333333333333334,0.0,0.0,B_g00_fc2,0.0,2.0
SQA,806,938.0,938.0,true,0.9166666666666666,0.0,0.0,B_g00_fc2,0.0,2.0
SQA,807,934.0,930.0,true,0.8333333333333334,0.0,0.0,B_g00_fc2,0.0,2.0
SQA,808,934.0,934.0,true,0.8333333333333334,0.0,0.0,B_g00_fc2,0.0,2.0
SQA,809,938.0,934.0,true,0.9166666666666666,0.0,0.0,B_g00_fc2,0.0,2.0
SQA,810,934.0,930.0,true,0.8333333333333334,0.0,0.0,B_g00_fc2,0.0,2.0
SQA,811,934.0,930.0,true,0.8333333333333334,0.0,0.0,B_g00_fc2,0.0,2.0
SQA,812,934.0,934.0,true,0.8333333333333334,0.0,0.0,B_g00_fc2,0.0,2.0
SQA,813,934.0,926.0,true,0.8333333333333334,0.0,0.0,B_g00_fc2,0.0,2.0
SQA,814,934.0,930.0,true,0.8333333333333334,0.0,0.0,B_g00_fc2,0.0,2.0
SQA,815,934.0,934.0,true,0.8333333333333334,0.0,0.0,B_g00_fc2,0.0,2.0
SQA,816,930.0,926.0,true,0.75,0.0,0.0,B_g00_fc2,0.0,2.0
SQA,817,934.0,934.0,true,0.8333333333333334,0.0,0.0,B_g00_fc2,0.0,2.0
SQA,818,938.0,934.0,true,0.9166666666666666,0.0,0.0,B_g00_fc2,0.0,2.0
SQA,819,934.0,930.0,true,0.8333333333333334,0.0,0.0,B_g00_fc2,0.0,2.0
SQA,820,934.0,934.0,true,0.8333333333333334,0.0,0.0,B_g00_fc2,0.0,2.0
SQA,821,934.0,930.0,true,0.8333333333333334,0.0,0.0,B_g00_fc2,0.0,2.0
SQA,822,930.0,930.0,true,0.75,0.0,0.0,B_g00_fc2,0.0,2.0
SQA,823,938.0,938.0,true,0.9166666666666666,0.0,0.0,B_g00_fc2,0.0,2.0
SQA,824,934.0,934.0,true,0.8333333333333334,0.0,0.0,B_g00_fc2,0.0,2.0
SQA,825,934.0,934.0,true,0.8333333333333334,0.0,0.0,B_g00_fc2,0.0,2.0
SQA,826,930.0,926.0,true,0.75,0.0,0.0,B_g00_fc2,0.0,2.0
SQA,827,938.0,934.0,true,0.9166666666666666,0.0,0.0,B_g00_fc2,0.0,2.0
SQA,828,938.0,930.0,true,0.9166666666666666,0.0,0.0,B_g00_fc2,0.0,2.0
SQA,829,934.0,926.0,true,0.8333333333333334,0.0,0.0,B_g00_fc2,0.0,2.0
SQA,830,934.0,934.0,true,0.8333333333333334,0.0,0.0,B_g00_fc2,0.0,2.0
SQA,831,930.0,926.0,true,0.75,0.0,0.0,B_g00_fc2,0.0,2.0
SQA,832,938.0,934.0,true,0.9166666666666666,0.0,0.0,B_g00_fc2,0.0,2.0
SQA,833,934.0,930.0,true,0.8333333333333334,0.0,0.0,B_g00_fc2,0.0,2.0
SQA,834,934.0,930.0,true,0.8333333333333334,0.0,0.0,B_g00_fc2,0.0,2.0
SQA,835,934.0,934.0,true,0.8333333333333334,0.0,0.0,B_g00_fc2,0.0,2.0
SQA,836,930.0,930.0,true,0.75,0.0,0.0,B_g00_fc2,0.0,2.0
SQA,837,934.0,930.0,true,0.8333333333333334,0.0,0.0,B_g00_fc2,0.0,2.0
SQA,838,930.0,926.0,true,0.75,0.0,0.0,B_g00_fc2,0.0,2.0
SQA,839,934.0,930.0,true,0.8333333333333334,0.0,0.0,B_g00_fc2,0.0,2.0
SQA,840,934.0,930.0,true,0.8333333333333334,0.0,0.0,B_g00_fc2,0.0,2.0
SQA,841,934.0,926.0,true,0.8333333333333334,0.0,0.0,B_g00_fc2,0.0,2.0
SQA,842,934.0,926.0,true,0.8333333333333334,0.0,0.0,B_g00_fc2,0.0,2.0
SQA,843,930.0,926.0,true,0.75,0.0,0.0,B_g00_fc2,0.0,2.0
SQA,844,938.0,930.0,true,0.9166666666666666,0.0,0.0,B_g00_fc2,0.0,2.0
SQA,845,934.0,934.0,true,0.8333333333333334,0.0,0.0,B_g00_fc2,0.0,2.0
SQA,846,930.0,926.0,true,0.75,0.0,0.0,B_g00_fc2,0.0,2.0
SQA,847,934.0,930.0,true,0.8333333333333334,0.0,0.0,B_g00_fc2,0.0,2.0
SQA,848,934.0,926.0,true,0.8333333333333334,0.0,0.0,B_g00_fc2,0.0,2.0
SQA,849,934.0,930.0,true,0.8333333333333334,0.0,0.0,B_g00_fc2,0.0,2.0
SQA,850,934.0,930.0,true,0.8333333333333334,0.0,0.0,B_g00_fc2,0.0,2.0
SQA,851,938.0,930.0,true,0.9166666666666666,0.0,0.0,B_g00_fc2,0.0,2.0
SQA,852,934.0,930.0,true,0.8333333333333334,0.0,0.0,B_g00_fc2,0.0,2.0
SQA,853,930.0,930.0,true,0.75,0.0,0.0,B_g00_fc2,0.0,2.0
SQA,854,934.0,934.0,true,0.8333333333333334,0.0,0.0,B_g00_fc2,0.0,2.0
SQA,855,938.0,930.0,true,0.9166666666666666,0.0,0.0,B_g00_fc2,0.0,2.0
SQA,856,934.0,930.0,true,0.8333333333333334,0.0,0.0,B_g00_fc2,0.0,2.0
SQA,857,934.0,930.0,true,0.8333333333333334,0.0,0.0,B_g00_fc2,0.0,2.0
SQA,858,934.0,926.0,true,0.8333333333333334,0.0,0.0,B_g00_fc2,0.0,2.0
SQA,859,938.0,934.0,true,0.9166666666666666,0.0,0.0,B_g00_fc2,0.0,2.0
SQA,860,934.0,930.0,true,0.8333333333333334,0.0,0.0,B_g00_fc2,0.0,2.0
SQA,861,938.0,934.0,true,0.9166666666666666,0.0,0.0,B_g00_fc2,0.0,2.0
SQA,862,934.0,926.0,true,0.8333333333333334,0.0,0.0,B_g00_fc2,0.0,2.0
SQA,863,938.0,934.0,true,0.9166666666666666,0.0,0.0,B_g00_fc2,0.0,2.0
SQA,864,934.0,930.0,true,0.8333333333333334,0.0,0.0,B_g00_fc2,0.0,2.0
SQA,865,930.0,926.0,true,0.75,0.0,0.0,B_g00_fc2,0.0,2.0
SQA,866,934.0,930.0,true,0.8333333333333334,0.0,0.0,B_g00_fc2,0.0,2.0
SQA,867,938.0,934.0,true,0.9166666666666666,0.0,0.0,B_g00_fc2,0.0,2.0
SQA,868,938.0,934.0,true,0.9166666666666666,0.0,0.0,B_g00_fc2,0.0,2.0
SQA,869,934.0,934.0,true,0.8333333333333334,0.0,0.0,B_g00_fc2,0.0,2.0
SQA,870,938.0,934.0,true,0.9166666666666666,0.0,0.0,B_g00_fc2,0.0,2.0
SQA,871,938.0,930.0,true,0.9166666666666666,0.0,0.0,B_g00_fc2,0.0,2.0
SQA,872,934.0,930.0,true,0.8333333333333334,0.0,0.0,B_g00_fc2,0.0,2.0
SQA,873,934.0,926.0,true,0.8333333333333334,0.0,0.0,B_g00_fc2,0.0,2.0
SQA,874,938.0,934.0,true,0.9166666666666666,0.0,0.0,B_g00_fc2,0.0,2.0
SQA,875,934.0,930.0,true,0.8333333333333334,0.0,0.0,B_g00_fc2,0.0,2.0
SQA,876,934.0,930.0,true,0.8333333333333334,0.0,0.0,B_g00_fc2,0.0,2.0
SQA,877,930.0,930.0,true,0.75,0.0,0.0,B_g00_fc2,0.0,2.0
SQA,878,934.0,930.0,true,0.8333333333333334,0.0,0.0,B_g00_fc2,0.0,2.0
SQA,879,930.0,930.0,true,0.75,0.0,0.0,B_g00_fc2,0.0,2.0
SQA,880,934.0,930.0,true,0.8333333333333334,0.0,0.0,B_g00_fc2,0.0,2.0
SQA,881,934.0,930.0,true,0.8333333333333334,0.0,0.0,B_g00_fc2,0.0,2.0
SQA,882,930.0,926.0,true,0.75,0.0,0.0,B_g00_fc2,0.0,2.0
SQA,883,934.0,930.0,true,0.8333333333333334,0.0,0.0,B_g00_fc2,0.0,2.0
SQA,884,938.0,934.0,true,0.9166666666666666,0.0,0.0,B_g00_fc2,0.0,2.0
SQA,885,930.0,926.0,true,0.75,0.0,0.0,B_g00_fc2,0.0,2.0
SQA,886,930.0,926.0,true,0.75,0.0,0.0,B_g00_fc2,0.0,2.0
SQA,887,938.0,934.0,true,0.9166666666666666,0.0,0.0,B_g00_fc2,0.0,2.0
SQA,888,934.0,934.0,true,0.8333333333333334,0.0,0.0,B_g00_fc2,0.0,2.0
SQA,889,938.0,934.0,true,0.9166666666666666,0.0,0.0,B_g00_fc2,0.0,2.0
SQA,890,934.0,930.0,true,0.8333333333333334,0.0,0.0,B_g00_fc2,0.0,2.0
SQA,891,930.0,930.0,true,0.75,0.0,0.0,B_g00_fc2,0.0,2.0
SQA,892,930.0,930.0,true,0.75,0.0,0.0,B_g00_fc2,0.0,2.0
SQA,893,930.0,930.0,true,0.75,0.0,0.0,B_g00_fc2,0.0,2.0
SQA,894,934.0,934.0,true,0.8333333333333334,0.0,0.0,B_g00_fc2,0.0,2.0
SQA,895,934.0,930.0,true,0.8333333333333334,0.0,0.0,B_g00_fc2,0.0,2.0
SQA,896,926.0,926.0,true,0.6666666666666666,0.0,0.0,B_g00_fc2,0.0,2.0
SQA,897,930.0,930.0,true,0.75,0.0,0.0,B_g00_fc2,0.0,2.0
SQA,898,934.0,930.0,true,0.8333333333333334,0.0,0.0,B_g00_fc2,0.0,2.0
SQA,899,938.0,930.0,true,0.9166666666666666,0.0,0.0,B_g00_fc2,0.0,2.0
SQA,900,930.0,926.0,true,0.75,0.0,0.0,B_g00_fc2,0.0,2.0
SQA,901,934.0,930.0,true,0.8333333333333334,0.0,0.0,B_g00_fc2,0.0,2.0
SQA,902,934.0,930.0,true,0.8333333333333334,0.0,0.0,B_g00_fc2,0.0,2.0
SQA,903,934.0,934.0,true,0.8333333333333334,0.0,0.0,B_g00_fc2,0.0,2.0
SQA,904,934.0,934.0,true,0.8333333333333334,0.0,0.0,B_g00_fc2,0.0,2.0
SQA,905,938.0,934.0,true,0.9166666666666666,0.0,0.0,B_g00_fc2,0.0,2.0
SQA,906,934.0,926.0,true,0.8333333333333334,0.0,0.0,B_g00_fc2,0.0,2.0
SQA,907,938.0,934.0,true,0.9166666666666666,0.0,0.0,B_g00_fc2,0.0,2.0
SQA,908,934.0,926.0,true,0.8333333333333334,0.0,0.0,B_g00_fc2,0.0,2.0
SQA,909,930.0,930.0,true,0.75,0.0,0.0,B_g00_fc2,0.0,2.0
SQA,910,934.0,930.0,true,0.8333333333333334,0.0,0.0,B_g00_fc2,0.0,2.0
SQA,911,934.0,926.0,true,0.8333333333333334,0.0,0.0,B_g00_fc2,0.0,2.0
SQA,912,938.0,934.0,true,0.9166666666666666,0.0,0.0,B_g00_fc2,0.0,2.0
SQA,913,934.0,934.0,true,0.8333333333333334,0.0,0.0,B_g00_fc2,0.0,2.0
SQA,914,930.0,930.0,true,0.75,0.0,0.0,B_g00_fc2,0.0,2.0
SQA,915,934.0,934.0,true,0.8333333333333334,0.0,0.0,B_g00_fc2,0.0,2.0
SQA,916,934.0,934.0,true,0.8333333333333334,0.0,0.0,B_g00_fc2,0.0,2.0
SQA,917,934.0,930.0,true,0.8333333333333334,0.0,0.0,B_g00_fc2,0.0,2.0
SQA,918,930.0,926.0,true,0.75,0.0,0.0,B_g00_fc2,0.0,2.0
SQA,919,930.0,926.0,true,0.75,0.0,0.0,B_g00_fc2,0.0,2.0
SQA,920,930.0,926.0,true,0.75,0.0,0.0,B_g00_fc2,0.0,2.0
SQA,921,934.0,926.0,true,0.8333333333333334,0.0,0.0,B_g00_fc2,0.0,2.0
SQA,922,934.0,930.0,true,0.8333333333333334,0.0,0.0,B_g00_fc2,0.0,2.0
SQA,923,934.0,934.0,true,0.8333333333333334,0.0,0.0,B_g00_fc2,0.0,2.0
SQA,924,934.0,930.0,true,0.8333333333333334,0.0,0.0,B_g00_fc2,0.0,2.0
SQA,925,938.0,930.0,true,0.9166666666666666,0.0,0.0,B_g00_fc2,0.0,2.0
SQA,926,934.0,930.0,true,0.8333333333333334,0.0,0.0,B_g00_fc2,0.0,2.0
SQA,927,934.0,930.0,true,0.8333333333333334,0.0,0.0,B_g00_fc2,0.0,2.0
SQA,928,930.0,926.0,true,0.75,0.0,0.0,B_g00_fc2,0.0,2.0
SQA,929,934.0,930.0,true,0.8333333333333334,0.0,0.0,B_g00_fc2,0.0,2.0
SQA,930,930.0,926.0,true,0.75,0.0,0.0,B_g00_fc2,0.0,2.0
SQA,931,930.0,930.0,true,0.75,0.0,0.0,B_g00_fc2,0.0,2.0
SQA,932,934.0,930.0,true,0.8333333333333334,0.0,0.0,B_g00_fc2,0.0,2.0
SQA,933,930.0,930.0,true,0.75,0.0,0.0,B_g00_fc2,0.0,2.0
SQA,934,934.0,930.0,true,0.8333333333333334,0.0,0.0,B_g00_fc2,0.0,2.0
SQA,935,930.0,930.0,true,0.75,0.0,0.0,B_g00_fc2,0.0,2.0
SQA,936,934.0,930.0,true,0.8333333333333334,0.0,0.0,B_g00_fc2,0.0,2.0
SQA,937,938.0,930.0,true,0.9166666666666666,0.0,0.0,B_g00_fc2,0.0,2.0
SQA,938,930.0,926.0,true,0.75,0.0,0.0,B_g00_fc2,0.0,2.0
SQA,939,934.0,934.0,true,0.8333333333333334,0.0,0.0,B_g00_fc2,0.0,2.0
SQA,940,938.0,934.0,true,0.9166666666666666,0.0,0.0,B_g00_fc2,0.0,2.0
SQA,941,938.0,938.0,true,0.9166666666666666,0.0,0.0,B_g00_fc2,0.0,2.0
SQA,942,930.0,926.0,true,0.75,0.0,0.0,B_g00_fc2,0.0,2.0
SQA,943,934.0,930.0,true,0.8333333333333334,0.0,0.0,B_g00_fc2,0.0,2.0
SQA,944,934.0,930.0,true,0.8333333333333334,0.0,0.0,B_g00_fc2,0.0,2.0
SQA,945,930.0,926.0,true,0.75,0.0,0.0,B_g00_fc2,0.0,2.0
SQA,946,934.0,930.0,true,0.8333333333333334,0.0,0.0,B_g00_fc2,0.0,2.0
SQA,947,930.0,926.0,true,0.75,0.0,0.0,B_g00_fc2,0.0,2.0
SQA,948,934.0,934.0,true,0.8333333333333334,0.0,0.0,B_g00_fc2,0.0,2.0
SQA,949,930.0,926.0,true,0.75,0.0,0.0,B_g00_fc2,0.0,2.0
SQA,950,930.0,926.0,true,0.75,0.0,0.0,B_g00_fc2,0.0,2.0
SQA,951,930.0,930.0,true,0.75,0.0,0.0,B_g00_fc2,0.0,2.0
SQA,952,930.0,930.0,true,0.75,0.0,0.0,B_g00_fc2,0.0,2.0
SQA,953,930.0,930.0,true,0.75,0.0,0.0,B_g00_fc2,0.0,2.0
SQA,954,930.0,926.0,true,0.75,0.0,0.0,B_g00_fc2,0.0,2.0
SQA,955,934.0,930.0,true,0.8333333333333334,0.0,0.0,B_g00_fc2,0.0,2.0
SQA,956,934.0,930.0,true,0.8333333333333334,0.0,0.0,B_g00_fc2,0.0,2.0
SQA,957,930.0,930.0,true,0.75,0.0,0.0,B_g00_fc2,0.0,2.0
SQA,958,934.0,930.0,true,0.8333333333333334,0.0,0.0,B_g00_fc2,0.0,2.0
SQA,959,934.0,930.0,true,0.8333333333333334,0.0,0.0,B_g00_fc2,0.0,2.0
SQA,960,934.0,934.0,true,0.8333333333333334,0.0,0.0,B_g00_fc2,0.0,2.0
SQA,961,930.0,926.0,true,0.75,0.0,0.0,B_g00_fc2,0.0,2.0
SQA,962,934.0,930.0,true,0.8333333333333334,0.0,0.0,B_g00_fc2,0.0,2.0
SQA,963,926.0,922.0,true,0.6666666666666666,0.0,0.0,B_g00_fc2,0.0,2.0
SQA,964,934.0,934.0,true,0.8333333333333334,0.0,0.0,B_g00_fc2,0.0,2.0
SQA,965,938.0,934.0,true,0.9166666666666666,0.0,0.0,B_g00_fc2,0.0,2.0
SQA,966,930.0,926.0,true,0.75,0.0,0.0,B_g00_fc2,0.0,2.0
SQA,967,934.0,930.0,true,0.8333333333333334,0.0,0.0,B_g00_fc2,0.0,2.0
SQA,968,934.0,930.0,true,0.8333333333333334,0.0,0.0,B_g00_fc2,0.0,2.0
SQA,969,930.0,930.0,true,0.75,0.0,0.0,B_g00_fc2,0.0,2.0
SQA,970,938.0,934.0,true,0.9166666666666666,0.0,0.0,B_g00_fc2,0.0,2.0
SQA,971,938.0,934.0,true,0.9166666666666666,0.0,0.0,B_g00_fc2,0.0,2.0
SQA,972,934.0,930.0,true,0.8333333333333334,0.0,0.0,B_g00_fc2,0.0,2.0
SQA,973,934.0,930.0,true,0.8333333333333334,0.0,0.0,B_g00_fc2,0.0,2.0
SQA,974,934.0,934.0,true,0.8333333333333334,0.0,0.0,B_g00_fc2,0.0,2.0
SQA,975,930.0,926.0,true,0.75,0.0,0.0,B_g00_fc2,0.0,2.0
SQA,976,934.0,930.0,true,0.8333333333333334,0.0,0.0,B_g00_fc2,0.0,2.0
SQA,977,934.0,934.0,true,0.8333333333333334,0.0,0.0,B_g00_fc2,0.0,2.0
SQA,978,930.0,930.0,true,0.75,0.0,0.0,B_g00_fc2,0.0,2.0
SQA,979,938.0,934.0,true,0.9166666666666666,0.0,0.0,B_g00_fc2,0.0,2.0
SQA,980,938.0,934.0,true,0.9166666666666666,0.0,0.0,B_g00_fc2,0.0,2.0
SQA,981,930.0,926.0,true,0.75,0.0,0.0,B_g00_fc2,0.0,2.0
SQA,982,930.0,926.0,true,0.75,0.0,0.0,B_g00_fc2,0.0,2.0
SQA,983,934.0,930.0,true,0.8333333333333334,0.0,0.0,B_g00_fc2,0.0,2.0
SQA,984,934.0,934.0,true,0.8333333333333334,0.0,0.0,B_g00_fc2,0.0,2.0
SQA,985,934.0,930.0,true,0.8333333333333334,0.0,0.0,B_g00_fc2,0.0,2.0
SQA,986,926.0,926.0,true,0.6666666666666666,0.0,0.0,B_g00_fc2,0.0,2.0
SQA,987,934.0,930.0,true,0.8333333333333334,0.0,0.0,B_g00_fc2,0.0,2.0
SQA,988,934.0,930.0,true,0.8333333333333334,0.0,0.0,B_g00_fc2,0.0,2.0
SQA,989,934.0,926.0,true,0.8333333333333334,0.0,0.0,B_g00_fc2,0.0,2.0
SQA,990,934.0,930.0,true,0.8333333333333334,0.0,0.0,B_g00_fc2,0.0,2.0
SQA,991,938.0,938.0,true,0.9166666666666666,0.0,0.0,B_g00_fc2,0.0,2.0
SQA,992,930.0,930.0,true,0.75,0.0,0.0,B_g00_fc2,0.0,2.0
SQA,993,930.0,930.0,true,0.75,0.0,0.0,B_g00_fc2,0.0,2.0
SQA,994,934.0,930.0,true,0.8333333333333334,0.0,0.0,B_g00_fc2,0.0,2.0
SQA,995,938.0,930.0,true,0.9166666666666666,0.0,0.0,B_g00_fc2,0.0,2.0
SQA,996,938.0,930.0,true,0.9166666666666666,0.0,0.0,B_g00_fc2,0.0,2.0
SQA,997,934.0,930.0,true,0.8333333333333334,0.0,0.0,B_g00_fc2,0.0,2.0
SQA,998,938.0,938.0,true,0.9166666666666666,0.0,0.0,B_g00_fc2,0.0,2.0
SQA,999,934.0,934.0,true,0.8333333333333334,0.0,0.0,B_g00_fc2,0.0,2.0
SQA,1000,926.0,926.0,true,0.6666666666666666,0.0,0.0,B_g00_fc2,0.0,2.0
