solver,run,best_welfare,final_welfare,feasible,fleet_util,strat_diff,log_entropy,condition,g,fixed_cost
SA,1,898.0,898.0,true,0.4166666666666667,0.0,0.0,A_g05_fc1,0.5,1.0
SA,2,897.0,897.0,true,0.4166666666666667,0.0,0.0,A_g05_fc1,0.5,1.0
SA,3,900.0,900.0,true,0.5833333333333334,0.0,0.0,A_g05_fc1,0.5,1.0
SA,4,897.0,897.0,true,0.25,0.0,0.0,A_g05_fc1,0.5,1.0
SA,5,899.0,899.0,true,0.5833333333333334,0.0,0.0,A_g05_fc1,0.5,1.0
SA,6,898.0,898.0,true,0.4166666666666667,0.0,0.0,A_g05_fc1,0.5,1.0
SA,7,898.0,898.0,true,0.3333333333333333,0.0,0.0,A_g05_fc1,0.5,1.0
SA,8,897.0,897.0,true,0.5833333333333334,0.0,0.0,A_g05_fc1,0.5,1.0
SA,9,901.0,901.0,true,0.5833333333333334,0.0,0.0,A_g05_fc1,0.5,1.0
SA,10,899.0,899.0,true,0.5833333333333334,0.0,0.0,A_g05_fc1,0.5,1.0
SA,11,901.0,901.0,true,0.5,0.0,0.0,A_g05_fc1,0.5,1.0
SA,12,902.0,902.0,true,0.75,0.0,0.0,A_g05_fc1,0.5,1.0
SA,13,896.0,896.0,true,0.5,0.0,0.0,A_g05_fc1,0.5,1.0
SA,14,899.0,899.0,true,0.4166666666666667,0.0,0.0,A_g05_fc1,0.5,1.0
SA,15,901.0,901.0,true,0.5,0.0,0.0,A_g05_fc1,0.5,1.0
SA,16,900.0,900.0,true,0.5833333333333334,0.0,0.0,A_g05_fc1,0.5,1.0
SA,17,899.0,899.0,true,0.25,0.0,0.0,A_g05_fc1,0.5,1.0
SA,18,901.0,901.0,true,0.6666666666666666,0.0,0.0,A_g05_fc1,0.5,1.0
SA,19,898.0,898.0,true,0.5833333333333334,0.0,0.0,A_g05_fc1,0.5,1.0
SA,20,900.0,900.0,true,0.75,0.0,0.0,A_g05_fc1,0.5,1.0
SA,21,900.0,900.0,true,0.5833333333333334,0.0,0.0,A_g05_fc1,0.5,1.0
SA,22,902.0,902.0,true,0.5833333333333334,0.0,0.0,A_g05_fc1,0.5,1.0
SA,23,899.0,899.0,true,0.5833333333333334,0.0,0.0,A_g05_fc1,0.5,1.0
SA,24,901.0,901.0,true,0.4166666666666667,0.0,0.0,A_g05_fc1,0.5,1.0
SA,25,899.0,899.0,true,0.5,0.0,0.0,A_g05_fc1,0.5,1.0
SA,26,900.0,900.0,true,0.3333333333333333,0.0,0.0,A_g05_fc1,0.5,1.0
SA,27,901.0,901.0,true,0.75,0.0,0.0,A_g05_fc1,0.5,1.0
SA,28,898.0,898.0,true,0.5,0.0,0.0,A_g05_fc1,0.5,1.0
SA,29,901.0,901.0,true,0.6666666666666666,0.0,0.0,A_g05_fc1,0.5,1.0
SA,30,896.0,896.0,true,0.3333333333333333,0.0,0.0,A_g05_fc1,0.5,1.0
SA,31,897.0,897.0,true,0.5,0.0,0.0,A_g05_fc1,0.5,1.0
SA,32,901.0,901.0,true,0.5,0.0,0.0,A_g05_fc1,0.5,1.0
SA,33,898.0,898.0,true,0.75,0.0,0.0,A_g05_fc1,0.5,1.0
SA,34,896.0,896.0,true,0.3333333333333333,0.0,0.0,A_g05_fc1,0.5,1.0
SA,35,899.0,899.0,true,0.4166666666666667,0.0,0.0,A_g05_fc1,0.5,1.0
SA,36,899.0,899.0,true,0.5833333333333334,0.0,0.0,A_g05_fc1,0.5,1.0
SA,37,899.0,899.0,true,0.5,0.0,0.0,A_g05_fc1,0.5,1.0
SA,38,904.0,904.0,true,0.8333333333333334,0.0,0.0,A_g05_fc1,0.5,1.0
SA,39,901.0,901.0,true,0.5833333333333334,0.0,0.0,A_g05_fc1,0.5,1.0
SA,40,903.0,903.0,true,0.75,0.0,0.0,A_g05_fc1,0.5,1.0
SA,41,900.0,900.0,true,0.5833333333333334,0.0,0.0,A_g05_fc1,0.5,1.0
SA,42,897.0,897.0,true,0.25,0.0,0.0,A_g05_fc1,0.5,1.0
SA,43,899.0,899.0,true,0.5,0.0,0.0,A_g05_fc1,0.5,1.0
SA,44,896.0,896.0,true,0.25,0.0,0.0,A_g05_fc1,0.5,1.0
SA,45,897.0,897.0,true,0.16666666666666666,0.0,0.0,A_g05_fc1,0.5,1.0
SA,46,902.0,902.0,true,0.8333333333333334,0.0,0.0,A_g05_fc1,0.5,1.0
SA,47,899.0,899.0,true,0.6666666666666666,0.0,0.0,A_g05_fc1,0.5,1.0
SA,48,901.0,901.0,true,0.6666666666666666,0.0,0.0,A_g05_fc1,0.5,1.0
SA,49,897.0,897.0,true,0.4166666666666667,0.0,0.0,A_g05_fc1,0.5,1.0
SA,50,899.0,899.0,true,0.5833333333333334,0.0,0.0,A_g05_fc1,0.5,1.0
SA,51,903.0,903.0,true,0.6666666666666666,0.0,0.0,A_g05_fc1,0.5,1.0
SA,52,895.0,895.0,true,0.16666666666666666,0.0,0.0,A_g05_fc1,0.5,1.0
SA,53,903.0,903.0,true,0.5833333333333334,0.0,0.0,A_g05_fc1,0.5,1.0
SA,54,900.0,900.0,true,0.5833333333333334,0.0,0.0,A_g05_fc1,0.5,1.0
SA,55,901.0,901.0,true,0.5,0.0,0.0,A_g05_fc1,0.5,1.0
SA,56,899.0,899.0,true,0.5,0.0,0.0,A_g05_fc1,0.5,1.0
SA,57,896.0,896.0,true,0.3333333333333333,0.0,0.0,A_g05_fc1,0.5,1.0
SA,58,897.0,897.0,true,0.25,0.0,0.0,A_g05_fc1,0.5,1.0
SA,59,899.0,899.0,true,0.3333333333333333,0.0,0.0,A_g05_fc1,0.5,1.0
SA,60,901.0,901.0,true,0.6666666666666666,0.0,0.0,A_g05_fc1,0.5,1.0
SA,61,901.0,901.0,true,0.5833333333333334,0.0,0.0,A_g05_fc1,0.5,1.0
SA,62,899.0,899.0,true,0.5833333333333334,0.0,0.0,A_g05_fc1,0.5,1.0
SA,63,898.0,898.0,true,0.3333333333333333,0.0,0.0,A_g05_fc1,0.5,1.0
SA,64,901.0,901.0,true,0.5,0.0,0.0,A_g05_fc1,0.5,1.0
SA,65,904.0,904.0,true,0.6666666666666666,0.0,0.0,A_g05_fc1,0.5,1.0
SA,66,899.0,899.0,true,0.5,0.0,0.0,A_g05_fc1,0.5,1.0
SA,67,896.0,896.0,true,0.4166666666666667,0.0,0.0,A_g05_fc1,0.5,1.0
SA,68,902.0,902.0,true,0.75,0.0,0.0,A_g05_fc1,0.5,1.0
SA,69,900.0,900.0,true,0.5833333333333334,0.0,0.0,A_g05_fc1,0.5,1.0
SA,70,901.0,901.0,true,0.75,0.0,0.0,A_g05_fc1,0.5,1.0
SA,71,898.0,898.0,true,0.6666666666666666,0.0,0.0,A_g05_fc1,0.5,1.0
SA,72,899.0,899.0,true,0.5,0.0,0.0,A_g05_fc1,0.5,1.0
SA,73,901.0,901.0,true,0.6666666666666666,0.0,0.0,A_g05_fc1,0.5,1.0
SA,74,898.0,898.0,true,0.4166666666666667,0.0,0.0,A_g05_fc1,0.5,1.0
SA,75,898.0,898.0,true,0.5833333333333334,0.0,0.0,A_g05_fc1,0.5,1.0
SA,76,897.0,897.0,true,0.3333333333333333,0.0,0.0,A_g05_fc1,0.5,1.0
SA,77,897.0,897.0,true,0.5,0.0,0.0,A_g05_fc1,0.5,1.0
SA,78,900.0,900.0,true,0.5,0.0,0.0,A_g05_fc1,0.5,1.0
SA,79,897.0,897.0,true,0.5833333333333334,0.0,0.0,A_g05_fc1,0.5,1.0
SA,80,899.0,899.0,true,0.5,0.0,0.0,A_g05_fc1,0.5,1.0
SA,81,901.0,901.0,true,0.5833333333333334,0.0,0.0,A_g05_fc1,0.5,1.0
SA,82,898.0,898.0,true,0.5833333333333334,0.0,0.0,A_g05_fc1,0.5,1.0
SA,83,898.0,898.0,true,0.4166666666666667,0.0,0.0,A_g05_fc1,0.5,1.0
SA,84,899.0,899.0,true,0.4166666666666667,0.0,0.0,A_g05_fc1,0.5,1.0
SA,85,901.0,901.0,true,0.5833333333333334,0.0,0.0,A_g05_fc1,0.5,1.0
SA,86,900.0,900.0,true,0.6666666666666666,0.0,0.0,A_g05_fc1,0.5,1.0
SA,87,903.0,903.0,true,0.6666666666666666,0.0,0.0,A_g05_fc1,0.5,1.0
SA,88,901.0,901.0,true,0.5,0.0,0.0,A_g05_fc1,0.5,1.0
SA,89,900.0,900.0,true,0.5833333333333334,0.0,0.0,A_g05_fc1,0.5,1.0
SA,90,900.0,900.0,true,0.4166666666666667,0.0,0.0,A_g05_fc1,0.5,1.0
SA,91,899.0,899.0,true,0.5,0.0,0.0,A_g05_fc1,0.5,1.0
SA,92,897.0,897.0,true,0.3333333333333333,0.0,0.0,A_g05_fc1,0.5,1.0
SA,93,899.0,899.0,true,0.75,0.0,0.0,A_g05_fc1,0.5,1.0
SA,94,900.0,900.0,true,0.4166666666666667,0.0,0.0,A_g05_fc1,0.5,1.0
SA,95,897.0,897.0,true,0.4166666666666667,0.0,0.0,A_g05_fc1,0.5,1.0
SA,96,895.0,895.0,true,0.3333333333333333,0.0,0.0,A_g05_fc1,0.5,1.0
SA,97,900.0,900.0,true,0.5833333333333334,0.0,0.0,A_g05_fc1,0.5,1.0
SA,98,897.0,897.0,true,0.4166666666666667,0.0,0.0,A_g05_fc1,0.5,1.0
SA,99,898.0,898.0,true,0.4166666666666667,0.0,0.0,A_g05_fc1,0.5,1.0
SA,100,898.0,898.0,true,0.4166666666666667,0.0,0.0,A_g05_fc1,0.5,1.0
SA,101,900.0,900.0,true,0.5833333333333334,0.0,0.0,A_g05_fc1,0.5,1.0
SA,102,898.0,898.0,true,0.5,0.0,0.0,A_g05_fc1,0.5,1.0
SA,103,897.0,897.0,true,0.4166666666666667,0.0,0.0,A_g05_fc1,0.5,1.0
SA,104,896.0,896.0,true,0.25,0.0,0.0,A_g05_fc1,0.5,1.0
SA,105,900.0,900.0,true,0.5,0.0,0.0,A_g05_fc1,0.5,1.0
SA,106,898.0,898.0,true,0.5,0.0,0.0,A_g05_fc1,0.5,1.0
SA,107,901.0,901.0,true,0.5,0.0,0.0,A_g05_fc1,0.5,1.0
SA,108,896.0,896.0,true,0.25,0.0,0.0,A_g05_fc1,0.5,1.0
SA,109,897.0,897.0,true,0.4166666666666667,0.0,0.0,A_g05_fc1,0.5,1.0
SA,110,901.0,901.0,true,0.75,0.0,0.0,A_g05_fc1,0.5,1.0
SA,111,901.0,901.0,true,0.5833333333333334,0.0,0.0,A_g05_fc1,0.5,1.0
SA,112,899.0,899.0,true,0.6666666666666666,0.0,0.0,A_g05_fc1,0.5,1.0
SA,113,901.0,901.0,true,0.5833333333333334,0.0,0.0,A_g05_fc1,0.5,1.0
SA,114,898.0,898.0,true,0.5,0.0,0.0,A_g05_fc1,0.5,1.0
SA,115,900.0,900.0,true,0.5833333333333334,0.0,0.0,A_g05_fc1,0.5,1.0
SA,116,898.0,898.0,true,0.5,0.0,0.0,A_g05_fc1,0.5,1.0
SA,117,899.0,899.0,true,0.3333333333333333,0.0,0.0,A_g05_fc1,0.5,1.0
SA,118,901.0,901.0,true,0.5,0.0,0.0,A_g05_fc1,0.5,1.0
SA,119,902.0,902.0,true,0.5833333333333334,0.0,0.0,A_g05_fc1,0.5,1.0
SA,120,899.0,899.0,true,0.5,0.0,0.0,A_g05_fc1,0.5,1.0
SA,121,898.0,898.0,true,0.5,0.0,0.0,A_g05_fc1,0.5,1.0
SA,122,900.0,900.0,true,0.5,0.0,0.0,A_g05_fc1,0.5,1.0
SA,123,898.0,898.0,true,0.3333333333333333,0.0,0.0,A_g05_fc1,0.5,1.0
SA,124,898.0,898.0,true,0.5833333333333334,0.0,0.0,A_g05_fc1,0.5,1.0
SA,125,899.0,899.0,true,0.5,0.0,0.0,A_g05_fc1,0.5,1.0
SA,126,898.0,898.0,true,0.5833333333333334,0.0,0.0,A_g05_fc1,0.5,1.0
SA,127,899.0,899.0,true,0.4166666666666667,0.0,0.0,A_g05_fc1,0.5,1.0
SA,128,900.0,900.0,true,0.5833333333333334,0.0,0.0,A_g05_fc1,0.5,1.0
SA,129,898.0,898.0,true,0.5,0.0,0.0,A_g05_fc1,0.5,1.0
SA,130,899.0,899.0,true,0.5833333333333334,0.0,0.0,A_g05_fc1,0.5,1.0
SA,131,898.0,898.0,true,0.5833333333333334,0.0,0.0,A_g05_fc1,0.5,1.0
SA,132,900.0,900.0,true,0.6666666666666666,0.0,0.0,A_g05_fc1,0.5,1.0
SA,133,897.0,897.0,true,0.4166666666666667,0.0,0.0,A_g05_fc1,0.5,1.0
SA,134,900.0,900.0,true,0.5,0.0,0.0,A_g05_fc1,0.5,1.0
SA,135,896.0,896.0,true,0.5,0.0,0.0,A_g05_fc1,0.5,1.0
SA,136,899.0,899.0,true,0.5,0.0,0.0,A_g05_fc1,0.5,1.0
SA,137,901.0,901.0,true,0.75,0.0,0.0,A_g05_fc1,0.5,1.0
SA,138,903.0,903.0,true,0.75,0.0,0.0,A_g05_fc1,0.5,1.0
SA,139,901.0,901.0,true,0.6666666666666666,0.0,0.0,A_g05_fc1,0.5,1.0
SA,140,899.0,899.0,true,0.6666666666666666,0.0,0.0,A_g05_fc1,0.5,1.0
SA,141,898.0,898.0,true,0.5833333333333334,0.0,0.0,A_g05_fc1,0.5,1.0
SA,142,899.0,899.0,true,0.5833333333333334,0.0,0.0,A_g05_fc1,0.5,1.0
SA,143,897.0,897.0,true,0.5,0.0,0.0,A_g05_fc1,0.5,1.0
SA,144,899.0,899.0,true,0.5833333333333334,0.0,0.0,A_g05_fc1,0.5,1.0
SA,145,902.0,902.0,true,0.5,0.0,0.0,A_g05_fc1,0.5,1.0
SA,146,898.0,898.0,true,0.5,0.0,0.0,A_g05_fc1,0.5,1.0
SA,147,899.0,899.0,true,0.4166666666666667,0.0,0.0,A_g05_fc1,0.5,1.0
SA,148,900.0,900.0,true,0.5,0.0,0.0,A_g05_fc1,0.5,1.0
SA,149,896.0,896.0,true,0.4166666666666667,0.0,0.0,A_g05_fc1,0.5,1.0
SA,150,905.0,905.0,true,0.75,0.0,0.0,A_g05_fc1,0.5,1.0
SA,151,898.0,898.0,true,0.3333333333333333,0.0,0.0,A_g05_fc1,0.5,1.0
SA,152,899.0,899.0,true,0.3333333333333333,0.0,0.0,A_g05_fc1,0.5,1.0
SA,153,898.0,898.0,true,0.3333333333333333,0.0,0.0,A_g05_fc1,0.5,1.0
SA,154,902.0,902.0,true,0.5833333333333334,0.0,0.0,A_g05_fc1,0.5,1.0
SA,155,897.0,897.0,true,0.5,0.0,0.0,A_g05_fc1,0.5,1.0
SA,156,900.0,900.0,true,0.5,0.0,0.0,A_g05_fc1,0.5,1.0
SA,157,896.0,896.0,true,0.4166666666666667,0.0,0.0,A_g05_fc1,0.5,1.0
SA,158,899.0,899.0,true,0.3333333333333333,0.0,0.0,A_g05_fc1,0.5,1.0
SA,159,901.0,901.0,true,0.5,0.0,0.0,A_g05_fc1,0.5,1.0
SA,160,898.0,898.0,true,0.4166666666666667,0.0,0.0,A_g05_fc1,0.5,1.0
SA,161,902.0,902.0,true,0.75,0.0,0.0,A_g05_fc1,0.5,1.0
SA,162,897.0,897.0,true,0.3333333333333333,0.0,0.0,A_g05_fc1,0.5,1.0
SA,163,903.0,903.0,true,0.5833333333333334,0.0,0.0,A_g05_fc1,0.5,1.0
SA,164,900.0,900.0,true,0.5,0.0,0.0,A_g05_fc1,0.5,1.0
SA,165,900.0,900.0,true,0.6666666666666666,0.0,0.0,A_g05_fc1,0.5,1.0
SA,166,899.0,899.0,true,0.3333333333333333,0.0,0.0,A_g05_fc1,0.5,1.0
SA,167,899.0,899.0,true,0.5,0.0,0.0,A_g05_fc1,0.5,1.0
SA,168,898.0,898.0,true,0.6666666666666666,0.0,0.0,A_g05_fc1,0.5,1.0
SA,169,898.0,898.0,true,0.4166666666666667,0.0,0.0,A_g05_fc1,0.5,1.0
SA,170,898.0,898.0,true,0.3333333333333333,0.0,0.0,A_g05_fc1,0.5,1.0
SA,171,899.0,899.0,true,0.4166666666666667,0.0,0.0,A_g05_fc1,0.5,1.0
SA,172,900.0,900.0,true,0.5833333333333334,0.0,0.0,A_g05_fc1,0.5,1.0
SA,173,900.0,900.0,true,0.5,0.0,0.0,A_g05_fc1,0.5,1.0
SA,174,898.0,898.0,true,0.5,0.0,0.0,A_g05_fc1,0.5,1.0
SA,175,901.0,901.0,true,0.5,0.0,0.0,A_g05_fc1,0.5,1.0
SA,176,899.0,899.0,true,0.5,0.0,0.0,A_g05_fc1,0.5,1.0
SA,177,900.0,900.0,true,0.5833333333333334,0.0,0.0,A_g05_fc1,0.5,1.0
SA,178,898.0,898.0,true,0.6666666666666666,0.0,0.0,A_g05_fc1,0.5,1.0
SA,179,897.0,897.0,true,0.5,0.0,0.0,A_g05_fc1,0.5,1.0
SA,180,901.0,901.0,true,0.75,0.0,0.0,A_g05_fc1,0.5,1.0
SA,181,899.0,899.0,true,0.5,0.0,0.0,A_g05_fc1,0.5,1.0
SA,182,901.0,901.0,true,0.6666666666666666,0.0,0.0,A_g05_fc1,0.5,1.0
SA,183,897.0,897.0,true,0.5,0.0,0.0,A_g05_fc1,0.5,1.0
SA,184,898.0,898.0,true,0.75,0.0,0.0,A_g05_fc1,0.5,1.0
SA,185,899.0,899.0,true,0.4166666666666667,0.0,0.0,A_g05_fc1,0.5,1.0
SA,186,903.0,903.0,true,0.6666666666666666,0.0,0.0,A_g05_fc1,0.5,1.0
SA,187,902.0,902.0,true,0.75,0.0,0.0,A_g05_fc1,0.5,1.0
SA,188,900.0,900.0,true,0.5833333333333334,0.0,0.0,A_g05_fc1,0.5,1.0
SA,189,899.0,899.0,true,0.5833333333333334,0.0,0.0,A_g05_fc1,0.5,1.0
SA,190,895.0,895.0,true,0.3333333333333333,0.0,0.0,A_g05_fc1,0.5,1.0
SA,191,900.0,900.0,true,0.5833333333333334,0.0,0.0,A_g05_fc1,0.5,1.0
SA,192,899.0,899.0,true,0.5833333333333334,0.0,0.0,A_g05_fc1,0.5,1.0
SA,193,898.0,898.0,true,0.4166666666666667,0.0,0.0,A_g05_fc1,0.5,1.0
SA,194,902.0,902.0,true,0.5833333333333334,0.0,0.0,A_g05_fc1,0.5,1.0
SA,195,900.0,900.0,true,0.5,0.0,0.0,A_g05_fc1,0.5,1.0
SA,196,902.0,902.0,true,0.6666666666666666,0.0,0.0,A_g05_fc1,0.5,1.0
SA,197,903.0,903.0,true,0.6666666666666666,0.0,0.0,A_g05_fc1,0.5,1.0
SA,198,897.0,897.0,true,0.4166666666666667,0.0,0.0,A_g05_fc1,0.5,1.0
SA,199,901.0,901.0,true,0.5833333333333334,0.0,0.0,A_g05_fc1,0.5,1.0
SA,200,899.0,899.0,true,0.3333333333333333,0.0,0.0,A_g05_fc1,0.5,1.0
SA,201,904.0,904.0,true,0.8333333333333334,0.0,0.0,A_g05_fc1,0.5,1.0
SA,202,903.0,903.0,true,0.6666666666666666,0.0,0.0,A_g05_fc1,0.5,1.0
SA,203,902.0,902.0,true,0.6666666666666666,0.0,0.0,A_g05_fc1,0.5,1.0
SA,204,899.0,899.0,true,0.5,0.0,0.0,A_g05_fc1,0.5,1.0
SA,205,901.0,901.0,true,0.5833333333333334,0.0,0.0,A_g05_fc1,0.5,1.0
SA,206,901.0,901.0,true,0.4166666666666667,0.0,0.0,A_g05_fc1,0.5,1.0
SA,207,899.0,899.0,true,0.5833333333333334,0.0,0.0,A_g05_fc1,0.5,1.0
SA,208,901.0,901.0,true,0.6666666666666666,0.0,0.0,A_g05_fc1,0.5,1.0
SA,209,901.0,901.0,true,0.6666666666666666,0.0,0.0,A_g05_fc1,0.5,1.0
SA,210,900.0,900.0,true,0.5833333333333334,0.0,0.0,A_g05_fc1,0.5,1.0
SA,211,902.0,902.0,true,0.6666666666666666,0.0,0.0,A_g05_fc1,0.5,1.0
SA,212,902.0,902.0,true,0.5833333333333334,0.0,0.0,A_g05_fc1,0.5,1.0
SA,213,899.0,899.0,true,0.3333333333333333,0.0,0.0,A_g05_fc1,0.5,1.0
SA,214,897.0,897.0,true,0.5,0.0,0.0,A_g05_fc1,0.5,1.0
SA,215,899.0,899.0,true,0.3333333333333333,0.0,0.0,A_g05_fc1,0.5,1.0
SA,216,901.0,901.0,true,0.5833333333333334,0.0,0.0,A_g05_fc1,0.5,1.0
SA,217,897.0,897.0,true,0.16666666666666666,0.0,0.0,A_g05_fc1,0.5,1.0
SA,218,900.0,900.0,true,0.6666666666666666,0.0,0.0,A_g05_fc1,0.5,1.0
SA,219,901.0,901.0,true,0.75,0.0,0.0,A_g05_fc1,0.5,1.0
SA,220,900.0,900.0,true,0.6666666666666666,0.0,0.0,A_g05_fc1,0.5,1.0
SA,221,897.0,897.0,true,0.25,0.0,0.0,A_g05_fc1,0.5,1.0
SA,222,901.0,901.0,true,0.5833333333333334,0.0,0.0,A_g05_fc1,0.5,1.0
SA,223,900.0,900.0,true,0.6666666666666666,0.0,0.0,A_g05_fc1,0.5,1.0
SA,224,898.0,898.0,true,0.5,0.0,0.0,A_g05_fc1,0.5,1.0
SA,225,900.0,900.0,true,0.5833333333333334,0.0,0.0,A_g05_fc1,0.5,1.0
SA,226,901.0,901.0,true,0.5833333333333334,0.0,0.0,A_g05_fc1,0.5,1.0
SA,227,900.0,900.0,true,0.5833333333333334,0.0,0.0,A_g05_fc1,0.5,1.0
SA,228,900.0,900.0,true,0.4166666666666667,0.0,0.0,A_g05_fc1,0.5,1.0
SA,229,899.0,899.0,true,0.5833333333333334,0.0,0.0,A_g05_fc1,0.5,1.0
SA,230,899.0,899.0,true,0.4166666666666667,0.0,0.0,A_g05_fc1,0.5,1.0
SA,231,899.0,899.0,true,0.5833333333333334,0.0,0.0,A_g05_fc1,0.5,1.0
SA,232,899.0,899.0,true,0.5833333333333334,0.0,0.0,A_g05_fc1,0.5,1.0
SA,233,899.0,899.0,true,0.5,0.0,0.0,A_g05_fc1,0.5,1.0
SA,234,898.0,898.0,true,0.5,0.0,0.0,A_g05_fc1,0.5,1.0
SA,235,898.0,898.0,true,0.3333333333333333,0.0,0.0,A_g05_fc1,0.5,1.0
SA,236,896.0,896.0,true,0.3333333333333333,0.0,0.0,A_g05_fc1,0.5,1.0
SA,237,897.0,897.0,true,0.4166666666666667,0.0,0.0,A_g05_fc1,0.5,1.0
SA,238,900.0,900.0,true,0.5,0.0,0.0,A_g05_fc1,0.5,1.0
SA,239,901.0,901.0,true,0.6666666666666666,0.0,0.0,A_g05_fc1,0.5,1.0
SA,240,899.0,899.0,true,0.75,0.0,0.0,A_g05_fc1,0.5,1.0
SA,241,901.0,901.0,true,0.5,0.0,0.0,A_g05_fc1,0.5,1.0
SA,242,901.0,901.0,true,0.6666666666666666,0.0,0.0,A_g05_fc1,0.5,1.0
SA,243,900.0,900.0,true,0.6666666666666666,0.0,0.0,A_g05_fc1,0.5,1.0
SA,244,902.0,902.0,true,0.75,0.0,0.0,A_g05_fc1,0.5,1.0
SA,245,897.0,897.0,true,0.5,0.0,0.0,A_g05_fc1,0.5,1.0
SA,246,900.0,900.0,true,0.75,0.0,0.0,A_g05_fc1,0.5,1.0
SA,247,900.0,900.0,true,0.75,0.0,0.0,A_g05_fc1,0.5,1.0
SA,248,900.0,900.0,true,0.5833333333333334,0.0,0.0,A_g05_fc1,0.5,1.0
SA,249,900.0,900.0,true,0.5,0.0,0.0,A_g05_fc1,0.5,1.0
SA,250,900.0,900.0,true,0.5,0.0,0.0,A_g05_fc1,0.5,1.0
SA,251,904.0,904.0,true,0.75,0.0,0.0,A_g05_fc1,0.5,1.0
SA,252,899.0,899.0,true,0.5833333333333334,0.0,0.0,A_g05_fc1,0.5,1.0
SA,253,897.0,897.0,true,0.5833333333333334,0.0,0.0,A_g05_fc1,0.5,1.0
SA,254,896.0,896.0,true,0.5,0.0,0.0,A_g05_fc1,0.5,1.0
SA,255,897.0,897.0,true,0.25,0.0,0.0,A_g05_fc1,0.5,1.0
SA,256,898.0,898.0,true,0.4166666666666667,0.0,0.0,A_g05_fc1,0.5,1.0
SA,257,901.0,901.0,true,0.5833333333333334,0.0,0.0,A_g05_fc1,0.5,1.0
SA,258,900.0,900.0,true,0.5,0.0,0.0,A_g05_fc1,0.5,1.0
SA,259,900.0,900.0,true,0.5,0.0,0.0,A_g05_fc1,0.5,1.0
SA,260,901.0,901.0,true,0.5,0.0,0.0,A_g05_fc1,0.5,1.0
SA,261,897.0,897.0,true,0.4166666666666667,0.0,0.0,A_g05_fc1,0.5,1.0
SA,262,898.0,898.0,true,0.3333333333333333,0.0,0.0,A_g05_fc1,0.5,1.0
SA,263,898.0,898.0,true,0.5,0.0,0.0,A_g05_fc1,0.5,1.0
SA,264,900.0,900.0,true,0.4166666666666667,0.0,0.0,A_g05_fc1,0.5,1.0
SA,265,899.0,899.0,true,0.5833333333333334,0.0,0.0,A_g05_fc1,0.5,1.0
SA,266,901.0,901.0,true,0.6666666666666666,0.0,0.0,A_g05_fc1,0.5,1.0
SA,267,897.0,897.0,true,0.3333333333333333,0.0,0.0,A_g05_fc1,0.5,1.0
SA,268,899.0,899.0,true,0.5,0.0,0.0,A_g05_fc1,0.5,1.0
SA,269,898.0,898.0,true,0.4166666666666667,0.0,0.0,A_g05_fc1,0.5,1.0
SA,270,897.0,897.0,true,0.4166666666666667,0.0,0.0,A_g05_fc1,0.5,1.0
SA,271,899.0,899.0,true,0.5,0.0,0.0,A_g05_fc1,0.5,1.0
SA,272,899.0,899.0,true,0.6666666666666666,0.0,0.0,A_g05_fc1,0.5,1.0
SA,273,897.0,897.0,true,0.25,0.0,0.0,A_g05_fc1,0.5,1.0
SA,274,901.0,901.0,true,0.75,0.0,0.0,A_g05_fc1,0.5,1.0
SA,275,902.0,902.0,true,0.5833333333333334,0.0,0.0,A_g05_fc1,0.5,1.0
SA,276,903.0,903.0,true,0.5833333333333334,0.0,0.0,A_g05_fc1,0.5,1.0
SA,277,896.0,896.0,true,0.4166666666666667,0.0,0.0,A_g05_fc1,0.5,1.0
SA,278,897.0,897.0,true,0.4166666666666667,0.0,0.0,A_g05_fc1,0.5,1.0
SA,279,900.0,900.0,true,0.5833333333333334,0.0,0.0,A_g05_fc1,0.5,1.0
SA,280,903.0,903.0,true,0.8333333333333334,0.0,0.0,A_g05_fc1,0.5,1.0
SA,281,897.0,897.0,true,0.4166666666666667,0.0,0.0,A_g05_fc1,0.5,1.0
SA,282,898.0,898.0,true,0.4166666666666667,0.0,0.0,A_g05_fc1,0.5,1.0
SA,283,900.0,900.0,true,0.5833333333333334,0.0,0.0,A_g05_fc1,0.5,1.0
SA,284,898.0,898.0,true,0.3333333333333333,0.0,0.0,A_g05_fc1,0.5,1.0
SA,285,900.0,900.0,true,0.4166666666666667,0.0,0.0,A_g05_fc1,0.5,1.0
SA,286,898.0,898.0,true,0.5,0.0,0.0,A_g05_fc1,0.5,1.0
SA,287,903.0,903.0,true,0.75,0.0,0.0,A_g05_fc1,0.5,1.0
SA,288,900.0,900.0,true,0.5,0.0,0.0,A_g05_fc1,0.5,1.0
SA,289,901.0,901.0,true,0.5,0.0,0.0,A_g05_fc1,0.5,1.0
SA,290,901.0,901.0,true,0.5833333333333334,0.0,0.0,A_g05_fc1,0.5,1.0
SA,291,895.0,895.0,true,0.4166666666666667,0.0,0.0,A_g05_fc1,0.5,1.0
SA,292,899.0,899.0,true,0.5,0.0,0.0,A_g05_fc1,0.5,1.0
SA,293,897.0,897.0,true,0.4166666666666667,0.0,0.0,A_g05_fc1,0.5,1.0
SA,294,899.0,899.0,true,0.5,0.0,0.0,A_g05_fc1,0.5,1.0
SA,295,899.0,899.0,true,0.4166666666666667,0.0,0.0,A_g05_fc1,0.5,1.0
SA,296,898.0,898.0,true,0.4166666666666667,0.0,0.0,A_g05_fc1,0.5,1.0
SA,297,898.0,898.0,true,0.5,0.0,0.0,A_g05_fc1,0.5,1.0
SA,298,900.0,900.0,true,0.6666666666666666,0.0,0.0,A_g05_fc1,0.5,1.0
SA,299,897.0,897.0,true,0.3333333333333333,0.0,0.0,A_g05_fc1,0.5,1.0
SA,300,900.0,900.0,true,0.5833333333333334,0.0,0.0,A_g05_fc1,0.5,1.0
SA,301,895.0,895.0,true,0.3333333333333333,0.0,0.0,A_g05_fc1,0.5,1.0
SA,302,899.0,899.0,true,0.6666666666666666,0.0,0.0,A_g05_fc1,0.5,1.0
SA,303,900.0,900.0,true,0.5,0.0,0.0,A_g05_fc1,0.5,1.0
SA,304,898.0,898.0,true,0.3333333333333333,0.0,0.0,A_g05_fc1,0.5,1.0
SA,305,901.0,901.0,true,0.5833333333333334,0.0,0.0,A_g05_fc1,0.5,1.0
SA,306,898.0,898.0,true,0.4166666666666667,0.0,0.0,A_g05_fc1,0.5,1.0
SA,307,900.0,900.0,true,0.5833333333333334,0.0,0.0,A_g05_fc1,0.5,1.0
SA,308,899.0,899.0,true,0.25,0.0,0.0,A_g05_fc1,0.5,1.0
SA,309,900.0,900.0,true,0.3333333333333333,0.0,0.0,A_g05_fc1,0.5,1.0
SA,310,895.0,895.0,true,0.25,0.0,0.0,A_g05_fc1,0.5,1.0
SA,311,901.0,901.0,true,0.5833333333333334,0.0,0.0,A_g05_fc1,0.5,1.0
SA,312,901.0,901.0,true,0.5833333333333334,0.0,0.0,A_g05_fc1,0.5,1.0
SA,313,900.0,900.0,true,0.5833333333333334,0.0,0.0,A_g05_fc1,0.5,1.0
SA,314,895.0,895.0,true,0.25,0.0,0.0,A_g05_fc1,0.5,1.0
SA,315,900.0,900.0,true,0.5833333333333334,0.0,0.0,A_g05_fc1,0.5,1.0
SA,316,902.0,902.0,true,0.6666666666666666,0.0,0.0,A_g05_fc1,0.5,1.0
SA,317,898.0,898.0,true,0.4166666666666667,0.0,0.0,A_g05_fc1,0.5,1.0
SA,318,901.0,901.0,true,0.6666666666666666,0.0,0.0,A_g05_fc1,0.5,1.0
SA,319,896.0,896.0,true,0.3333333333333333,0.0,0.0,A_g05_fc1,0.5,1.0
SA,320,897.0,897.0,true,0.5,0.0,0.0,A_g05_fc1,0.5,1.0
SA,321,897.0,897.0,true,0.5,0.0,0.0,A_g05_fc1,0.5,1.0
SA,322,900.0,900.0,true,0.5,0.0,0.0,A_g05_fc1,0.5,1.0
SA,323,897.0,897.0,true,0.5,0.0,0.0,A_g05_fc1,0.5,1.0
SA,324,896.0,896.0,true,0.5,0.0,0.0,A_g05_fc1,0.5,1.0
SA,325,900.0,900.0,true,0.5,0.0,0.0,A_g05_fc1,0.5,1.0
SA,326,897.0,897.0,true,0.5,0.0,0.0,A_g05_fc1,0.5,1.0
SA,327,902.0,902.0,true,0.75,0.0,0.0,A_g05_fc1,0.5,1.0
SA,328,901.0,901.0,true,0.6666666666666666,0.0,0.0,A_g05_fc1,0.5,1.0
SA,329,897.0,897.0,true,0.4166666666666667,0.0,0.0,A_g05_fc1,0.5,1.0
SA,330,897.0,897.0,true,0.5,0.0,0.0,A_g05_fc1,0.5,1.0
SA,331,898.0,898.0,true,0.4166666666666667,0.0,0.0,A_g05_fc1,0.5,1.0
SA,332,899.0,899.0,true,0.5,0.0,0.0,A_g05_fc1,0.5,1.0
SA,333,897.0,897.0,true,0.5,0.0,0.0,A_g05_fc1,0.5,1.0
SA,334,898.0,898.0,true,0.3333333333333333,0.0,0.0,A_g05_fc1,0.5,1.0
SA,335,899.0,899.0,true,0.75,0.0,0.0,A_g05_fc1,0.5,1.0
SA,336,902.0,902.0,true,0.6666666666666666,0.0,0.0,A_g05_fc1,0.5,1.0
SA,337,900.0,900.0,true,0.75,0.0,0.0,A_g05_fc1,0.5,1.0
SA,338,895.0,895.0,true,0.25,0.0,0.0,A_g05_fc1,0.5,1.0
SA,339,900.0,900.0,true,0.5833333333333334,0.0,0.0,A_g05_fc1,0.5,1.0
SA,340,900.0,900.0,true,0.4166666666666667,0.0,0.0,A_g05_fc1,0.5,1.0
SA,341,899.0,899.0,true,0.5833333333333334,0.0,0.0,A_g05_fc1,0.5,1.0
SA,342,903.0,903.0,true,0.5,0.0,0.0,A_g05_fc1,0.5,1.0
SA,343,895.0,895.0,true,0.5,0.0,0.0,A_g05_fc1,0.5,1.0
SA,344,899.0,899.0,true,0.5833333333333334,0.0,0.0,A_g05_fc1,0.5,1.0
SA,345,900.0,900.0,true,0.5833333333333334,0.0,0.0,A_g05_fc1,0.5,1.0
SA,346,902.0,902.0,true,0.5833333333333334,0.0,0.0,A_g05_fc1,0.5,1.0
SA,347,899.0,899.0,true,0.5,0.0,0.0,A_g05_fc1,0.5,1.0
SA,348,898.0,898.0,true,0.5833333333333334,0.0,0.0,A_g05_fc1,0.5,1.0
SA,349,899.0,899.0,true,0.4166666666666667,0.0,0.0,A_g05_fc1,0.5,1.0
SA,350,901.0,901.0,true,0.5833333333333334,0.0,0.0,A_g05_fc1,0.5,1.0
SA,351,899.0,899.0,true,0.5,0.0,0.0,A_g05_fc1,0.5,1.0
SA,352,902.0,902.0,true,0.5833333333333334,0.0,0.0,A_g05_fc1,0.5,1.0
SA,353,899.0,899.0,true,0.4166666666666667,0.0,0.0,A_g05_fc1,0.5,1.0
SA,354,898.0,898.0,true,0.3333333333333333,0.0,0.0,A_g05_fc1,0.5,1.0
SA,355,898.0,898.0,true,0.3333333333333333,0.0,0.0,A_g05_fc1,0.5,1.0
SA,356,898.0,898.0,true,0.3333333333333333,0.0,0.0,A_g05_fc1,0.5,1.0
SA,357,897.0,897.0,true,0.3333333333333333,0.0,0.0,A_g05_fc1,0.5,1.0
SA,358,903.0,903.0,true,0.6666666666666666,0.0,0.0,A_g05_fc1,0.5,1.0
SA,359,897.0,897.0,true,0.5,0.0,0.0,A_g05_fc1,0.5,1.0
SA,360,899.0,899.0,true,0.6666666666666666,0.0,0.0,A_g05_fc1,0.5,1.0
SA,361,899.0,899.0,true,0.4166666666666667,0.0,0.0,A_g05_fc1,0.5,1.0
SA,362,901.0,901.0,true,0.5833333333333334,0.0,0.0,A_g05_fc1,0.5,1.0
SA,363,903.0,903.0,true,0.75,0.0,0.0,A_g05_fc1,0.5,1.0
SA,364,898.0,898.0,true,0.5833333333333334,0.0,0.0,A_g05_fc1,0.5,1.0
SA,365,901.0,901.0,true,0.6666666666666666,0.0,0.0,A_g05_fc1,0.5,1.0
SA,366,899.0,899.0,true,0.8333333333333334,0.0,0.0,A_g05_fc1,0.5,1.0
SA,367,899.0,899.0,true,0.4166666666666667,0.0,0.0,A_g05_fc1,0.5,1.0
SA,368,899.0,899.0,true,0.6666666666666666,0.0,0.0,A_g05_fc1,0.5,1.0
SA,369,898.0,898.0,true,0.4166666666666667,0.0,0.0,A_g05_fc1,0.5,1.0
SA,370,896.0,896.0,true,0.3333333333333333,0.0,0.0,A_g05_fc1,0.5,1.0
SA,371,898.0,898.0,true,0.4166666666666667,0.0,0.0,A_g05_fc1,0.5,1.0
SA,372,903.0,903.0,true,0.6666666666666666,0.0,0.0,A_g05_fc1,0.5,1.0
SA,373,898.0,898.0,true,0.4166666666666667,0.0,0.0,A_g05_fc1,0.5,1.0
SA,374,900.0,900.0,true,0.5,0.0,0.0,A_g05_fc1,0.5,1.0
SA,375,899.0,899.0,true,0.4166666666666667,0.0,0.0,A_g05_fc1,0.5,1.0
SA,376,899.0,899.0,true,0.5,0.0,0.0,A_g05_fc1,0.5,1.0
SA,377,900.0,900.0,true,0.6666666666666666,0.0,0.0,A_g05_fc1,0.5,1.0
SA,378,897.0,897.0,true,0.3333333333333333,0.0,0.0,A_g05_fc1,0.5,1.0
SA,379,902.0,902.0,true,0.6666666666666666,0.0,0.0,A_g05_fc1,0.5,1.0
SA,380,899.0,899.0,true,0.4166666666666667,0.0,0.0,A_g05_fc1,0.5,1.0
SA,381,901.0,901.0,true,0.75,0.0,0.0,A_g05_fc1,0.5,1.0
SA,382,897.0,897.0,true,0.25,0.0,0.0,A_g05_fc1,0.5,1.0
SA,383,900.0,900.0,true,0.3333333333333333,0.0,0.0,A_g05_fc1,0.5,1.0
SA,384,895.0,895.0,true,0.3333333333333333,0.0,0.0,A_g05_fc1,0.5,1.0
SA,385,900.0,900.0,true,0.4166666666666667,0.0,0.0,A_g05_fc1,0.5,1.0
SA,386,899.0,899.0,true,0.4166666666666667,0.0,0.0,A_g05_fc1,0.5,1.0
SA,387,902.0,902.0,true,0.5,0.0,0.0,A_g05_fc1,0.5,1.0
SA,388,901.0,901.0,true,0.75,0.0,0.0,A_g05_fc1,0.5,1.0
SA,389,900.0,900.0,true,0.5833333333333334,0.0,0.0,A_g05_fc1,0.5,1.0
SA,390,901.0,901.0,true,0.8333333333333334,0.0,0.0,A_g05_fc1,0.5,1.0
SA,391,897.0,897.0,true,0.5833333333333334,0.0,0.0,A_g05_fc1,0.5,1.0
SA,392,897.0,897.0,true,0.16666666666666666,0.0,0.0,A_g05_fc1,0.5,1.0
SA,393,898.0,898.0,true,0.4166666666666667,0.0,0.0,A_g05_fc1,0.5,1.0
SA,394,900.0,900.0,true,0.6666666666666666,0.0,0.0,A_g05_fc1,0.5,1.0
SA,395,896.0,896.0,true,0.4166666666666667,0.0,0.0,A_g05_fc1,0.5,1.0
SA,396,899.0,899.0,true,0.5,0.0,0.0,A_g05_fc1,0.5,1.0
SA,397,901.0,901.0,true,0.5833333333333334,0.0,0.0,A_g05_fc1,0.5,1.0
SA,398,900.0,900.0,true,0.6666666666666666,0.0,0.0,A_g05_fc1,0.5,1.0
SA,399,900.0,900.0,true,0.4166666666666667,0.0,0.0,A_g05_fc1,0.5,1.0
SA,400,899.0,899.0,true,0.4166666666666667,0.0,0.0,A_g05_fc1,0.5,1.0
SA,401,898.0,898.0,true,0.6666666666666666,0.0,0.0,A_g05_fc1,0.5,1.0
SA,402,903.0,903.0,true,0.75,0.0,0.0,A_g05_fc1,0.5,1.0
SA,403,897.0,897.0,true,0.3333333333333333,0.0,0.0,A_g05_fc1,0.5,1.0
SA,404,897.0,897.0,true,0.16666666666666666,0.0,0.0,A_g05_fc1,0.5,1.0
SA,405,899.0,899.0,true,0.5,0.0,0.0,A_g05_fc1,0.5,1.0
SA,406,901.0,901.0,true,0.5833333333333334,0.0,0.0,A_g05_fc1,0.5,1.0
SA,407,899.0,899.0,true,0.4166666666666667,0.0,0.0,A_g05_fc1,0.5,1.0
SA,408,900.0,900.0,true,0.5,0.0,0.0,A_g05_fc1,0.5,1.0
SA,409,901.0,901.0,true,0.6666666666666666,0.0,0.0,A_g05_fc1,0.5,1.0
SA,410,899.0,899.0,true,0.5,0.0,0.0,A_g05_fc1,0.5,1.0
SA,411,896.0,896.0,true,0.25,0.0,0.0,A_g05_fc1,0.5,1.0
SA,412,897.0,897.0,true,0.3333333333333333,0.0,0.0,A_g05_fc1,0.5,1.0
SA,413,900.0,900.0,true,0.5833333333333334,0.0,0.0,A_g05_fc1,0.5,1.0
SA,414,900.0,900.0,true,0.5833333333333334,0.0,0.0,A_g05_fc1,0.5,1.0
SA,415,899.0,899.0,true,0.5,0.0,0.0,A_g05_fc1,0.5,1.0
SA,416,902.0,902.0,true,0.5833333333333334,0.0,0.0,A_g05_fc1,0.5,1.0
SA,417,899.0,899.0,true,0.6666666666666666,0.0,0.0,A_g05_fc1,0.5,1.0
SA,418,896.0,896.0,true,0.5,0.0,0.0,A_g05_fc1,0.5,1.0
SA,419,900.0,900.0,true,0.4166666666666667,0.0,0.0,A_g05_fc1,0.5,1.0
SA,420,897.0,897.0,true,0.5,0.0,0.0,A_g05_fc1,0.5,1.0
SA,421,902.0,902.0,true,0.5833333333333334,0.0,0.0,A_g05_fc1,0.5,1.0
SA,422,901.0,901.0,true,0.6666666666666666,0.0,0.0,A_g05_fc1,0.5,1.0
SA,423,901.0,901.0,true,0.5,0.0,0.0,A_g05_fc1,0.5,1.0
SA,424,898.0,898.0,true,0.5833333333333334,0.0,0.0,A_g05_fc1,0.5,1.0
SA,425,902.0,902.0,true,0.5,0.0,0.0,A_g05_fc1,0.5,1.0
SA,426,900.0,900.0,true,0.5,0.0,0.0,A_g05_fc1,0.5,1.0
SA,427,903.0,903.0,true,0.6666666666666666,0.0,0.0,A_g05_fc1,0.5,1.0
SA,428,900.0,900.0,true,0.4166666666666667,0.0,0.0,A_g05_fc1,0.5,1.0
SA,429,902.0,902.0,true,0.75,0.0,0.0,A_g05_fc1,0.5,1.0
SA,430,900.0,900.0,true,0.5,0.0,0.0,A_g05_fc1,0.5,1.0
SA,431,898.0,898.0,true,0.6666666666666666,0.0,0.0,A_g05_fc1,0.5,1.0
SA,432,896.0,896.0,true,0.25,0.0,0.0,A_g05_fc1,0.5,1.0
SA,433,899.0,899.0,true,0.75,0.0,0.0,A_g05_fc1,0.5,1.0
SA,434,901.0,901.0,true,0.5833333333333334,0.0,0.0,A_g05_fc1,0.5,1.0
SA,435,900.0,900.0,true,0.5,0.0,0.0,A_g05_fc1,0.5,1.0
SA,436,899.0,899.0,true,0.5833333333333334,0.0,0.0,A_g05_fc1,0.5,1.0
SA,437,897.0,897.0,true,0.4166666666666667,0.0,0.0,A_g05_fc1,0.5,1.0
SA,438,899.0,899.0,true,0.4166666666666667,0.0,0.0,A_g05_fc1,0.5,1.0
SA,439,902.0,902.0,true,0.75,0.0,0.0,A_g05_fc1,0.5,1.0
SA,440,902.0,902.0,true,0.75,0.0,0.0,A_g05_fc1,0.5,1.0
SA,441,898.0,898.0,true,0.5,0.0,0.0,A_g05_fc1,0.5,1.0
SA,442,901.0,901.0,true,0.5833333333333334,0.0,0.0,A_g05_fc1,0.5,1.0
SA,443,903.0,903.0,true,0.75,0.0,0.0,A_g05_fc1,0.5,1.0
SA,444,899.0,899.0,true,0.6666666666666666,0.0,0.0,A_g05_fc1,0.5,1.0
SA,445,899.0,899.0,true,0.5833333333333334,0.0,0.0,A_g05_fc1,0.5,1.0
SA,446,903.0,903.0,true,0.9166666666666666,0.0,0.0,A_g05_fc1,0.5,1.0
SA,447,896.0,896.0,true,0.5,0.0,0.0,A_g05_fc1,0.5,1.0
SA,448,899.0,899.0,true,0.5,0.0,0.0,A_g05_fc1,0.5,1.0
SA,449,902.0,902.0,true,0.75,0.0,0.0,A_g05_fc1,0.5,1.0
SA,450,900.0,900.0,true,0.5833333333333334,0.0,0.0,A_g05_fc1,0.5,1.0
SA,451,897.0,897.0,true,0.25,0.0,0.0,A_g05_fc1,0.5,1.0
SA,452,895.0,895.0,true,0.25,0.0,0.0,A_g05_fc1,0.5,1.0
SA,453,899.0,899.0,true,0.5,0.0,0.0,A_g05_fc1,0.5,1.0
SA,454,900.0,900.0,true,0.5,0.0,0.0,A_g05_fc1,0.5,1.0
SA,455,899.0,899.0,true,0.4166666666666667,0.0,0.0,A_g05_fc1,0.5,1.0
SA,456,901.0,901.0,true,0.6666666666666666,0.0,0.0,A_g05_fc1,0.5,1.0
SA,457,899.0,899.0,true,0.5,0.0,0.0,A_g05_fc1,0.5,1.0
SA,458,896.0,896.0,true,0.5,0.0,0.0,A_g05_fc1,0.5,1.0
SA,459,900.0,900.0,true,0.5,0.0,0.0,A_g05_fc1,0.5,1.0
SA,460,902.0,902.0,true,0.9166666666666666,0.0,0.0,A_g05_fc1,0.5,1.0
SA,461,898.0,898.0,true,0.5833333333333334,0.0,0.0,A_g05_fc1,0.5,1.0
SA,462,901.0,901.0,true,0.75,0.0,0.0,A_g05_fc1,0.5,1.0
SA,463,900.0,900.0,true,0.5,0.0,0.0,A_g05_fc1,0.5,1.0
SA,464,900.0,900.0,true,0.5,0.0,0.0,A_g05_fc1,0.5,1.0
SA,465,899.0,899.0,true,0.4166666666666667,0.0,0.0,A_g05_fc1,0.5,1.0
SA,466,902.0,902.0,true,0.75,0.0,0.0,A_g05_fc1,0.5,1.0
SA,467,896.0,896.0,true,0.25,0.0,0.0,A_g05_fc1,0.5,1.0
SA,468,897.0,897.0,true,0.25,0.0,0.0,A_g05_fc1,0.5,1.0
SA,469,904.0,904.0,true,0.8333333333333334,0.0,0.0,A_g05_fc1,0.5,1.0
SA,470,897.0,897.0,true,0.5,0.0,0.0,A_g05_fc1,0.5,1.0
SA,471,897.0,897.0,true,0.5,0.0,0.0,A_g05_fc1,0.5,1.0
SA,472,900.0,900.0,true,0.5833333333333334,0.0,0.0,A_g05_fc1,0.5,1.0
SA,473,898.0,898.0,true,0.6666666666666666,0.0,0.0,A_g05_fc1,0.5,1.0
SA,474,903.0,903.0,true,0.75,0.0,0.0,A_g05_fc1,0.5,1.0
SA,475,901.0,901.0,true,0.5,0.0,0.0,A_g05_fc1,0.5,1.0
SA,476,897.0,897.0,true,0.16666666666666666,0.0,0.0,A_g05_fc1,0.5,1.0
SA,477,899.0,899.0,true,0.5833333333333334,0.0,0.0,A_g05_fc1,0.5,1.0
SA,478,899.0,899.0,true,0.5,0.0,0.0,A_g05_fc1,0.5,1.0
SA,479,897.0,897.0,true,0.3333333333333333,0.0,0.0,A_g05_fc1,0.5,1.0
SA,480,895.0,895.0,true,0.25,0.0,0.0,A_g05_fc1,0.5,1.0
SA,481,899.0,899.0,true,0.75,0.0,0.0,A_g05_fc1,0.5,1.0
SA,482,895.0,895.0,true,0.25,0.0,0.0,A_g05_fc1,0.5,1.0
SA,483,900.0,900.0,true,0.6666666666666666,0.0,0.0,A_g05_fc1,0.5,1.0
SA,484,898.0,898.0,true,0.3333333333333333,0.0,0.0,A_g05_fc1,0.5,1.0
SA,485,901.0,901.0,true,0.5,0.0,0.0,A_g05_fc1,0.5,1.0
SA,486,900.0,900.0,true,0.5,0.0,0.0,A_g05_fc1,0.5,1.0
SA,487,898.0,898.0,true,0.3333333333333333,0.0,0.0,A_g05_fc1,0.5,1.0
SA,488,901.0,901.0,true,0.4166666666666667,0.0,0.0,A_g05_fc1,0.5,1.0
SA,489,900.0,900.0,true,0.5,0.0,0.0,A_g05_fc1,0.5,1.0
SA,490,897.0,897.0,true,0.3333333333333333,0.0,0.0,A_g05_fc1,0.5,1.0
SA,491,898.0,898.0,true,0.3333333333333333,0.0,0.0,A_g05_fc1,0.5,1.0
SA,492,899.0,899.0,true,0.5,0.0,0.0,A_g05_fc1,0.5,1.0
SA,493,897.0,897.0,true,0.4166666666666667,0.0,0.0,A_g05_fc1,0.5,1.0
SA,494,896.0,896.0,true,0.16666666666666666,0.0,0.0,A_g05_fc1,0.5,1.0
SA,495,898.0,898.0,true,0.3333333333333333,0.0,0.0,A_g05_fc1,0.5,1.0
SA,496,899.0,899.0,true,0.5,0.0,0.0,A_g05_fc1,0.5,1.0
SA,497,898.0,898.0,true,0.4166666666666667,0.0,0.0,A_g05_fc1,0.5,1.0
SA,498,898.0,898.0,true,0.6666666666666666,0.0,0.0,A_g05_fc1,0.5,1.0
SA,499,896.0,896.0,true,0.4166666666666667,0.0,0.0,A_g05_fc1,0.5,1.0
SA,500,898.0,898.0,true,0.5,0.0,0.0,A_g05_fc1,0.5,1.0
SA,501,902.0,902.0,true,0.6666666666666666,0.0,0.0,A_g05_fc1,0.5,1.0
SA,502,903.0,903.0,true,0.75,0.0,0.0,A_g05_fc1,0.5,1.0
SA,503,897.0,897.0,true,0.5,0.0,0.0,A_g05_fc1,0.5,1.0
SA,504,899.0,899.0,true,0.75,0.0,0.0,A_g05_fc1,0.5,1.0
SA,505,901.0,901.0,true,0.5833333333333334,0.0,0.0,A_g05_fc1,0.5,1.0
SA,506,899.0,899.0,true,0.6666666666666666,0.0,0.0,A_g05_fc1,0.5,1.0
SA,507,897.0,897.0,true,0.4166666666666667,0.0,0.0,A_g05_fc1,0.5,1.0
SA,508,900.0,900.0,true,0.5833333333333334,0.0,0.0,A_g05_fc1,0.5,1.0
SA,509,901.0,901.0,true,0.5833333333333334,0.0,0.0,A_g05_fc1,0.5,1.0
SA,510,901.0,901.0,true,0.5,0.0,0.0,A_g05_fc1,0.5,1.0
SA,511,900.0,900.0,true,0.5833333333333334,0.0,0.0,A_g05_fc1,0.5,1.0
SA,512,900.0,900.0,true,0.75,0.0,0.0,A_g05_fc1,0.5,1.0
SA,513,901.0,901.0,true,0.5,0.0,0.0,A_g05_fc1,0.5,1.0
SA,514,898.0,898.0,true,0.25,0.0,0.0,A_g05_fc1,0.5,1.0
SA,515,897.0,897.0,true,0.3333333333333333,0.0,0.0,A_g05_fc1,0.5,1.0
SA,516,900.0,900.0,true,0.5,0.0,0.0,A_g05_fc1,0.5,1.0
SA,517,902.0,902.0,true,0.5833333333333334,0.0,0.0,A_g05_fc1,0.5,1.0
SA,518,897.0,897.0,true,0.4166666666666667,0.0,0.0,A_g05_fc1,0.5,1.0
SA,519,898.0,898.0,true,0.5,0.0,0.0,A_g05_fc1,0.5,1.0
SA,520,901.0,901.0,true,0.5833333333333334,0.0,0.0,A_g05_fc1,0.5,1.0
SA,521,900.0,900.0,true,0.4166666666666667,0.0,0.0,A_g05_fc1,0.5,1.0
SA,522,900.0,900.0,true,0.6666666666666666,0.0,0.0,A_g05_fc1,0.5,1.0
SA,523,900.0,900.0,true,0.5,0.0,0.0,A_g05_fc1,0.5,1.0
SA,524,900.0,900.0,true,0.5833333333333334,0.0,0.0,A_g05_fc1,0.5,1.0
SA,525,896.0,896.0,true,0.4166666666666667,0.0,0.0,A_g05_fc1,0.5,1.0
SA,526,896.0,896.0,true,0.3333333333333333,0.0,0.0,A_g05_fc1,0.5,1.0
SA,527,898.0,898.0,true,0.4166666666666667,0.0,0.0,A_g05_fc1,0.5,1.0
SA,528,899.0,899.0,true,0.6666666666666666,0.0,0.0,A_g05_fc1,0.5,1.0
SA,529,899.0,899.0,true,0.4166666666666667,0.0,0.0,A_g05_fc1,0.5,1.0
SA,530,899.0,899.0,true,0.3333333333333333,0.0,0.0,A_g05_fc1,0.5,1.0
SA,531,898.0,898.0,true,0.6666666666666666,0.0,0.0,A_g05_fc1,0.5,1.0
SA,532,899.0,899.0,true,0.5833333333333334,0.0,0.0,A_g05_fc1,0.5,1.0
SA,533,897.0,897.0,true,0.5833333333333334,0.0,0.0,A_g05_fc1,0.5,1.0
SA,534,899.0,899.0,true,0.5833333333333334,0.0,0.0,A_g05_fc1,0.5,1.0
SA,535,897.0,897.0,true,0.16666666666666666,0.0,0.0,A_g05_fc1,0.5,1.0
SA,536,897.0,897.0,true,0.3333333333333333,0.0,0.0,A_g05_fc1,0.5,1.0
SA,537,898.0,898.0,true,0.6666666666666666,0.0,0.0,A_g05_fc1,0.5,1.0
SA,538,898.0,898.0,true,0.5,0.0,0.0,A_g05_fc1,0.5,1.0
SA,539,898.0,898.0,true,0.5833333333333334,0.0,0.0,A_g05_fc1,0.5,1.0
SA,540,898.0,898.0,true,0.5,0.0,0.0,A_g05_fc1,0.5,1.0
SA,541,899.0,899.0,true,0.5833333333333334,0.0,0.0,A_g05_fc1,0.5,1.0
SA,542,897.0,897.0,true,0.4166666666666667,0.0,0.0,A_g05_fc1,0.5,1.0
SA,543,897.0,897.0,true,0.4166666666666667,0.0,0.0,A_g05_fc1,0.5,1.0
SA,544,901.0,901.0,true,0.6666666666666666,0.0,0.0,A_g05_fc1,0.5,1.0
SA,545,900.0,900.0,true,0.5833333333333334,0.0,0.0,A_g05_fc1,0.5,1.0
SA,546,901.0,901.0,true,0.6666666666666666,0.0,0.0,A_g05_fc1,0.5,1.0
SA,547,898.0,898.0,true,0.4166666666666667,0.0,0.0,A_g05_fc1,0.5,1.0
SA,548,900.0,900.0,true,0.6666666666666666,0.0,0.0,A_g05_fc1,0.5,1.0
SA,549,897.0,897.0,true,0.6666666666666666,0.0,0.0,A_g05_fc1,0.5,1.0
SA,550,898.0,898.0,true,0.4166666666666667,0.0,0.0,A_g05_fc1,0.5,1.0
SA,551,900.0,900.0,true,0.5,0.0,0.0,A_g05_fc1,0.5,1.0
SA,552,902.0,902.0,true,0.5833333333333334,0.0,0.0,A_g05_fc1,0.5,1.0
SA,553,899.0,899.0,true,0.5833333333333334,0.0,0.0,A_g05_fc1,0.5,1.0
SA,554,899.0,899.0,true,0.5,0.0,0.0,A_g05_fc1,0.5,1.0
SA,555,903.0,903.0,true,0.6666666666666666,0.0,0.0,A_g05_fc1,0.5,1.0
SA,556,900.0,900.0,true,0.75,0.0,0.0,A_g05_fc1,0.5,1.0
SA,557,902.0,902.0,true,0.5833333333333334,0.0,0.0,A_g05_fc1,0.5,1.0
SA,558,903.0,901.0,true,0.5833333333333334,0.0,0.0,A_g05_fc1,0.5,1.0
SA,559,900.0,900.0,true,0.4166666666666667,0.0,0.0,A_g05_fc1,0.5,1.0
SA,560,900.0,900.0,true,0.5833333333333334,0.0,0.0,A_g05_fc1,0.5,1.0
SA,561,898.0,898.0,true,0.3333333333333333,0.0,0.0,A_g05_fc1,0.5,1.0
SA,562,901.0,901.0,true,0.5833333333333334,0.0,0.0,A_g05_fc1,0.5,1.0
SA,563,897.0,897.0,true,0.25,0.0,0.0,A_g05_fc1,0.5,1.0
SA,564,904.0,904.0,true,0.75,0.0,0.0,A_g05_fc1,0.5,1.0
SA,565,900.0,900.0,true,0.5833333333333334,0.0,0.0,A_g05_fc1,0.5,1.0
SA,566,899.0,899.0,true,0.5833333333333334,0.0,0.0,A_g05_fc1,0.5,1.0
SA,567,895.0,895.0,true,0.25,0.0,0.0,A_g05_fc1,0.5,1.0
SA,568,899.0,899.0,true,0.5,0.0,0.0,A_g05_fc1,0.5,1.0
SA,569,899.0,899.0,true,0.4166666666666667,0.0,0.0,A_g05_fc1,0.5,1.0
SA,570,895.0,895.0,true,0.16666666666666666,0.0,0.0,A_g05_fc1,0.5,1.0
SA,571,902.0,902.0,true,0.8333333333333334,0.0,0.0,A_g05_fc1,0.5,1.0
SA,572,898.0,898.0,true,0.4166666666666667,0.0,0.0,A_g05_fc1,0.5,1.0
SA,573,898.0,898.0,true,0.4166666666666667,0.0,0.0,A_g05_fc1,0.5,1.0
SA,574,900.0,900.0,true,0.8333333333333334,0.0,0.0,A_g05_fc1,0.5,1.0
SA,575,900.0,900.0,true,0.5,0.0,0.0,A_g05_fc1,0.5,1.0
SA,576,898.0,898.0,true,0.5,0.0,0.0,A_g05_fc1,0.5,1.0
SA,577,898.0,898.0,true,0.3333333333333333,0.0,0.0,A_g05_fc1,0.5,1.0
SA,578,898.0,898.0,true,0.4166666666666667,0.0,0.0,A_g05_fc1,0.5,1.0
SA,579,897.0,897.0,true,0.5833333333333334,0.0,0.0,A_g05_fc1,0.5,1.0
SA,580,900.0,900.0,true,0.5,0.0,0.0,A_g05_fc1,0.5,1.0
SA,581,900.0,900.0,true,0.5,0.0,0.0,A_g05_fc1,0.5,1.0
SA,582,901.0,901.0,true,0.6666666666666666,0.0,0.0,A_g05_fc1,0.5,1.0
SA,583,897.0,897.0,true,0.5833333333333334,0.0,0.0,A_g05_fc1,0.5,1.0
SA,584,895.0,895.0,true,0.4166666666666667,0.0,0.0,A_g05_fc1,0.5,1.0
SA,585,899.0,899.0,true,0.4166666666666667,0.0,0.0,A_g05_fc1,0.5,1.0
SA,586,901.0,901.0,true,0.5,0.0,0.0,A_g05_fc1,0.5,1.0
SA,587,900.0,900.0,true,0.75,0.0,0.0,A_g05_fc1,0.5,1.0
SA,588,899.0,899.0,true,0.5,0.0,0.0,A_g05_fc1,0.5,1.0
SA,589,902.0,902.0,true,0.5833333333333334,0.0,0.0,A_g05_fc1,0.5,1.0
SA,590,902.0,902.0,true,0.6666666666666666,0.0,0.0,A_g05_fc1,0.5,1.0
SA,591,898.0,898.0,true,0.4166666666666667,0.0,0.0,A_g05_fc1,0.5,1.0
SA,592,904.0,904.0,true,0.8333333333333334,0.0,0.0,A_g05_fc1,0.5,1.0
SA,593,897.0,897.0,true,0.3333333333333333,0.0,0.0,A_g05_fc1,0.5,1.0
SA,594,898.0,898.0,true,0.4166666666666667,0.0,0.0,A_g05_fc1,0.5,1.0
SA,595,901.0,901.0,true,0.75,0.0,0.0,A_g05_fc1,0.5,1.0
SA,596,899.0,899.0,true,0.75,0.0,0.0,A_g05_fc1,0.5,1.0
SA,597,899.0,899.0,true,0.5833333333333334,0.0,0.0,A_g05_fc1,0.5,1.0
SA,598,897.0,897.0,true,0.5,0.0,0.0,A_g05_fc1,0.5,1.0
SA,599,900.0,900.0,true,0.4166666666666667,0.0,0.0,A_g05_fc1,0.5,1.0
SA,600,896.0,896.0,true,0.3333333333333333,0.0,0.0,A_g05_fc1,0.5,1.0
SA,601,895.0,895.0,true,0.4166666666666667,0.0,0.0,A_g05_fc1,0.5,1.0
SA,602,896.0,896.0,true,0.3333333333333333,0.0,0.0,A_g05_fc1,0.5,1.0
SA,603,903.0,903.0,true,0.5833333333333334,0.0,0.0,A_g05_fc1,0.5,1.0
SA,604,899.0,899.0,true,0.5833333333333334,0.0,0.0,A_g05_fc1,0.5,1.0
SA,605,899.0,899.0,true,0.5833333333333334,0.0,0.0,A_g05_fc1,0.5,1.0
SA,606,900.0,900.0,true,0.4166666666666667,0.0,0.0,A_g05_fc1,0.5,1.0
SA,607,896.0,896.0,true,0.3333333333333333,0.0,0.0,A_g05_fc1,0.5,1.0
SA,608,898.0,898.0,true,0.4166666666666667,0.0,0.0,A_g05_fc1,0.5,1.0
SA,609,898.0,898.0,true,0.5833333333333334,0.0,0.0,A_g05_fc1,0.5,1.0
SA,610,896.0,896.0,true,0.3333333333333333,0.0,0.0,A_g05_fc1,0.5,1.0
SA,611,898.0,898.0,true,0.5,0.0,0.0,A_g05_fc1,0.5,1.0
SA,612,900.0,900.0,true,0.6666666666666666,0.0,0.0,A_g05_fc1,0.5,1.0
SA,613,900.0,900.0,true,0.6666666666666666,0.0,0.0,A_g05_fc1,0.5,1.0
SA,614,901.0,901.0,true,0.5833333333333334,0.0,0.0,A_g05_fc1,0.5,1.0
SA,615,896.0,896.0,true,0.25,0.0,0.0,A_g05_fc1,0.5,1.0
SA,616,897.0,897.0,true,0.3333333333333333,0.0,0.0,A_g05_fc1,0.5,1.0
SA,617,898.0,898.0,true,0.5,0.0,0.0,A_g05_fc1,0.5,1.0
SA,618,899.0,899.0,true,0.6666666666666666,0.0,0.0,A_g05_fc1,0.5,1.0
SA,619,898.0,898.0,true,0.5833333333333334,0.0,0.0,A_g05_fc1,0.5,1.0
SA,620,896.0,896.0,true,0.25,0.0,0.0,A_g05_fc1,0.5,1.0
SA,621,901.0,901.0,true,0.5,0.0,0.0,A_g05_fc1,0.5,1.0
SA,622,898.0,898.0,true,0.3333333333333333,0.0,0.0,A_g05_fc1,0.5,1.0
SA,623,898.0,898.0,true,0.4166666666666667,0.0,0.0,A_g05_fc1,0.5,1.0
SA,624,896.0,896.0,true,0.3333333333333333,0.0,0.0,A_g05_fc1,0.5,1.0
SA,625,902.0,902.0,true,0.5833333333333334,0.0,0.0,A_g05_fc1,0.5,1.0
SA,626,896.0,896.0,true,0.4166666666666667,0.0,0.0,A_g05_fc1,0.5,1.0
SA,627,897.0,897.0,true,0.25,0.0,0.0,A_g05_fc1,0.5,1.0
SA,628,900.0,900.0,true,0.6666666666666666,0.0,0.0,A_g05_fc1,0.5,1.0
SA,629,899.0,899.0,true,0.75,0.0,0.0,A_g05_fc1,0.5,1.0
SA,630,899.0,899.0,true,0.5833333333333334,0.0,0.0,A_g05_fc1,0.5,1.0
SA,631,899.0,899.0,true,0.5,0.0,0.0,A_g05_fc1,0.5,1.0
SA,632,898.0,898.0,true,0.5833333333333334,0.0,0.0,A_g05_fc1,0.5,1.0
SA,633,902.0,902.0,true,0.6666666666666666,0.0,0.0,A_g05_fc1,0.5,1.0
SA,634,897.0,897.0,true,0.25,0.0,0.0,A_g05_fc1,0.5,1.0
SA,635,900.0,900.0,true,0.5833333333333334,0.0,0.0,A_g05_fc1,0.5,1.0
SA,636,898.0,898.0,true,0.5,0.0,0.0,A_g05_fc1,0.5,1.0
SA,637,899.0,899.0,true,0.5,0.0,0.0,A_g05_fc1,0.5,1.0
SA,638,900.0,900.0,true,0.6666666666666666,0.0,0.0,A_g05_fc1,0.5,1.0
SA,639,896.0,896.0,true,0.5,0.0,0.0,A_g05_fc1,0.5,1.0
SA,640,897.0,897.0,true,0.4166666666666667,0.0,0.0,A_g05_fc1,0.5,1.0
SA,641,899.0,899.0,true,0.5,0.0,0.0,A_g05_fc1,0.5,1.0
SA,642,901.0,901.0,true,0.5833333333333334,0.0,0.0,A_g05_fc1,0.5,1.0
SA,643,897.0,897.0,true,0.5833333333333334,0.0,0.0,A_g05_fc1,0.5,1.0
SA,644,900.0,900.0,true,0.75,0.0,0.0,A_g05_fc1,0.5,1.0
SA,645,898.0,898.0,true,0.5833333333333334,0.0,0.0,A_g05_fc1,0.5,1.0
SA,646,898.0,898.0,true,0.5,0.0,0.0,A_g05_fc1,0.5,1.0
SA,647,902.0,902.0,true,0.5833333333333334,0.0,0.0,A_g05_fc1,0.5,1.0
SA,648,899.0,899.0,true,0.5833333333333334,0.0,0.0,A_g05_fc1,0.5,1.0
SA,649,899.0,899.0,true,0.5,0.0,0.0,A_g05_fc1,0.5,1.0
SA,650,895.0,895.0,true,0.16666666666666666,0.0,0.0,A_g05_fc1,0.5,1.0
SA,651,898.0,898.0,true,0.5,0.0,0.0,A_g05_fc1,0.5,1.0
SA,652,898.0,898.0,true,0.4166666666666667,0.0,0.0,A_g05_fc1,0.5,1.0
SA,653,896.0,896.0,true,0.25,0.0,0.0,A_g05_fc1,0.5,1.0
SA,654,898.0,898.0,true,0.3333333333333333,0.0,0.0,A_g05_fc1,0.5,1.0
SA,655,902.0,902.0,true,0.5,0.0,0.0,A_g05_fc1,0.5,1.0
SA,656,899.0,899.0,true,0.5833333333333334,0.0,0.0,A_g05_fc1,0.5,1.0
SA,657,900.0,900.0,true,0.75,0.0,0.0,A_g05_fc1,0.5,1.0
SA,658,900.0,900.0,true,0.6666666666666666,0.0,0.0,A_g05_fc1,0.5,1.0
SA,659,898.0,898.0,true,0.5,0.0,0.0,A_g05_fc1,0.5,1.0
SA,660,898.0,898.0,true,0.5833333333333334,0.0,0.0,A_g05_fc1,0.5,1.0
SA,661,898.0,898.0,true,0.5833333333333334,0.0,0.0,A_g05_fc1,0.5,1.0
SA,662,899.0,899.0,true,0.5,0.0,0.0,A_g05_fc1,0.5,1.0
SA,663,898.0,898.0,true,0.4166666666666667,0.0,0.0,A_g05_fc1,0.5,1.0
SA,664,897.0,897.0,true,0.5,0.0,0.0,A_g05_fc1,0.5,1.0
SA,665,900.0,900.0,true,0.5,0.0,0.0,A_g05_fc1,0.5,1.0
SA,666,896.0,896.0,true,0.4166666666666667,0.0,0.0,A_g05_fc1,0.5,1.0
SA,667,900.0,900.0,true,0.6666666666666666,0.0,0.0,A_g05_fc1,0.5,1.0
SA,668,898.0,898.0,true,0.4166666666666667,0.0,0.0,A_g05_fc1,0.5,1.0
SA,669,900.0,900.0,true,0.5833333333333334,0.0,0.0,A_g05_fc1,0.5,1.0
SA,670,896.0,896.0,true,0.3333333333333333,0.0,0.0,A_g05_fc1,0.5,1.0
SA,671,900.0,900.0,true,0.5833333333333334,0.0,0.0,A_g05_fc1,0.5,1.0
SA,672,902.0,902.0,true,0.5,0.0,0.0,A_g05_fc1,0.5,1.0
SA,673,899.0,899.0,true,0.5,0.0,0.0,A_g05_fc1,0.5,1.0
SA,674,899.0,899.0,true,0.5,0.0,0.0,A_g05_fc1,0.5,1.0
SA,675,900.0,900.0,true,0.5,0.0,0.0,A_g05_fc1,0.5,1.0
SA,676,897.0,897.0,true,0.4166666666666667,0.0,0.0,A_g05_fc1,0.5,1.0
SA,677,900.0,900.0,true,0.4166666666666667,0.0,0.0,A_g05_fc1,0.5,1.0
SA,678,897.0,897.0,true,0.4166666666666667,0.0,0.0,A_g05_fc1,0.5,1.0
SA,679,899.0,899.0,true,0.5833333333333334,0.0,0.0,A_g05_fc1,0.5,1.0
SA,680,901.0,901.0,true,0.75,0.0,0.0,A_g05_fc1,0.5,1.0
SA,681,898.0,898.0,true,0.5833333333333334,0.0,0.0,A_g05_fc1,0.5,1.0
SA,682,902.0,902.0,true,0.8333333333333334,0.0,0.0,A_g05_fc1,0.5,1.0
SA,683,899.0,899.0,true,0.5833333333333334,0.0,0.0,A_g05_fc1,0.5,1.0
SA,684,900.0,900.0,true,0.6666666666666666,0.0,0.0,A_g05_fc1,0.5,1.0
SA,685,895.0,895.0,true,0.3333333333333333,0.0,0.0,A_g05_fc1,0.5,1.0
SA,686,899.0,899.0,true,0.5,0.0,0.0,A_g05_fc1,0.5,1.0
SA,687,898.0,898.0,true,0.4166666666666667,0.0,0.0,A_g05_fc1,0.5,1.0
SA,688,897.0,897.0,true,0.5833333333333334,0.0,0.0,A_g05_fc1,0.5,1.0
SA,689,901.0,901.0,true,0.5833333333333334,0.0,0.0,A_g05_fc1,0.5,1.0
SA,690,899.0,899.0,true,0.5,0.0,0.0,A_g05_fc1,0.5,1.0
SA,691,899.0,899.0,true,0.5833333333333334,0.0,0.0,A_g05_fc1,0.5,1.0
SA,692,900.0,900.0,true,0.5833333333333334,0.0,0.0,A_g05_fc1,0.5,1.0
SA,693,900.0,900.0,true,0.75,0.0,0.0,A_g05_fc1,0.5,1.0
SA,694,896.0,896.0,true,0.4166666666666667,0.0,0.0,A_g05_fc1,0.5,1.0
SA,695,900.0,900.0,true,0.75,0.0,0.0,A_g05_fc1,0.5,1.0
SA,696,900.0,900.0,true,0.5833333333333334,0.0,0.0,A_g05_fc1,0.5,1.0
SA,697,897.0,897.0,true,0.5,0.0,0.0,A_g05_fc1,0.5,1.0
SA,698,900.0,900.0,true,0.5833333333333334,0.0,0.0,A_g05_fc1,0.5,1.0
SA,699,898.0,898.0,true,0.4166666666666667,0.0,0.0,A_g05_fc1,0.5,1.0
SA,700,900.0,900.0,true,0.5,0.0,0.0,A_g05_fc1,0.5,1.0
SA,701,896.0,896.0,true,0.16666666666666666,0.0,0.0,A_g05_fc1,0.5,1.0
SA,702,898.0,898.0,true,0.3333333333333333,0.0,0.0,A_g05_fc1,0.5,1.0
SA,703,899.0,899.0,true,0.5833333333333334,0.0,0.0,A_g05_fc1,0.5,1.0
SA,704,900.0,900.0,true,0.5833333333333334,0.0,0.0,A_g05_fc1,0.5,1.0
SA,705,899.0,899.0,true,0.6666666666666666,0.0,0.0,A_g05_fc1,0.5,1.0
SA,706,896.0,896.0,true,0.25,0.0,0.0,A_g05_fc1,0.5,1.0
SA,707,899.0,899.0,true,0.5833333333333334,0.0,0.0,A_g05_fc1,0.5,1.0
SA,708,903.0,903.0,true,0.6666666666666666,0.0,0.0,A_g05_fc1,0.5,1.0
SA,709,897.0,897.0,true,0.3333333333333333,0.0,0.0,A_g05_fc1,0.5,1.0
SA,710,902.0,902.0,true,0.75,0.0,0.0,A_g05_fc1,0.5,1.0
SA,711,900.0,900.0,true,0.4166666666666667,0.0,0.0,A_g05_fc1,0.5,1.0
SA,712,902.0,902.0,true,0.6666666666666666,0.0,0.0,A_g05_fc1,0.5,1.0
SA,713,899.0,899.0,true,0.5833333333333334,0.0,0.0,A_g05_fc1,0.5,1.0
SA,714,903.0,903.0,true,0.8333333333333334,0.0,0.0,A_g05_fc1,0.5,1.0
SA,715,906.0,906.0,true,0.75,0.0,0.0,A_g05_fc1,0.5,1.0
SA,716,898.0,898.0,true,0.4166666666666667,0.0,0.0,A_g05_fc1,0.5,1.0
SA,717,899.0,899.0,true,0.3333333333333333,0.0,0.0,A_g05_fc1,0.5,1.0
SA,718,897.0,897.0,true,0.4166666666666667,0.0,0.0,A_g05_fc1,0.5,1.0
SA,719,904.0,904.0,true,0.75,0.0,0.0,A_g05_fc1,0.5,1.0
SA,720,900.0,900.0,true,0.75,0.0,0.0,A_g05_fc1,0.5,1.0
SA,721,899.0,899.0,true,0.6666666666666666,0.0,0.0,A_g05_fc1,0.5,1.0
SA,722,899.0,899.0,true,0.3333333333333333,0.0,0.0,A_g05_fc1,0.5,1.0
SA,723,897.0,897.0,true,0.4166666666666667,0.0,0.0,A_g05_fc1,0.5,1.0
SA,724,902.0,902.0,true,0.5833333333333334,0.0,0.0,A_g05_fc1,0.5,1.0
SA,725,897.0,897.0,true,0.5,0.0,0.0,A_g05_fc1,0.5,1.0
SA,726,899.0,899.0,true,0.4166666666666667,0.0,0.0,A_g05_fc1,0.5,1.0
SA,727,897.0,897.0,true,0.4166666666666667,0.0,0.0,A_g05_fc1,0.5,1.0
SA,728,903.0,903.0,true,0.6666666666666666,0.0,0.0,A_g05_fc1,0.5,1.0
SA,729,899.0,899.0,true,0.5833333333333334,0.0,0.0,A_g05_fc1,0.5,1.0
SA,730,897.0,897.0,true,0.4166666666666667,0.0,0.0,A_g05_fc1,0.5,1.0
SA,731,895.0,895.0,true,0.25,0.0,0.0,A_g05_fc1,0.5,1.0
SA,732,899.0,899.0,true,0.4166666666666667,0.0,0.0,A_g05_fc1,0.5,1.0
SA,733,902.0,902.0,true,0.75,0.0,0.0,A_g05_fc1,0.5,1.0
SA,734,896.0,896.0,true,0.4166666666666667,0.0,0.0,A_g05_fc1,0.5,1.0
SA,735,897.0,897.0,true,0.5833333333333334,0.0,0.0,A_g05_fc1,0.5,1.0
SA,736,901.0,901.0,true,0.6666666666666666,0.0,0.0,A_g05_fc1,0.5,1.0
SA,737,900.0,900.0,true,0.5833333333333334,0.0,0.0,A_g05_fc1,0.5,1.0
SA,738,896.0,896.0,true,0.3333333333333333,0.0,0.0,A_g05_fc1,0.5,1.0
SA,739,898.0,898.0,true,0.5,0.0,0.0,A_g05_fc1,0.5,1.0
SA,740,895.0,895.0,true,0.16666666666666666,0.0,0.0,A_g05_fc1,0.5,1.0
SA,741,900.0,900.0,true,0.5,0.0,0.0,A_g05_fc1,0.5,1.0
SA,742,903.0,903.0,true,0.75,0.0,0.0,A_g05_fc1,0.5,1.0
SA,743,897.0,897.0,true,0.25,0.0,0.0,A_g05_fc1,0.5,1.0
SA,744,898.0,898.0,true,0.5833333333333334,0.0,0.0,A_g05_fc1,0.5,1.0
SA,745,902.0,902.0,true,0.5,0.0,0.0,A_g05_fc1,0.5,1.0
SA,746,901.0,901.0,true,0.6666666666666666,0.0,0.0,A_g05_fc1,0.5,1.0
SA,747,899.0,899.0,true,0.5833333333333334,0.0,0.0,A_g05_fc1,0.5,1.0
SA,748,898.0,898.0,true,0.5833333333333334,0.0,0.0,A_g05_fc1,0.5,1.0
SA,749,896.0,896.0,true,0.3333333333333333,0.0,0.0,A_g05_fc1,0.5,1.0
SA,750,896.0,896.0,true,0.3333333333333333,0.0,0.0,A_g05_fc1,0.5,1.0
SA,751,901.0,901.0,true,0.6666666666666666,0.0,0.0,A_g05_fc1,0.5,1.0
SA,752,901.0,901.0,true,0.5833333333333334,0.0,0.0,A_g05_fc1,0.5,1.0
SA,753,898.0,898.0,true,0.5833333333333334,0.0,0.0,A_g05_fc1,0.5,1.0
SA,754,898.0,898.0,true,0.3333333333333333,0.0,0.0,A_g05_fc1,0.5,1.0
SA,755,898.0,898.0,true,0.5,0.0,0.0,A_g05_fc1,0.5,1.0
SA,756,900.0,900.0,true,0.5833333333333334,0.0,0.0,A_g05_fc1,0.5,1.0
SA,757,903.0,903.0,true,0.9166666666666666,0.0,0.0,A_g05_fc1,0.5,1.0
SA,758,900.0,900.0,true,0.5,0.0,0.0,A_g05_fc1,0.5,1.0
SA,759,900.0,900.0,true,0.4166666666666667,0.0,0.0,A_g05_fc1,0.5,1.0
SA,760,899.0,899.0,true,0.5833333333333334,0.0,0.0,A_g05_fc1,0.5,1.0
SA,761,900.0,900.0,true,0.5833333333333334,0.0,0.0,A_g05_fc1,0.5,1.0
SA,762,898.0,898.0,true,0.5833333333333334,0.0,0.0,A_g05_fc1,0.5,1.0
SA,763,898.0,898.0,true,0.5,0.0,0.0,A_g05_fc1,0.5,1.0
SA,764,896.0,896.0,true,0.16666666666666666,0.0,0.0,A_g05_fc1,0.5,1.0
SA,765,900.0,900.0,true,0.6666666666666666,0.0,0.0,A_g05_fc1,0.5,1.0
SA,766,902.0,902.0,true,0.6666666666666666,0.0,0.0,A_g05_fc1,0.5,1.0
SA,767,901.0,901.0,true,0.8333333333333334,0.0,0.0,A_g05_fc1,0.5,1.0
SA,768,901.0,901.0,true,0.5833333333333334,0.0,0.0,A_g05_fc1,0.5,1.0
SA,769,898.0,898.0,true,0.5,0.0,0.0,A_g05_fc1,0.5,1.0
SA,770,900.0,900.0,true,0.5,0.0,0.0,A_g05_fc1,0.5,1.0
SA,771,902.0,902.0,true,0.75,0.0,0.0,A_g05_fc1,0.5,1.0
SA,772,897.0,897.0,true,0.5,0.0,0.0,A_g05_fc1,0.5,1.0
SA,773,901.0,901.0,true,0.5,0.0,0.0,A_g05_fc1,0.5,1.0
SA,774,903.0,903.0,true,0.6666666666666666,0.0,0.0,A_g05_fc1,0.5,1.0
SA,775,895.0,895.0,true,0.5,0.0,0.0,A_g05_fc1,0.5,1.0
SA,776,897.0,897.0,true,0.4166666666666667,0.0,0.0,A_g05_fc1,0.5,1.0
SA,777,900.0,900.0,true,0.4166666666666667,0.0,0.0,A_g05_fc1,0.5,1.0
SA,778,896.0,896.0,true,0.25,0.0,0.0,A_g05_fc1,0.5,1.0
SA,779,900.0,900.0,true,0.5,0.0,0.0,A_g05_fc1,0.5,1.0
SA,780,899.0,899.0,true,0.75,0.0,0.0,A_g05_fc1,0.5,1.0
SA,781,898.0,898.0,true,0.5833333333333334,0.0,0.0,A_g05_fc1,0.5,1.0
SA,782,901.0,901.0,true,0.4166666666666667,0.0,0.0,A_g05_fc1,0.5,1.0
SA,783,899.0,899.0,true,0.4166666666666667,0.0,0.0,A_g05_fc1,0.5,1.0
SA,784,900.0,900.0,true,0.5,0.0,0.0,A_g05_fc1,0.5,1.0
SA,785,904.0,904.0,true,0.6666666666666666,0.0,0.0,A_g05_fc1,0.5,1.0
SA,786,897.0,897.0,true,0.4166666666666667,0.0,0.0,A_g05_fc1,0.5,1.0
SA,787,901.0,901.0,true,0.5,0.0,0.0,A_g05_fc1,0.5,1.0
SA,788,902.0,902.0,true,0.5,0.0,0.0,A_g05_fc1,0.5,1.0
SA,789,898.0,898.0,true,0.5,0.0,0.0,A_g05_fc1,0.5,1.0
SA,790,900.0,900.0,true,0.5833333333333334,0.0,0.0,A_g05_fc1,0.5,1.0
SA,791,898.0,898.0,true,0.4166666666666667,0.0,0.0,A_g05_fc1,0.5,1.0
SA,792,897.0,897.0,true,0.4166666666666667,0.0,0.0,A_g05_fc1,0.5,1.0
SA,793,901.0,901.0,true,0.8333333333333334,0.0,0.0,A_g05_fc1,0.5,1.0
SA,794,899.0,899.0,true,0.4166666666666667,0.0,0.0,A_g05_fc1,0.5,1.0
SA,795,897.0,897.0,true,0.3333333333333333,0.0,0.0,A_g05_fc1,0.5,1.0
SA,796,896.0,896.0,true,0.5,0.0,0.0,A_g05_fc1,0.5,1.0
SA,797,898.0,898.0,true,0.6666666666666666,0.0,0.0,A_g05_fc1,0.5,1.0
SA,798,902.0,902.0,true,0.75,0.0,0.0,A_g05_fc1,0.5,1.0
SA,799,899.0,899.0,true,0.5,0.0,0.0,A_g05_fc1,0.5,1.0
SA,800,898.0,898.0,true,0.4166666666666667,0.0,0.0,A_g05_fc1,0.5,1.0
SA,801,899.0,899.0,true,0.4166666666666667,0.0,0.0,A_g05_fc1,0.5,1.0
SA,802,901.0,901.0,true,0.6666666666666666,0.0,0.0,A_g05_fc1,0.5,1.0
SA,803,898.0,898.0,true,0.4166666666666667,0.0,0.0,A_g05_fc1,0.5,1.0
SA,804,898.0,898.0,true,0.3333333333333333,0.0,0.0,A_g05_fc1,0.5,1.0
SA,805,897.0,897.0,true,0.4166666666666667,0.0,0.0,A_g05_fc1,0.5,1.0
SA,806,900.0,900.0,true,0.5,0.0,0.0,A_g05_fc1,0.5,1.0
SA,807,901.0,901.0,true,0.6666666666666666,0.0,0.0,A_g05_fc1,0.5,1.0
SA,808,902.0,902.0,true,0.6666666666666666,0.0,0.0,A_g05_fc1,0.5,1.0
SA,809,902.0,902.0,true,0.5833333333333334,0.0,0.0,A_g05_fc1,0.5,1.0
SA,810,902.0,902.0,true,0.5833333333333334,0.0,0.0,A_g05_fc1,0.5,1.0
SA,811,896.0,896.0,true,0.25,0.0,0.0,A_g05_fc1,0.5,1.0
SA,812,898.0,898.0,true,0.4166666666666667,0.0,0.0,A_g05_fc1,0.5,1.0
SA,813,898.0,898.0,true,0.5,0.0,0.0,A_g05_fc1,0.5,1.0
SA,814,897.0,897.0,true,0.5,0.0,0.0,A_g05_fc1,0.5,1.0
SA,815,899.0,899.0,true,0.6666666666666666,0.0,0.0,A_g05_fc1,0.5,1.0
SA,816,900.0,900.0,true,0.6666666666666666,0.0,0.0,A_g05_fc1,0.5,1.0
SA,817,898.0,898.0,true,0.4166666666666667,0.0,0.0,A_g05_fc1,0.5,1.0
SA,818,902.0,902.0,true,0.5833333333333334,0.0,0.0,A_g05_fc1,0.5,1.0
SA,819,904.0,904.0,true,0.6666666666666666,0.0,0.0,A_g05_fc1,0.5,1.0
SA,820,897.0,897.0,true,0.4166666666666667,0.0,0.0,A_g05_fc1,0.5,1.0
SA,821,903.0,903.0,true,0.75,0.0,0.0,A_g05_fc1,0.5,1.0
SA,822,896.0,896.0,true,0.4166666666666667,0.0,0.0,A_g05_fc1,0.5,1.0
SA,823,899.0,899.0,true,0.5,0.0,0.0,A_g05_fc1,0.5,1.0
SA,824,899.0,899.0,true,0.4166666666666667,0.0,0.0,A_g05_fc1,0.5,1.0
SA,825,899.0,899.0,true,0.4166666666666667,0.0,0.0,A_g05_fc1,0.5,1.0
SA,826,899.0,899.0,true,0.5,0.0,0.0,A_g05_fc1,0.5,1.0
SA,827,897.0,897.0,true,0.5,0.0,0.0,A_g05_fc1,0.5,1.0
SA,828,905.0,905.0,true,0.75,0.0,0.0,A_g05_fc1,0.5,1.0
SA,829,897.0,897.0,true,0.5,0.0,0.0,A_g05_fc1,0.5,1.0
SA,830,901.0,901.0,true,0.5,0.0,0.0,A_g05_fc1,0.5,1.0
SA,831,900.0,900.0,true,0.4166666666666667,0.0,0.0,A_g05_fc1,0.5,1.0
SA,832,899.0,899.0,true,0.5,0.0,0.0,A_g05_fc1,0.5,1.0
SA,833,895.0,895.0,true,0.25,0.0,0.0,A_g05_fc1,0.5,1.0
SA,834,900.0,900.0,true,0.4166666666666667,0.0,0.0,A_g05_fc1,0.5,1.0
SA,835,902.0,902.0,true,0.5833333333333334,0.0,0.0,A_g05_fc1,0.5,1.0
SA,836,900.0,900.0,true,0.8333333333333334,0.0,0.0,A_g05_fc1,0.5,1.0
SA,837,897.0,897.0,true,0.3333333333333333,0.0,0.0,A_g05_fc1,0.5,1.0
SA,838,897.0,897.0,true,0.3333333333333333,0.0,0.0,A_g05_fc1,0.5,1.0
SA,839,900.0,900.0,true,0.5,0.0,0.0,A_g05_fc1,0.5,1.0
SA,840,902.0,902.0,true,0.5833333333333334,0.0,0.0,A_g05_fc1,0.5,1.0
SA,841,901.0,901.0,true,0.5,0.0,0.0,A_g05_fc1,0.5,1.0
SA,842,896.0,896.0,true,0.25,0.0,0.0,A_g05_fc1,0.5,1.0
SA,843,900.0,900.0,true,0.5833333333333334,0.0,0.0,A_g05_fc1,0.5,1.0
SA,844,902.0,902.0,true,0.5833333333333334,0.0,0.0,A_g05_fc1,0.5,1.0
SA,845,899.0,899.0,true,0.6666666666666666,0.0,0.0,A_g05_fc1,0.5,1.0
SA,846,896.0,896.0,true,0.25,0.0,0.0,A_g05_fc1,0.5,1.0
SA,847,897.0,897.0,true,0.3333333333333333,0.0,0.0,A_g05_fc1,0.5,1.0
SA,848,900.0,900.0,true,0.5,0.0,0.0,A_g05_fc1,0.5,1.0
SA,849,900.0,900.0,true,0.5,0.0,0.0,A_g05_fc1,0.5,1.0
SA,850,896.0,896.0,true,0.5,0.0,0.0,A_g05_fc1,0.5,1.0
SA,851,901.0,901.0,true,0.5,0.0,0.0,A_g05_fc1,0.5,1.0
SA,852,899.0,899.0,true,0.5,0.0,0.0,A_g05_fc1,0.5,1.0
SA,853,901.0,901.0,true,0.6666666666666666,0.0,0.0,A_g05_fc1,0.5,1.0
SA,854,898.0,898.0,true,0.5833333333333334,0.0,0.0,A_g05_fc1,0.5,1.0
SA,855,898.0,898.0,true,0.5833333333333334,0.0,0.0,A_g05_fc1,0.5,1.0
SA,856,900.0,900.0,true,0.5,0.0,0.0,A_g05_fc1,0.5,1.0
SA,857,899.0,899.0,true,0.5,0.0,0.0,A_g05_fc1,0.5,1.0
SA,858,898.0,898.0,true,0.3333333333333333,0.0,0.0,A_g05_fc1,0.5,1.0
SA,859,902.0,902.0,true,0.5,0.0,0.0,A_g05_fc1,0.5,1.0
SA,860,900.0,900.0,true,0.5,0.0,0.0,A_g05_fc1,0.5,1.0
SA,861,898.0,898.0,true,0.3333333333333333,0.0,0.0,A_g05_fc1,0.5,1.0
SA,862,900.0,900.0,true,0.5833333333333334,0.0,0.0,A_g05_fc1,0.5,1.0
SA,863,899.0,899.0,true,0.3333333333333333,0.0,0.0,A_g05_fc1,0.5,1.0
SA,864,897.0,897.0,true,0.4166666666666667,0.0,0.0,A_g05_fc1,0.5,1.0
SA,865,898.0,898.0,true,0.5833333333333334,0.0,0.0,A_g05_fc1,0.5,1.0
SA,866,900.0,900.0,true,0.5,0.0,0.0,A_g05_fc1,0.5,1.0
SA,867,898.0,898.0,true,0.4166666666666667,0.0,0.0,A_g05_fc1,0.5,1.0
SA,868,903.0,903.0,true,0.75,0.0,0.0,A_g05_fc1,0.5,1.0
SA,869,899.0,899.0,true,0.4166666666666667,0.0,0.0,A_g05_fc1,0.5,1.0
SA,870,901.0,901.0,true,0.5,0.0,0.0,A_g05_fc1,0.5,1.0
SA,871,897.0,897.0,true,0.3333333333333333,0.0,0.0,A_g05_fc1,0.5,1.0
SA,872,900.0,900.0,true,0.4166666666666667,0.0,0.0,A_g05_fc1,0.5,1.0
SA,873,897.0,897.0,true,0.3333333333333333,0.0,0.0,A_g05_fc1,0.5,1.0
SA,874,899.0,899.0,true,0.4166666666666667,0.0,0.0,A_g05_fc1,0.5,1.0
SA,875,899.0,899.0,true,0.5833333333333334,0.0,0.0,A_g05_fc1,0.5,1.0
SA,876,898.0,898.0,true,0.5833333333333334,0.0,0.0,A_g05_fc1,0.5,1.0
SA,877,899.0,899.0,true,0.5833333333333334,0.0,0.0,A_g05_fc1,0.5,1.0
SA,878,902.0,902.0,true,0.5833333333333334,0.0,0.0,A_g05_fc1,0.5,1.0
SA,879,899.0,899.0,true,0.6666666666666666,0.0,0.0,A_g05_fc1,0.5,1.0
SA,880,898.0,898.0,true,0.5833333333333334,0.0,0.0,A_g05_fc1,0.5,1.0
SA,881,901.0,901.0,true,0.5833333333333334,0.0,0.0,A_g05_fc1,0.5,1.0
SA,882,900.0,900.0,true,0.6666666666666666,0.0,0.0,A_g05_fc1,0.5,1.0
SA,883,900.0,900.0,true,0.75,0.0,0.0,A_g05_fc1,0.5,1.0
SA,884,898.0,898.0,true,0.5,0.0,0.0,A_g05_fc1,0.5,1.0
SA,885,899.0,899.0,true,0.5,0.0,0.0,A_g05_fc1,0.5,1.0
SA,886,904.0,904.0,true,0.75,0.0,0.0,A_g05_fc1,0.5,1.0
SA,887,897.0,897.0,true,0.4166666666666667,0.0,0.0,A_g05_fc1,0.5,1.0
SA,888,900.0,900.0,true,0.4166666666666667,0.0,0.0,A_g05_fc1,0.5,1.0
SA,889,900.0,900.0,true,0.5833333333333334,0.0,0.0,A_g05_fc1,0.5,1.0
SA,890,900.0,900.0,true,0.6666666666666666,0.0,0.0,A_g05_fc1,0.5,1.0
SA,891,896.0,896.0,true,0.5,0.0,0.0,A_g05_fc1,0.5,1.0
SA,892,897.0,897.0,true,0.3333333333333333,0.0,0.0,A_g05_fc1,0.5,1.0
SA,893,901.0,901.0,true,0.6666666666666666,0.0,0.0,A_g05_fc1,0.5,1.0
SA,894,898.0,898.0,true,0.6666666666666666,0.0,0.0,A_g05_fc1,0.5,1.0
SA,895,897.0,897.0,true,0.5,0.0,0.0,A_g05_fc1,0.5,1.0
SA,896,897.0,897.0,true,0.25,0.0,0.0,A_g05_fc1,0.5,1.0
SA,897,896.0,896.0,true,0.25,0.0,0.0,A_g05_fc1,0.5,1.0
SA,898,899.0,899.0,true,0.25,0.0,0.0,A_g05_fc1,0.5,1.0
SA,899,898.0,898.0,true,0.5,0.0,0.0,A_g05_fc1,0.5,1.0
SA,900,899.0,899.0,true,0.5,0.0,0.0,A_g05_fc1,0.5,1.0
SA,901,903.0,903.0,true,0.6666666666666666,0.0,0.0,A_g05_fc1,0.5,1.0
SA,902,897.0,897.0,true,0.4166666666666667,0.0,0.0,A_g05_fc1,0.5,1.0
SA,903,901.0,901.0,true,0.6666666666666666,0.0,0.0,A_g05_fc1,0.5,1.0
SA,904,901.0,901.0,true,0.6666666666666666,0.0,0.0,A_g05_fc1,0.5,1.0
SA,905,899.0,899.0,true,0.5,0.0,0.0,A_g05_fc1,0.5,1.0
SA,906,899.0,899.0,true,0.5,0.0,0.0,A_g05_fc1,0.5,1.0
SA,907,901.0,901.0,true,0.8333333333333334,0.0,0.0,A_g05_fc1,0.5,1.0
SA,908,897.0,897.0,true,0.3333333333333333,0.0,0.0,A_g05_fc1,0.5,1.0
SA,909,905.0,905.0,true,0.8333333333333334,0.0,0.0,A_g05_fc1,0.5,1.0
SA,910,899.0,899.0,true,0.5,0.0,0.0,A_g05_fc1,0.5,1.0
SA,911,901.0,901.0,true,0.5,0.0,0.0,A_g05_fc1,0.5,1.0
SA,912,899.0,899.0,true,0.5,0.0,0.0,A_g05_fc1,0.5,1.0
SA,913,901.0,901.0,true,0.75,0.0,0.0,A_g05_fc1,0.5,1.0
SA,914,899.0,899.0,true,0.3333333333333333,0.0,0.0,A_g05_fc1,0.5,1.0
SA,915,898.0,898.0,true,0.4166666666666667,0.0,0.0,A_g05_fc1,0.5,1.0
SA,916,900.0,900.0,true,0.5,0.0,0.0,A_g05_fc1,0.5,1.0
SA,917,901.0,901.0,true,0.6666666666666666,0.0,0.0,A_g05_fc1,0.5,1.0
SA,918,899.0,899.0,true,0.4166666666666667,0.0,0.0,A_g05_fc1,0.5,1.0
SA,919,899.0,899.0,true,0.6666666666666666,0.0,0.0,A_g05_fc1,0.5,1.0
SA,920,896.0,896.0,true,0.25,0.0,0.0,A_g05_fc1,0.5,1.0
SA,921,896.0,896.0,true,0.16666666666666666,0.0,0.0,A_g05_fc1,0.5,1.0
SA,922,902.0,902.0,true,0.6666666666666666,0.0,0.0,A_g05_fc1,0.5,1.0
SA,923,898.0,898.0,true,0.5,0.0,0.0,A_g05_fc1,0.5,1.0
SA,924,900.0,900.0,true,0.5,0.0,0.0,A_g05_fc1,0.5,1.0
SA,925,896.0,896.0,true,0.5,0.0,0.0,A_g05_fc1,0.5,1.0
SA,926,899.0,899.0,true,0.4166666666666667,0.0,0.0,A_g05_fc1,0.5,1.0
SA,927,899.0,899.0,true,0.5833333333333334,0.0,0.0,A_g05_fc1,0.5,1.0
SA,928,901.0,901.0,true,0.4166666666666667,0.0,0.0,A_g05_fc1,0.5,1.0
SA,929,899.0,899.0,true,0.4166666666666667,0.0,0.0,A_g05_fc1,0.5,1.0
SA,930,899.0,899.0,true,0.4166666666666667,0.0,0.0,A_g05_fc1,0.5,1.0
SA,931,900.0,900.0,true,0.5833333333333334,0.0,0.0,A_g05_fc1,0.5,1.0
SA,932,900.0,900.0,true,0.5833333333333334,0.0,0.0,A_g05_fc1,0.5,1.0
SA,933,896.0,896.0,true,0.4166666666666667,0.0,0.0,A_g05_fc1,0.5,1.0
SA,934,895.0,895.0,true,0.5,0.0,0.0,A_g05_fc1,0.5,1.0
SA,935,897.0,897.0,true,0.25,0.0,0.0,A_g05_fc1,0.5,1.0
SA,936,900.0,900.0,true,0.5,0.0,0.0,A_g05_fc1,0.5,1.0
SA,937,903.0,903.0,true,0.8333333333333334,0.0,0.0,A_g05_fc1,0.5,1.0
SA,938,900.0,900.0,true,0.5,0.0,0.0,A_g05_fc1,0.5,1.0
SA,939,901.0,901.0,true,0.5833333333333334,0.0,0.0,A_g05_fc1,0.5,1.0
SA,940,901.0,901.0,true,0.5833333333333334,0.0,0.0,A_g05_fc1,0.5,1.0
SA,941,897.0,897.0,true,0.5,0.0,0.0,A_g05_fc1,0.5,1.0
SA,942,898.0,898.0,true,0.5833333333333334,0.0,0.0,A_g05_fc1,0.5,1.0
SA,943,899.0,899.0,true,0.4166666666666667,0.0,0.0,A_g05_fc1,0.5,1.0
SA,944,901.0,901.0,true,0.5833333333333334,0.0,0.0,A_g05_fc1,0.5,1.0
SA,945,901.0,901.0,true,0.75,0.0,0.0,A_g05_fc1,0.5,1.0
SA,946,899.0,899.0,true,0.5,0.0,0.0,A_g05_fc1,0.5,1.0
SA,947,896.0,896.0,true,0.3333333333333333,0.0,0.0,A_g05_fc1,0.5,1.0
SA,948,900.0,900.0,true,0.5833333333333334,0.0,0.0,A_g05_fc1,0.5,1.0
SA,949,903.0,903.0,true,0.6666666666666666,0.0,0.0,A_g05_fc1,0.5,1.0
SA,950,900.0,900.0,true,0.6666666666666666,0.0,0.0,A_g05_fc1,0.5,1.0
SA,951,899.0,899.0,true,0.5833333333333334,0.0,0.0,A_g05_fc1,0.5,1.0
SA,952,899.0,899.0,true,0.5,0.0,0.0,A_g05_fc1,0.5,1.0
SA,953,897.0,897.0,true,0.3333333333333333,0.0,0.0,A_g05_fc1,0.5,1.0
SA,954,900.0,900.0,true,0.6666666666666666,0.0,0.0,A_g05_fc1,0.5,1.0
SA,955,900.0,900.0,true,0.5833333333333334,0.0,0.0,A_g05_fc1,0.5,1.0
SA,956,896.0,896.0,true,0.5,0.0,0.0,A_g05_fc1,0.5,1.0
SA,957,900.0,900.0,true,0.5833333333333334,0.0,0.0,A_g05_fc1,0.5,1.0
SA,958,900.0,900.0,true,0.75,0.0,0.0,A_g05_fc1,0.5,1.0
SA,959,899.0,899.0,true,0.3333333333333333,0.0,0.0,A_g05_fc1,0.5,1.0
SA,960,900.0,900.0,true,0.75,0.0,0.0,A_g05_fc1,0.5,1.0
SA,961,902.0,902.0,true,0.75,0.0,0.0,A_g05_fc1,0.5,1.0
SA,962,899.0,899.0,true,0.6666666666666666,0.0,0.0,A_g05_fc1,0.5,1.0
SA,963,902.0,902.0,true,0.6666666666666666,0.0,0.0,A_g05_fc1,0.5,1.0
SA,964,898.0,898.0,true,0.25,0.0,0.0,A_g05_fc1,0.5,1.0
SA,965,899.0,899.0,true,0.4166666666666667,0.0,0.0,A_g05_fc1,0.5,1.0
SA,966,899.0,899.0,true,0.6666666666666666,0.0,0.0,A_g05_fc1,0.5,1.0
SA,967,899.0,899.0,true,0.4166666666666667,0.0,0.0,A_g05_fc1,0.5,1.0
SA,968,902.0,902.0,true,0.6666666666666666,0.0,0.0,A_g05_fc1,0.5,1.0
SA,969,904.0,904.0,true,0.75,0.0,0.0,A_g05_fc1,0.5,1.0
SA,970,895.0,895.0,true,0.4166666666666667,0.0,0.0,A_g05_fc1,0.5,1.0
SA,971,896.0,896.0,true,0.4166666666666667,0.0,0.0,A_g05_fc1,0.5,1.0
SA,972,896.0,896.0,true,0.3333333333333333,0.0,0.0,A_g05_fc1,0.5,1.0
SA,973,902.0,902.0,true,0.75,0.0,0.0,A_g05_fc1,0.5,1.0
SA,974,899.0,899.0,true,0.5833333333333334,0.0,0.0,A_g05_fc1,0.5,1.0
SA,975,897.0,897.0,true,0.5833333333333334,0.0,0.0,A_g05_fc1,0.5,1.0
SA,976,903.0,903.0,true,0.6666666666666666,0.0,0.0,A_g05_fc1,0.5,1.0
SA,977,899.0,899.0,true,0.5,0.0,0.0,A_g05_fc1,0.5,1.0
SA,978,897.0,897.0,true,0.5,0.0,0.0,A_g05_fc1,0.5,1.0
SA,979,896.0,896.0,true,0.4166666666666667,0.0,0.0,A_g05_fc1,0.5,1.0
SA,980,903.0,903.0,true,0.5833333333333334,0.0,0.0,A_g05_fc1,0.5,1.0
SA,981,899.0,899.0,true,0.3333333333333333,0.0,0.0,A_g05_fc1,0.5,1.0
SA,982,899.0,899.0,true,0.5,0.0,0.0,A_g05_fc1,0.5,1.0
SA,983,901.0,901.0,true,0.5833333333333334,0.0,0.0,A_g05_fc1,0.5,1.0
SA,984,900.0,900.0,true,0.5833333333333334,0.0,0.0,A_g05_fc1,0.5,1.0
SA,985,899.0,899.0,true,0.5833333333333334,0.0,0.0,A_g05_fc1,0.5,1.0
SA,986,900.0,900.0,true,0.3333333333333333,0.0,0.0,A_g05_fc1,0.5,1.0
SA,987,895.0,895.0,true,0.25,0.0,0.0,A_g05_fc1,0.5,1.0
SA,988,897.0,897.0,true,0.5,0.0,0.0,A_g05_fc1,0.5,1.0
SA,989,896.0,896.0,true,0.25,0.0,0.0,A_g05_fc1,0.5,1.0
SA,990,901.0,901.0,true,0.5833333333333334,0.0,0.0,A_g05_fc1,0.5,1.0
SA,991,901.0,901.0,true,0.75,0.0,0.0,A_g05_fc1,0.5,1.0
SA,992,897.0,897.0,true,0.5833333333333334,0.0,0.0,A_g05_fc1,0.5,1.0
SA,993,899.0,899.0,true,0.5,0.0,0.0,A_g05_fc1,0.5,1.0
SA,994,896.0,896.0,true,0.5,0.0,0.0,A_g05_fc1,0.5,1.0
SA,995,897.0,897.0,true,0.5833333333333334,0.0,0.0,A_g05_fc1,0.5,1.0
SA,996,903.0,903.0,true,0.5,0.0,0.0,A_g05_fc1,0.5,1.0
SA,997,899.0,899.0,true,0.5,0.0,0.0,A_g05_fc1,0.5,1.0
SA,998,898.0,898.0,true,0.5,0.0,0.0,A_g05_fc1,0.5,1.0
SA,999,899.0,899.0,true,0.5,0.0,0.0,A_g05_fc1,0.5,1.0
SA,1000,895.0,895.0,true,0.4166666666666667,0.0,0.0,A_g05_fc1,0.5,1.0
SQA,1,903.0,902.0,true,0.75,0.0,0.0,A_g05_fc1,0.5,1.0
SQA,2,904.0,904.0,true,0.8333333333333334,0.0,0.0,A_g05_fc1,0.5,1.0
SQA,3,902.0,901.0,true,0.75,0.0,0.0,A_g05_fc1,0.5,1.0
SQA,4,905.0,904.0,true,0.8333333333333334,0.0,0.0,A_g05_fc1,0.5,1.0
SQA,5,903.0,902.0,true,0.5833333333333334,0.0,0.0,A_g05_fc1,0.5,1.0
SQA,6,904.0,904.0,true,0.6666666666666666,0.0,0.0,A_g05_fc1,0.5,1.0
SQA,7,902.0,901.0,true,0.5833333333333334,0.0,0.0,A_g05_fc1,0.5,1.0
SQA,8,904.0,903.0,true,0.5833333333333334,0.0,0.0,A_g05_fc1,0.5,1.0
SQA,9,901.0,900.0,true,0.5833333333333334,0.0,0.0,A_g05_fc1,0.5,1.0
SQA,10,904.0,903.0,true,0.5833333333333334,0.0,0.0,A_g05_fc1,0.5,1.0
SQA,11,903.0,902.0,true,0.6666666666666666,0.0,0.0,A_g05_fc1,0.5,1.0
SQA,12,901.0,901.0,true,0.75,0.0,0.0,A_g05_fc1,0.5,1.0
SQA,13,902.0,902.0,true,0.75,0.0,0.0,A_g05_fc1,0.5,1.0
SQA,14,903.0,902.0,true,0.6666666666666666,0.0,0.0,A_g05_fc1,0.5,1.0
SQA,15,903.0,903.0,true,0.6666666666666666,0.0,0.0,A_g05_fc1,0.5,1.0
SQA,16,905.0,905.0,true,0.6666666666666666,0.0,0.0,A_g05_fc1,0.5,1.0
SQA,17,903.0,903.0,true,0.5,0.0,0.0,A_g05_fc1,0.5,1.0
SQA,18,904.0,903.0,true,0.6666666666666666,0.0,0.0,A_g05_fc1,0.5,1.0
SQA,19,902.0,901.0,true,0.5,0.0,0.0,A_g05_fc1,0.5,1.0
SQA,20,903.0,902.0,true,0.6666666666666666,0.0,0.0,A_g05_fc1,0.5,1.0
SQA,21,903.0,902.0,true,0.6666666666666666,0.0,0.0,A_g05_fc1,0.5,1.0
SQA,22,904.0,903.0,true,0.75,0.0,0.0,A_g05_fc1,0.5,1.0
SQA,23,903.0,902.0,true,0.5833333333333334,0.0,0.0,A_g05_fc1,0.5,1.0
SQA,24,903.0,903.0,true,0.6666666666666666,0.0,0.0,A_g05_fc1,0.5,1.0
SQA,25,905.0,904.0,true,0.8333333333333334,0.0,0.0,A_g05_fc1,0.5,1.0
SQA,26,903.0,902.0,true,0.75,0.0,0.0,A_g05_fc1,0.5,1.0
SQA,27,902.0,901.0,true,0.6666666666666666,0.0,0.0,A_g05_fc1,0.5,1.0
SQA,28,904.0,903.0,true,0.8333333333333334,0.0,0.0,A_g05_fc1,0.5,1.0
SQA,29,902.0,902.0,true,0.5,0.0,0.0,A_g05_fc1,0.5,1.0
SQA,30,903.0,903.0,true,0.75,0.0,0.0,A_g05_fc1,0.5,1.0
SQA,31,902.0,902.0,true,0.5833333333333334,0.0,0.0,A_g05_fc1,0.5,1.0
SQA,32,901.0,901.0,true,0.5833333333333334,0.0,0.0,A_g05_fc1,0.5,1.0
SQA,33,902.0,901.0,true,0.5,0.0,0.0,A_g05_fc1,0.5,1.0
SQA,34,905.0,905.0,true,0.75,0.0,0.0,A_g05_fc1,0.5,1.0
SQA,35,904.0,903.0,true,0.8333333333333334,0.0,0.0,A_g05_fc1,0.5,1.0
SQA,36,902.0,902.0,true,0.6666666666666666,0.0,0.0,A_g05_fc1,0.5,1.0
SQA,37,903.0,903.0,true,0.5833333333333334,0.0,0.0,A_g05_fc1,0.5,1.0
SQA,38,903.0,902.0,true,0.8333333333333334,0.0,0.0,A_g05_fc1,0.5,1.0
SQA,39,903.0,903.0,true,0.6666666666666666,0.0,0.0,A_g05_fc1,0.5,1.0
SQA,40,903.0,903.0,true,0.75,0.0,0.0,A_g05_fc1,0.5,1.0
SQA,41,904.0,903.0,true,0.8333333333333334,0.0,0.0,A_g05_fc1,0.5,1.0
SQA,42,902.0,901.0,true,0.5833333333333334,0.0,0.0,A_g05_fc1,0.5,1.0
SQA,43,904.0,903.0,true,0.75,0.0,0.0,A_g05_fc1,0.5,1.0
SQA,44,903.0,903.0,true,0.75,0.0,0.0,A_g05_fc1,0.5,1.0
SQA,45,904.0,904.0,true,0.75,0.0,0.0,A_g05_fc1,0.5,1.0
SQA,46,905.0,904.0,true,0.8333333333333334,0.0,0.0,A_g05_fc1,0.5,1.0
SQA,47,901.0,901.0,true,0.5,0.0,0.0,A_g05_fc1,0.5,1.0
SQA,48,904.0,903.0,true,0.9166666666666666,0.0,0.0,A_g05_fc1,0.5,1.0
SQA,49,904.0,904.0,true,0.8333333333333334,0.0,0.0,A_g05_fc1,0.5,1.0
SQA,50,902.0,901.0,true,0.8333333333333334,0.0,0.0,A_g05_fc1,0.5,1.0
SQA,51,902.0,902.0,true,0.6666666666666666,0.0,0.0,A_g05_fc1,0.5,1.0
SQA,52,903.0,903.0,true,0.8333333333333334,0.0,0.0,A_g05_fc1,0.5,1.0
SQA,53,905.0,904.0,true,0.75,0.0,0.0,A_g05_fc1,0.5,1.0
SQA,54,903.0,903.0,true,0.6666666666666666,0.0,0.0,A_g05_fc1,0.5,1.0
SQA,55,904.0,904.0,true,0.6666666666666666,0.0,0.0,A_g05_fc1,0.5,1.0
SQA,56,904.0,903.0,true,0.75,0.0,0.0,A_g05_fc1,0.5,1.0
SQA,57,902.0,902.0,true,0.6666666666666666,0.0,0.0,A_g05_fc1,0.5,1.0
SQA,58,902.0,901.0,true,0.5833333333333334,0.0,0.0,A_g05_fc1,0.5,1.0
SQA,59,902.0,901.0,true,0.6666666666666666,0.0,0.0,A_g05_fc1,0.5,1.0
SQA,60,900.0,900.0,true,0.5,0.0,0.0,A_g05_fc1,0.5,1.0
SQA,61,903.0,902.0,true,0.8333333333333334,0.0,0.0,A_g05_fc1,0.5,1.0
SQA,62,903.0,902.0,true,0.75,0.0,0.0,A_g05_fc1,0.5,1.0
SQA,63,902.0,901.0,true,0.75,0.0,0.0,A_g05_fc1,0.5,1.0
SQA,64,902.0,902.0,true,0.75,0.0,0.0,A_g05_fc1,0.5,1.0
SQA,65,902.0,902.0,true,0.6666666666666666,0.0,0.0,A_g05_fc1,0.5,1.0
SQA,66,904.0,903.0,true,0.6666666666666666,0.0,0.0,A_g05_fc1,0.5,1.0
SQA,67,903.0,902.0,true,0.6666666666666666,0.0,0.0,A_g05_fc1,0.5,1.0
SQA,68,903.0,903.0,true,0.6666666666666666,0.0,0.0,A_g05_fc1,0.5,1.0
SQA,69,901.0,901.0,true,0.75,0.0,0.0,A_g05_fc1,0.5,1.0
SQA,70,906.0,906.0,true,0.75,0.0,0.0,A_g05_fc1,0.5,1.0
SQA,71,903.0,902.0,true,0.75,0.0,0.0,A_g05_fc1,0.5,1.0
SQA,72,903.0,902.0,true,0.8333333333333334,0.0,0.0,A_g05_fc1,0.5,1.0
SQA,73,901.0,901.0,true,0.5833333333333334,0.0,0.0,A_g05_fc1,0.5,1.0
SQA,74,902.0,902.0,true,0.5,0.0,0.0,A_g05_fc1,0.5,1.0
SQA,75,903.0,903.0,true,0.5833333333333334,0.0,0.0,A_g05_fc1,0.5,1.0
SQA,76,904.0,904.0,true,0.9166666666666666,0.0,0.0,A_g05_fc1,0.5,1.0
SQA,77,903.0,902.0,true,0.5833333333333334,0.0,0.0,A_g05_fc1,0.5,1.0
SQA,78,906.0,906.0,true,0.9166666666666666,0.0,0.0,A_g05_fc1,0.5,1.0
SQA,79,902.0,902.0,true,0.8333333333333334,0.0,0.0,A_g05_fc1,0.5,1.0
SQA,80,905.0,904.0,true,0.75,0.0,0.0,A_g05_fc1,0.5,1.0
SQA,81,903.0,903.0,true,0.75,0.0,0.0,A_g05_fc1,0.5,1.0
SQA,82,902.0,901.0,true,0.75,0.0,0.0,A_g05_fc1,0.5,1.0
SQA,83,904.0,904.0,true,0.6666666666666666,0.0,0.0,A_g05_fc1,0.5,1.0
SQA,84,903.0,902.0,true,0.6666666666666666,0.0,0.0,A_g05_fc1,0.5,1.0
SQA,85,902.0,901.0,true,0.6666666666666666,0.0,0.0,A_g05_fc1,0.5,1.0
SQA,86,902.0,902.0,true,0.4166666666666667,0.0,0.0,A_g05_fc1,0.5,1.0
SQA,87,904.0,903.0,true,0.6666666666666666,0.0,0.0,A_g05_fc1,0.5,1.0
SQA,88,902.0,902.0,true,0.9166666666666666,0.0,0.0,A_g05_fc1,0.5,1.0
SQA,89,903.0,903.0,true,0.75,0.0,0.0,A_g05_fc1,0.5,1.0
SQA,90,904.0,903.0,true,0.75,0.0,0.0,A_g05_fc1,0.5,1.0
SQA,91,903.0,903.0,true,0.5833333333333334,0.0,0.0,A_g05_fc1,0.5,1.0
SQA,92,903.0,902.0,true,0.5833333333333334,0.0,0.0,A_g05_fc1,0.5,1.0
SQA,93,903.0,902.0,true,0.75,0.0,0.0,A_g05_fc1,0.5,1.0
SQA,94,904.0,903.0,true,0.75,0.0,0.0,A_g05_fc1,0.5,1.0
SQA,95,903.0,903.0,true,0.5833333333333334,0.0,0.0,A_g05_fc1,0.5,1.0
SQA,96,903.0,903.0,true,0.5833333333333334,0.0,0.0,A_g05_fc1,0.5,1.0
SQA,97,904.0,904.0,true,0.8333333333333334,0.0,0.0,A_g05_fc1,0.5,1.0
SQA,98,901.0,901.0,true,0.4166666666666667,0.0,0.0,A_g05_fc1,0.5,1.0
SQA,99,902.0,901.0,true,0.8333333333333334,0.0,0.0,A_g05_fc1,0.5,1.0
SQA,100,904.0,904.0,true,0.8333333333333334,0.0,0.0,A_g05_fc1,0.5,1.0
SQA,101,903.0,902.0,true,0.6666666666666666,0.0,0.0,A_g05_fc1,0.5,1.0
SQA,102,904.0,903.0,true,0.5833333333333334,0.0,0.0,A_g05_fc1,0.5,1.0
SQA,103,903.0,902.0,true,0.75,0.0,0.0,A_g05_fc1,0.5,1.0
SQA,104,904.0,904.0,true,0.75,0.0,0.0,A_g05_fc1,0.5,1.0
SQA,105,903.0,903.0,true,0.75,0.0,0.0,A_g05_fc1,0.5,1.0
SQA,106,901.0,900.0,true,0.5833333333333334,0.0,0.0,A_g05_fc1,0.5,1.0
SQA,107,902.0,901.0,true,0.75,0.0,0.0,A_g05_fc1,0.5,1.0
SQA,108,904.0,903.0,true,0.6666666666666666,0.0,0.0,A_g05_fc1,0.5,1.0
SQA,109,903.0,903.0,true,0.75,0.0,0.0,A_g05_fc1,0.5,1.0
SQA,110,903.0,902.0,true,0.6666666666666666,0.0,0.0,A_g05_fc1,0.5,1.0
SQA,111,902.0,901.0,true,0.5833333333333334,0.0,0.0,A_g05_fc1,0.5,1.0
SQA,112,903.0,903.0,true,0.75,0.0,0.0,A_g05_fc1,0.5,1.0
SQA,113,903.0,903.0,true,0.8333333333333334,0.0,0.0,A_g05_fc1,0.5,1.0
SQA,114,905.0,904.0,true,0.75,0.0,0.0,A_g05_fc1,0.5,1.0
SQA,115,904.0,903.0,true,0.75,0.0,0.0,A_g05_fc1,0.5,1.0
SQA,116,902.0,901.0,true,0.5833333333333334,0.0,0.0,A_g05_fc1,0.5,1.0
SQA,117,903.0,902.0,true,0.6666666666666666,0.0,0.0,A_g05_fc1,0.5,1.0
SQA,118,905.0,905.0,true,0.8333333333333334,0.0,0.0,A_g05_fc1,0.5,1.0
SQA,119,902.0,901.0,true,0.6666666666666666,0.0,0.0,A_g05_fc1,0.5,1.0
SQA,120,903.0,903.0,true,0.5,0.0,0.0,A_g05_fc1,0.5,1.0
SQA,121,903.0,903.0,true,0.8333333333333334,0.0,0.0,A_g05_fc1,0.5,1.0
SQA,122,902.0,902.0,true,0.6666666666666666,0.0,0.0,A_g05_fc1,0.5,1.0
SQA,123,904.0,904.0,true,0.8333333333333334,0.0,0.0,A_g05_fc1,0.5,1.0
SQA,124,905.0,904.0,true,0.6666666666666666,0.0,0.0,A_g05_fc1,0.5,1.0
SQA,125,904.0,903.0,true,0.75,0.0,0.0,A_g05_fc1,0.5,1.0
SQA,126,903.0,903.0,true,0.6666666666666666,0.0,0.0,A_g05_fc1,0.5,1.0
SQA,127,902.0,902.0,true,0.6666666666666666,0.0,0.0,A_g05_fc1,0.5,1.0
SQA,128,904.0,904.0,true,0.5833333333333334,0.0,0.0,A_g05_fc1,0.5,1.0
SQA,129,902.0,902.0,true,0.4166666666666667,0.0,0.0,A_g05_fc1,0.5,1.0
SQA,130,903.0,903.0,true,0.6666666666666666,0.0,0.0,A_g05_fc1,0.5,1.0
SQA,131,902.0,902.0,true,0.5833333333333334,0.0,0.0,A_g05_fc1,0.5,1.0
SQA,132,903.0,903.0,true,0.75,0.0,0.0,A_g05_fc1,0.5,1.0
SQA,133,902.0,902.0,true,0.5833333333333334,0.0,0.0,A_g05_fc1,0.5,1.0
SQA,134,903.0,903.0,true,0.75,0.0,0.0,A_g05_fc1,0.5,1.0
SQA,135,903.0,903.0,true,0.5833333333333334,0.0,0.0,A_g05_fc1,0.5,1.0
SQA,136,904.0,904.0,true,0.5833333333333334,0.0,0.0,A_g05_fc1,0.5,1.0
SQA,137,902.0,901.0,true,0.4166666666666667,0.0,0.0,A_g05_fc1,0.5,1.0
SQA,138,904.0,903.0,true,0.75,0.0,0.0,A_g05_fc1,0.5,1.0
SQA,139,903.0,902.0,true,0.75,0.0,0.0,A_g05_fc1,0.5,1.0
SQA,140,901.0,901.0,true,0.5833333333333334,0.0,0.0,A_g05_fc1,0.5,1.0
SQA,141,901.0,901.0,true,0.75,0.0,0.0,A_g05_fc1,0.5,1.0
SQA,142,904.0,904.0,true,0.9166666666666666,0.0,0.0,A_g05_fc1,0.5,1.0
SQA,143,904.0,903.0,true,0.6666666666666666,0.0,0.0,A_g05_fc1,0.5,1.0
SQA,144,902.0,901.0,true,0.5,0.0,0.0,A_g05_fc1,0.5,1.0
SQA,145,903.0,902.0,true,0.6666666666666666,0.0,0.0,A_g05_fc1,0.5,1.0
SQA,146,902.0,902.0,true,0.6666666666666666,0.0,0.0,A_g05_fc1,0.5,1.0
SQA,147,901.0,901.0,true,0.5,0.0,0.0,A_g05_fc1,0.5,1.0
SQA,148,903.0,903.0,true,0.5833333333333334,0.0,0.0,A_g05_fc1,0.5,1.0
SQA,149,901.0,901.0,true,0.75,0.0,0.0,A_g05_fc1,0.5,1.0
SQA,150,903.0,903.0,true,0.5833333333333334,0.0,0.0,A_g05_fc1,0.5,1.0
SQA,151,904.0,903.0,true,0.75,0.0,0.0,A_g05_fc1,0.5,1.0
SQA,152,900.0,900.0,true,0.5833333333333334,0.0,0.0,A_g05_fc1,0.5,1.0
SQA,153,902.0,901.0,true,0.6666666666666666,0.0,0.0,A_g05_fc1,0.5,1.0
SQA,154,901.0,901.0,true,0.5,0.0,0.0,A_g05_fc1,0.5,1.0
SQA,155,904.0,903.0,true,0.5833333333333334,0.0,0.0,A_g05_fc1,0.5,1.0
SQA,156,903.0,902.0,true,0.8333333333333334,0.0,0.0,A_g05_fc1,0.5,1.0
SQA,157,905.0,905.0,true,0.75,0.0,0.0,A_g05_fc1,0.5,1.0
SQA,158,902.0,902.0,true,0.5833333333333334,0.0,0.0,A_g05_fc1,0.5,1.0
SQA,159,903.0,902.0,true,0.6666666666666666,0.0,0.0,A_g05_fc1,0.5,1.0
SQA,160,902.0,901.0,true,0.6666666666666666,0.0,0.0,A_g05_fc1,0.5,1.0
SQA,161,904.0,903.0,true,0.75,0.0,0.0,A_g05_fc1,0.5,1.0
SQA,162,902.0,901.0,true,0.75,0.0,0.0,A_g05_fc1,0.5,1.0
SQA,163,903.0,903.0,true,0.75,0.0,0.0,A_g05_fc1,0.5,1.0
SQA,164,903.0,903.0,true,0.5833333333333334,0.0,0.0,A_g05_fc1,0.5,1.0
SQA,165,904.0,903.0,true,0.6666666666666666,0.0,0.0,A_g05_fc1,0.5,1.0
SQA,166,903.0,902.0,true,0.6666666666666666,0.0,0.0,A_g05_fc1,0.5,1.0
SQA,167,905.0,905.0,true,0.5833333333333334,0.0,0.0,A_g05_fc1,0.5,1.0
SQA,168,902.0,902.0,true,0.4166666666666667,0.0,0.0,A_g05_fc1,0.5,1.0
SQA,169,903.0,902.0,true,0.6666666666666666,0.0,0.0,A_g05_fc1,0.5,1.0
SQA,170,904.0,904.0,true,0.5,0.0,0.0,A_g05_fc1,0.5,1.0
SQA,171,902.0,902.0,true,0.5833333333333334,0.0,0.0,A_g05_fc1,0.5,1.0
SQA,172,903.0,903.0,true,0.6666666666666666,0.0,0.0,A_g05_fc1,0.5,1.0
SQA,173,905.0,904.0,true,0.6666666666666666,0.0,0.0,A_g05_fc1,0.5,1.0
SQA,174,903.0,903.0,true,0.75,0.0,0.0,A_g05_fc1,0.5,1.0
SQA,175,902.0,901.0,true,0.8333333333333334,0.0,0.0,A_g05_fc1,0.5,1.0
SQA,176,903.0,903.0,true,0.6666666666666666,0.0,0.0,A_g05_fc1,0.5,1.0
SQA,177,902.0,902.0,true,0.5833333333333334,0.0,0.0,A_g05_fc1,0.5,1.0
SQA,178,902.0,902.0,true,0.6666666666666666,0.0,0.0,A_g05_fc1,0.5,1.0
SQA,179,902.0,901.0,true,0.5,0.0,0.0,A_g05_fc1,0.5,1.0
SQA,180,903.0,903.0,true,0.8333333333333334,0.0,0.0,A_g05_fc1,0.5,1.0
SQA,181,903.0,902.0,true,0.5,0.0,0.0,A_g05_fc1,0.5,1.0
SQA,182,902.0,902.0,true,0.6666666666666666,0.0,0.0,A_g05_fc1,0.5,1.0
SQA,183,902.0,901.0,true,0.5,0.0,0.0,A_g05_fc1,0.5,1.0
SQA,184,904.0,904.0,true,0.6666666666666666,0.0,0.0,A_g05_fc1,0.5,1.0
SQA,185,903.0,903.0,true,0.75,0.0,0.0,A_g05_fc1,0.5,1.0
SQA,186,903.0,903.0,true,0.75,0.0,0.0,A_g05_fc1,0.5,1.0
SQA,187,903.0,903.0,true,0.6666666666666666,0.0,0.0,A_g05_fc1,0.5,1.0
SQA,188,903.0,902.0,true,0.75,0.0,0.0,A_g05_fc1,0.5,1.0
SQA,189,904.0,903.0,true,0.75,0.0,0.0,A_g05_fc1,0.5,1.0
SQA,190,902.0,902.0,true,0.5,0.0,0.0,A_g05_fc1,0.5,1.0
SQA,191,903.0,902.0,true,0.5833333333333334,0.0,0.0,A_g05_fc1,0.5,1.0
SQA,192,904.0,903.0,true,0.8333333333333334,0.0,0.0,A_g05_fc1,0.5,1.0
SQA,193,903.0,902.0,true,0.5833333333333334,0.0,0.0,A_g05_fc1,0.5,1.0
SQA,194,904.0,903.0,true,0.75,0.0,0.0,A_g05_fc1,0.5,1.0
SQA,195,904.0,903.0,true,0.8333333333333334,0.0,0.0,A_g05_fc1,0.5,1.0
SQA,196,904.0,904.0,true,0.8333333333333334,0.0,0.0,A_g05_fc1,0.5,1.0
SQA,197,902.0,901.0,true,0.5,0.0,0.0,A_g05_fc1,0.5,1.0
SQA,198,905.0,904.0,true,0.8333333333333334,0.0,0.0,A_g05_fc1,0.5,1.0
SQA,199,902.0,902.0,true,0.5,0.0,0.0,A_g05_fc1,0.5,1.0
SQA,200,904.0,903.0,true,0.75,0.0,0.0,A_g05_fc1,0.5,1.0
SQA,201,902.0,902.0,true,0.75,0.0,0.0,A_g05_fc1,0.5,1.0
SQA,202,904.0,903.0,true,0.5833333333333334,0.0,0.0,A_g05_fc1,0.5,1.0
SQA,203,903.0,902.0,true,0.5833333333333334,0.0,0.0,A_g05_fc1,0.5,1.0
SQA,204,903.0,903.0,true,0.75,0.0,0.0,A_g05_fc1,0.5,1.0
SQA,205,903.0,903.0,true,0.6666666666666666,0.0,0.0,A_g05_fc1,0.5,1.0
SQA,206,902.0,902.0,true,0.5833333333333334,0.0,0.0,A_g05_fc1,0.5,1.0
SQA,207,904.0,903.0,true,0.5833333333333334,0.0,0.0,A_g05_fc1,0.5,1.0
SQA,208,904.0,903.0,true,0.8333333333333334,0.0,0.0,A_g05_fc1,0.5,1.0
SQA,209,903.0,903.0,true,0.6666666666666666,0.0,0.0,A_g05_fc1,0.5,1.0
SQA,210,902.0,902.0,true,0.5,0.0,0.0,A_g05_fc1,0.5,1.0
SQA,211,904.0,903.0,true,0.5,0.0,0.0,A_g05_fc1,0.5,1.0
SQA,212,904.0,903.0,true,0.6666666666666666,0.0,0.0,A_g05_fc1,0.5,1.0
SQA,213,904.0,904.0,true,0.8333333333333334,0.0,0.0,A_g05_fc1,0.5,1.0
SQA,214,903.0,902.0,true,0.6666666666666666,0.0,0.0,A_g05_fc1,0.5,1.0
SQA,215,903.0,902.0,true,0.6666666666666666,0.0,0.0,A_g05_fc1,0.5,1.0
SQA,216,904.0,904.0,true,0.8333333333333334,0.0,0.0,A_g05_fc1,0.5,1.0
SQA,217,903.0,903.0,true,0.9166666666666666,0.0,0.0,A_g05_fc1,0.5,1.0
SQA,218,905.0,904.0,true,0.6666666666666666,0.0,0.0,A_g05_fc1,0.5,1.0
SQA,219,903.0,903.0,true,0.6666666666666666,0.0,0.0,A_g05_fc1,0.5,1.0
SQA,220,902.0,901.0,true,0.6666666666666666,0.0,0.0,A_g05_fc1,0.5,1.0
SQA,221,902.0,902.0,true,0.5833333333333334,0.0,0.0,A_g05_fc1,0.5,1.0
SQA,222,902.0,902.0,true,0.6666666666666666,0.0,0.0,A_g05_fc1,0.5,1.0
SQA,223,904.0,904.0,true,0.6666666666666666,0.0,0.0,A_g05_fc1,0.5,1.0
SQA,224,903.0,903.0,true,0.6666666666666666,0.0,0.0,A_g05_fc1,0.5,1.0
SQA,225,902.0,902.0,true,0.6666666666666666,0.0,0.0,A_g05_fc1,0.5,1.0
SQA,226,903.0,902.0,true,0.6666666666666666,0.0,0.0,A_g05_fc1,0.5,1.0
SQA,227,902.0,901.0,true,0.75,0.0,0.0,A_g05_fc1,0.5,1.0
SQA,228,903.0,903.0,true,0.6666666666666666,0.0,0.0,A_g05_fc1,0.5,1.0
SQA,229,902.0,902.0,true,0.75,0.0,0.0,A_g05_fc1,0.5,1.0
SQA,230,903.0,903.0,true,0.5833333333333334,0.0,0.0,A_g05_fc1,0.5,1.0
SQA,231,903.0,902.0,true,0.5833333333333334,0.0,0.0,A_g05_fc1,0.5,1.0
SQA,232,902.0,902.0,true,0.6666666666666666,0.0,0.0,A_g05_fc1,0.5,1.0
SQA,233,903.0,903.0,true,0.8333333333333334,0.0,0.0,A_g05_fc1,0.5,1.0
SQA,234,904.0,904.0,true,0.8333333333333334,0.0,0.0,A_g05_fc1,0.5,1.0
SQA,235,903.0,903.0,true,0.6666666666666666,0.0,0.0,A_g05_fc1,0.5,1.0
SQA,236,904.0,904.0,true,0.8333333333333334,0.0,0.0,A_g05_fc1,0.5,1.0
SQA,237,902.0,901.0,true,0.5833333333333334,0.0,0.0,A_g05_fc1,0.5,1.0
SQA,238,901.0,901.0,true,0.6666666666666666,0.0,0.0,A_g05_fc1,0.5,1.0
SQA,239,902.0,902.0,true,0.5833333333333334,0.0,0.0,A_g05_fc1,0.5,1.0
SQA,240,901.0,901.0,true,0.5,0.0,0.0,A_g05_fc1,0.5,1.0
SQA,241,903.0,903.0,true,0.8333333333333334,0.0,0.0,A_g05_fc1,0.5,1.0
SQA,242,902.0,901.0,true,0.6666666666666666,0.0,0.0,A_g05_fc1,0.5,1.0
SQA,243,901.0,900.0,true,0.5,0.0,0.0,A_g05_fc1,0.5,1.0
SQA,244,902.0,901.0,true,0.5833333333333334,0.0,0.0,A_g05_fc1,0.5,1.0
SQA,245,904.0,903.0,true,0.8333333333333334,0.0,0.0,A_g05_fc1,0.5,1.0
SQA,246,901.0,900.0,true,0.5833333333333334,0.0,0.0,A_g05_fc1,0.5,1.0
SQA,247,904.0,903.0,true,0.8333333333333334,0.0,0.0,A_g05_fc1,0.5,1.0
SQA,248,901.0,901.0,true,0.4166666666666667,0.0,0.0,A_g05_fc1,0.5,1.0
SQA,249,902.0,901.0,true,0.5833333333333334,0.0,0.0,A_g05_fc1,0.5,1.0
SQA,250,903.0,902.0,true,0.5,0.0,0.0,A_g05_fc1,0.5,1.0
SQA,251,902.0,902.0,true,0.5833333333333334,0.0,0.0,A_g05_fc1,0.5,1.0
SQA,252,902.0,901.0,true,0.5833333333333334,0.0,0.0,A_g05_fc1,0.5,1.0
SQA,253,901.0,900.0,true,0.6666666666666666,0.0,0.0,A_g05_fc1,0.5,1.0
SQA,254,901.0,901.0,true,0.5833333333333334,0.0,0.0,A_g05_fc1,0.5,1.0
SQA,255,902.0,901.0,true,0.5833333333333334,0.0,0.0,A_g05_fc1,0.5,1.0
SQA,256,903.0,903.0,true,0.6666666666666666,0.0,0.0,A_g05_fc1,0.5,1.0
SQA,257,902.0,902.0,true,0.5,0.0,0.0,A_g05_fc1,0.5,1.0
SQA,258,902.0,902.0,true,0.5833333333333334,0.0,0.0,A_g05_fc1,0.5,1.0
SQA,259,903.0,902.0,true,0.5833333333333334,0.0,0.0,A_g05_fc1,0.5,1.0
SQA,260,902.0,902.0,true,0.6666666666666666,0.0,0.0,A_g05_fc1,0.5,1.0
SQA,261,904.0,904.0,true,0.6666666666666666,0.0,0.0,A_g05_fc1,0.5,1.0
SQA,262,903.0,903.0,true,0.5,0.0,0.0,A_g05_fc1,0.5,1.0
SQA,263,902.0,902.0,true,0.5833333333333334,0.0,0.0,A_g05_fc1,0.5,1.0
SQA,264,901.0,900.0,true,0.5833333333333334,0.0,0.0,A_g05_fc1,0.5,1.0
SQA,265,902.0,902.0,true,0.75,0.0,0.0,A_g05_fc1,0.5,1.0
SQA,266,904.0,903.0,true,0.6666666666666666,0.0,0.0,A_g05_fc1,0.5,1.0
SQA,267,905.0,905.0,true,0.8333333333333334,0.0,0.0,A_g05_fc1,0.5,1.0
SQA,268,904.0,904.0,true,0.5833333333333334,0.0,0.0,A_g05_fc1,0.5,1.0
SQA,269,904.0,903.0,true,0.5833333333333334,0.0,0.0,A_g05_fc1,0.5,1.0
SQA,270,903.0,903.0,true,0.8333333333333334,0.0,0.0,A_g05_fc1,0.5,1.0
SQA,271,904.0,904.0,true,0.6666666666666666,0.0,0.0,A_g05_fc1,0.5,1.0
SQA,272,903.0,902.0,true,0.75,0.0,0.0,A_g05_fc1,0.5,1.0
SQA,273,903.0,902.0,true,0.5833333333333334,0.0,0.0,A_g05_fc1,0.5,1.0
SQA,274,901.0,901.0,true,0.6666666666666666,0.0,0.0,A_g05_fc1,0.5,1.0
SQA,275,902.0,902.0,true,0.75,0.0,0.0,A_g05_fc1,0.5,1.0
SQA,276,903.0,903.0,true,0.75,0.0,0.0,A_g05_fc1,0.5,1.0
SQA,277,904.0,903.0,true,0.6666666666666666,0.0,0.0,A_g05_fc1,0.5,1.0
SQA,278,905.0,904.0,true,0.6666666666666666,0.0,0.0,A_g05_fc1,0.5,1.0
SQA,279,905.0,904.0,true,0.75,0.0,0.0,A_g05_fc1,0.5,1.0
SQA,280,903.0,902.0,true,0.6666666666666666,0.0,0.0,A_g05_fc1,0.5,1.0
SQA,281,901.0,901.0,true,0.6666666666666666,0.0,0.0,A_g05_fc1,0.5,1.0
SQA,282,903.0,903.0,true,0.8333333333333334,0.0,0.0,A_g05_fc1,0.5,1.0
SQA,283,902.0,902.0,true,0.6666666666666666,0.0,0.0,A_g05_fc1,0.5,1.0
SQA,284,904.0,903.0,true,0.6666666666666666,0.0,0.0,A_g05_fc1,0.5,1.0
SQA,285,904.0,903.0,true,0.8333333333333334,0.0,0.0,A_g05_fc1,0.5,1.0
SQA,286,903.0,902.0,true,0.6666666666666666,0.0,0.0,A_g05_fc1,0.5,1.0
SQA,287,901.0,900.0,true,0.75,0.0,0.0,A_g05_fc1,0.5,1.0
SQA,288,902.0,901.0,true,0.75,0.0,0.0,A_g05_fc1,0.5,1.0
SQA,289,902.0,902.0,true,0.75,0.0,0.0,A_g05_fc1,0.5,1.0
SQA,290,903.0,902.0,true,0.6666666666666666,0.0,0.0,A_g05_fc1,0.5,1.0
SQA,291,902.0,902.0,true,0.5833333333333334,0.0,0.0,A_g05_fc1,0.5,1.0
SQA,292,901.0,901.0,true,0.6666666666666666,0.0,0.0,A_g05_fc1,0.5,1.0
SQA,293,901.0,900.0,true,0.6666666666666666,0.0,0.0,A_g05_fc1,0.5,1.0
SQA,294,902.0,902.0,true,0.75,0.0,0.0,A_g05_fc1,0.5,1.0
SQA,295,903.0,903.0,true,0.75,0.0,0.0,A_g05_fc1,0.5,1.0
SQA,296,902.0,901.0,true,0.5,0.0,0.0,A_g05_fc1,0.5,1.0
SQA,297,904.0,904.0,true,0.9166666666666666,0.0,0.0,A_g05_fc1,0.5,1.0
SQA,298,904.0,904.0,true,0.75,0.0,0.0,A_g05_fc1,0.5,1.0
SQA,299,902.0,902.0,true,0.75,0.0,0.0,A_g05_fc1,0.5,1.0
SQA,300,903.0,903.0,true,0.6666666666666666,0.0,0.0,A_g05_fc1,0.5,1.0
SQA,301,903.0,902.0,true,0.6666666666666666,0.0,0.0,A_g05_fc1,0.5,1.0
SQA,302,904.0,903.0,true,0.75,0.0,0.0,A_g05_fc1,0.5,1.0
SQA,303,904.0,903.0,true,0.6666666666666666,0.0,0.0,A_g05_fc1,0.5,1.0
SQA,304,906.0,906.0,true,0.75,0.0,0.0,A_g05_fc1,0.5,1.0
SQA,305,902.0,902.0,true,0.75,0.0,0.0,A_g05_fc1,0.5,1.0
SQA,306,903.0,902.0,true,0.8333333333333334,0.0,0.0,A_g05_fc1,0.5,1.0
SQA,307,903.0,903.0,true,0.5833333333333334,0.0,0.0,A_g05_fc1,0.5,1.0
SQA,308,903.0,903.0,true,0.5,0.0,0.0,A_g05_fc1,0.5,1.0
SQA,309,904.0,903.0,true,0.8333333333333334,0.0,0.0,A_g05_fc1,0.5,1.0
SQA,310,902.0,902.0,true,0.75,0.0,0.0,A_g05_fc1,0.5,1.0
SQA,311,905.0,904.0,true,0.6666666666666666,0.0,0.0,A_g05_fc1,0.5,1.0
SQA,312,904.0,904.0,true,0.6666666666666666,0.0,0.0,A_g05_fc1,0.5,1.0
SQA,313,903.0,903.0,true,0.8333333333333334,0.0,0.0,A_g05_fc1,0.5,1.0
SQA,314,905.0,904.0,true,0.75,0.0,0.0,A_g05_fc1,0.5,1.0
SQA,315,902.0,901.0,true,0.5,0.0,0.0,A_g05_fc1,0.5,1.0
SQA,316,904.0,904.0,true,0.8333333333333334,0.0,0.0,A_g05_fc1,0.5,1.0
SQA,317,903.0,903.0,true,0.5833333333333334,0.0,0.0,A_g05_fc1,0.5,1.0
SQA,318,903.0,902.0,true,0.8333333333333334,0.0,0.0,A_g05_fc1,0.5,1.0
SQA,319,905.0,905.0,true,0.6666666666666666,0.0,0.0,A_g05_fc1,0.5,1.0
SQA,320,904.0,903.0,true,0.6666666666666666,0.0,0.0,A_g05_fc1,0.5,1.0
SQA,321,903.0,903.0,true,0.6666666666666666,0.0,0.0,A_g05_fc1,0.5,1.0
SQA,322,904.0,903.0,true,0.6666666666666666,0.0,0.0,A_g05_fc1,0.5,1.0
SQA,323,902.0,902.0,true,0.8333333333333334,0.0,0.0,A_g05_fc1,0.5,1.0
SQA,324,902.0,902.0,true,0.5,0.0,0.0,A_g05_fc1,0.5,1.0
SQA,325,903.0,903.0,true,0.6666666666666666,0.0,0.0,A_g05_fc1,0.5,1.0
SQA,326,902.0,902.0,true,0.5833333333333334,0.0,0.0,A_g05_fc1,0.5,1.0
SQA,327,904.0,903.0,true,0.6666666666666666,0.0,0.0,A_g05_fc1,0.5,1.0
SQA,328,904.0,904.0,true,0.5,0.0,0.0,A_g05_fc1,0.5,1.0
SQA,329,905.0,905.0,true,0.6666666666666666,0.0,0.0,A_g05_fc1,0.5,1.0
SQA,330,902.0,901.0,true,0.5833333333333334,0.0,0.0,A_g05_fc1,0.5,1.0
SQA,331,901.0,901.0,true,0.6666666666666666,0.0,0.0,A_g05_fc1,0.5,1.0
SQA,332,903.0,902.0,true,0.6666666666666666,0.0,0.0,A_g05_fc1,0.5,1.0
SQA,333,904.0,904.0,true,0.75,0.0,0.0,A_g05_fc1,0.5,1.0
SQA,334,903.0,902.0,true,0.5833333333333334,0.0,0.0,A_g05_fc1,0.5,1.0
SQA,335,905.0,905.0,true,0.8333333333333334,0.0,0.0,A_g05_fc1,0.5,1.0
SQA,336,903.0,903.0,true,0.6666666666666666,0.0,0.0,A_g05_fc1,0.5,1.0
SQA,337,902.0,902.0,true,0.5833333333333334,0.0,0.0,A_g05_fc1,0.5,1.0
SQA,338,903.0,903.0,true,0.75,0.0,0.0,A_g05_fc1,0.5,1.0
SQA,339,904.0,903.0,true,0.75,0.0,0.0,A_g05_fc1,0.5,1.0
SQA,340,902.0,902.0,true,0.5833333333333334,0.0,0.0,A_g05_fc1,0.5,1.0
SQA,341,903.0,903.0,true,0.6666666666666666,0.0,0.0,A_g05_fc1,0.5,1.0
SQA,342,905.0,904.0,true,0.8333333333333334,0.0,0.0,A_g05_fc1,0.5,1.0
SQA,343,903.0,903.0,true,0.75,0.0,0.0,A_g05_fc1,0.5,1.0
SQA,344,901.0,901.0,true,0.5833333333333334,0.0,0.0,A_g05_fc1,0.5,1.0
SQA,345,903.0,902.0,true,0.5833333333333334,0.0,0.0,A_g05_fc1,0.5,1.0
SQA,346,903.0,902.0,true,0.5833333333333334,0.0,0.0,A_g05_fc1,0.5,1.0
SQA,347,906.0,905.0,true,0.75,0.0,0.0,A_g05_fc1,0.5,1.0
SQA,348,904.0,903.0,true,0.6666666666666666,0.0,0.0,A_g05_fc1,0.5,1.0
SQA,349,903.0,903.0,true,0.75,0.0,0.0,A_g05_fc1,0.5,1.0
SQA,350,901.0,901.0,true,0.5833333333333334,0.0,0.0,A_g05_fc1,0.5,1.0
SQA,351,903.0,903.0,true,0.6666666666666666,0.0,0.0,A_g05_fc1,0.5,1.0
SQA,352,902.0,901.0,true,0.75,0.0,0.0,A_g05_fc1,0.5,1.0
SQA,353,902.0,902.0,true,0.5833333333333334,0.0,0.0,A_g05_fc1,0.5,1.0
SQA,354,903.0,902.0,true,0.6666666666666666,0.0,0.0,A_g05_fc1,0.5,1.0
SQA,355,903.0,903.0,true,0.8333333333333334,0.0,0.0,A_g05_fc1,0.5,1.0
SQA,356,901.0,901.0,true,0.4166666666666667,0.0,0.0,A_g05_fc1,0.5,1.0
SQA,357,903.0,903.0,true,0.6666666666666666,0.0,0.0,A_g05_fc1,0.5,1.0
SQA,358,904.0,904.0,true,0.75,0.0,0.0,A_g05_fc1,0.5,1.0
SQA,359,905.0,904.0,true,0.8333333333333334,0.0,0.0,A_g05_fc1,0.5,1.0
SQA,360,903.0,902.0,true,0.6666666666666666,0.0,0.0,A_g05_fc1,0.5,1.0
SQA,361,904.0,903.0,true,0.75,0.0,0.0,A_g05_fc1,0.5,1.0
SQA,362,903.0,903.0,true,0.5833333333333334,0.0,0.0,A_g05_fc1,0.5,1.0
SQA,363,903.0,902.0,true,0.5833333333333334,0.0,0.0,A_g05_fc1,0.5,1.0
SQA,364,902.0,901.0,true,0.6666666666666666,0.0,0.0,A_g05_fc1,0.5,1.0
SQA,365,902.0,902.0,true,0.5833333333333334,0.0,0.0,A_g05_fc1,0.5,1.0
SQA,366,904.0,903.0,true,0.6666666666666666,0.0,0.0,A_g05_fc1,0.5,1.0
SQA,367,904.0,903.0,true,0.8333333333333334,0.0,0.0,A_g05_fc1,0.5,1.0
SQA,368,904.0,903.0,true,0.5833333333333334,0.0,0.0,A_g05_fc1,0.5,1.0
SQA,369,906.0,906.0,true,0.75,0.0,0.0,A_g05_fc1,0.5,1.0
SQA,370,903.0,903.0,true,0.6666666666666666,0.0,0.0,A_g05_fc1,0.5,1.0
SQA,371,905.0,905.0,true,0.6666666666666666,0.0,0.0,A_g05_fc1,0.5,1.0
SQA,372,903.0,902.0,true,0.75,0.0,0.0,A_g05_fc1,0.5,1.0
SQA,373,901.0,900.0,true,0.5833333333333334,0.0,0.0,A_g05_fc1,0.5,1.0
SQA,374,903.0,902.0,true,0.5833333333333334,0.0,0.0,A_g05_fc1,0.5,1.0
SQA,375,902.0,901.0,true,0.5,0.0,0.0,A_g05_fc1,0.5,1.0
SQA,376,901.0,901.0,true,0.5833333333333334,0.0,0.0,A_g05_fc1,0.5,1.0
SQA,377,905.0,904.0,true,0.6666666666666666,0.0,0.0,A_g05_fc1,0.5,1.0
SQA,378,902.0,902.0,true,0.5833333333333334,0.0,0.0,A_g05_fc1,0.5,1.0
SQA,379,905.0,904.0,true,0.6666666666666666,0.0,0.0,A_g05_fc1,0.5,1.0
SQA,380,902.0,901.0,true,0.5,0.0,0.0,A_g05_fc1,0.5,1.0
SQA,381,903.0,903.0,true,0.6666666666666666,0.0,0.0,A_g05_fc1,0.5,1.0
SQA,382,904.0,904.0,true,0.8333333333333334,0.0,0.0,A_g05_fc1,0.5,1.0
SQA,383,906.0,905.0,true,0.8333333333333334,0.0,0.0,A_g05_fc1,0.5,1.0
SQA,384,903.0,903.0,true,0.5833333333333334,0.0,0.0,A_g05_fc1,0.5,1.0
SQA,385,903.0,903.0,true,0.8333333333333334,0.0,0.0,A_g05_fc1,0.5,1.0
SQA,386,902.0,901.0,true,0.8333333333333334,0.0,0.0,A_g05_fc1,0.5,1.0
SQA,387,904.0,904.0,true,0.6666666666666666,0.0,0.0,A_g05_fc1,0.5,1.0
SQA,388,902.0,901.0,true,0.5833333333333334,0.0,0.0,A_g05_fc1,0.5,1.0
SQA,389,904.0,903.0,true,0.6666666666666666,0.0,0.0,A_g05_fc1,0.5,1.0
SQA,390,906.0,905.0,true,0.8333333333333334,0.0,0.0,A_g05_fc1,0.5,1.0
SQA,391,903.0,902.0,true,0.6666666666666666,0.0,0.0,A_g05_fc1,0.5,1.0
SQA,392,903.0,903.0,true,0.6666666666666666,0.0,0.0,A_g05_fc1,0.5,1.0
SQA,393,903.0,902.0,true,0.5833333333333334,0.0,0.0,A_g05_fc1,0.5,1.0
SQA,394,901.0,900.0,true,0.5833333333333334,0.0,0.0,A_g05_fc1,0.5,1.0
SQA,395,904.0,904.0,true,0.75,0.0,0.0,A_g05_fc1,0.5,1.0
SQA,396,904.0,903.0,true,0.6666666666666666,0.0,0.0,A_g05_fc1,0.5,1.0
SQA,397,904.0,904.0,true,0.8333333333333334,0.0,0.0,A_g05_fc1,0.5,1.0
SQA,398,903.0,902.0,true,0.5833333333333334,0.0,0.0,A_g05_fc1,0.5,1.0
SQA,399,903.0,903.0,true,0.5,0.0,0.0,A_g05_fc1,0.5,1.0
SQA,400,905.0,905.0,true,0.6666666666666666,0.0,0.0,A_g05_fc1,0.5,1.0
SQA,401,903.0,902.0,true,0.5,0.0,0.0,A_g05_fc1,0.5,1.0
SQA,402,904.0,904.0,true,0.6666666666666666,0.0,0.0,A_g05_fc1,0.5,1.0
SQA,403,904.0,903.0,true,0.6666666666666666,0.0,0.0,A_g05_fc1,0.5,1.0
SQA,404,904.0,903.0,true,0.75,0.0,0.0,A_g05_fc1,0.5,1.0
SQA,405,904.0,903.0,true,0.75,0.0,0.0,A_g05_fc1,0.5,1.0
SQA,406,904.0,904.0,true,0.6666666666666666,0.0,0.0,A_g05_fc1,0.5,1.0
SQA,407,903.0,903.0,true,0.6666666666666666,0.0,0.0,A_g05_fc1,0.5,1.0
SQA,408,904.0,903.0,true,0.8333333333333334,0.0,0.0,A_g05_fc1,0.5,1.0
SQA,409,903.0,903.0,true,0.6666666666666666,0.0,0.0,A_g05_fc1,0.5,1.0
SQA,410,904.0,904.0,true,0.75,0.0,0.0,A_g05_fc1,0.5,1.0
SQA,411,902.0,901.0,true,0.5,0.0,0.0,A_g05_fc1,0.5,1.0
SQA,412,903.0,902.0,true,0.75,0.0,0.0,A_g05_fc1,0.5,1.0
SQA,413,902.0,901.0,true,0.5833333333333334,0.0,0.0,A_g05_fc1,0.5,1.0
SQA,414,902.0,901.0,true,0.75,0.0,0.0,A_g05_fc1,0.5,1.0
SQA,415,904.0,903.0,true,0.75,0.0,0.0,A_g05_fc1,0.5,1.0
SQA,416,903.0,903.0,true,0.6666666666666666,0.0,0.0,A_g05_fc1,0.5,1.0
SQA,417,903.0,902.0,true,0.8333333333333334,0.0,0.0,A_g05_fc1,0.5,1.0
SQA,418,902.0,902.0,true,0.8333333333333334,0.0,0.0,A_g05_fc1,0.5,1.0
SQA,419,902.0,902.0,true,0.6666666666666666,0.0,0.0,A_g05_fc1,0.5,1.0
SQA,420,904.0,903.0,true,0.75,0.0,0.0,A_g05_fc1,0.5,1.0
SQA,421,902.0,902.0,true,0.75,0.0,0.0,A_g05_fc1,0.5,1.0
SQA,422,902.0,902.0,true,0.5833333333333334,0.0,0.0,A_g05_fc1,0.5,1.0
SQA,423,904.0,904.0,true,0.6666666666666666,0.0,0.0,A_g05_fc1,0.5,1.0
SQA,424,903.0,902.0,true,0.6666666666666666,0.0,0.0,A_g05_fc1,0.5,1.0
SQA,425,903.0,902.0,true,0.5833333333333334,0.0,0.0,A_g05_fc1,0.5,1.0
SQA,426,903.0,902.0,true,0.6666666666666666,0.0,0.0,A_g05_fc1,0.5,1.0
SQA,427,903.0,903.0,true,0.75,0.0,0.0,A_g05_fc1,0.5,1.0
SQA,428,901.0,900.0,true,0.5,0.0,0.0,A_g05_fc1,0.5,1.0
SQA,429,903.0,902.0,true,0.75,0.0,0.0,A_g05_fc1,0.5,1.0
SQA,430,904.0,904.0,true,0.75,0.0,0.0,A_g05_fc1,0.5,1.0
SQA,431,905.0,904.0,true,0.6666666666666666,0.0,0.0,A_g05_fc1,0.5,1.0
SQA,432,903.0,903.0,true,0.5833333333333334,0.0,0.0,A_g05_fc1,0.5,1.0
SQA,433,904.0,903.0,true,0.6666666666666666,0.0,0.0,A_g05_fc1,0.5,1.0
SQA,434,904.0,903.0,true,0.6666666666666666,0.0,0.0,A_g05_fc1,0.5,1.0
SQA,435,905.0,904.0,true,0.6666666666666666,0.0,0.0,A_g05_fc1,0.5,1.0
SQA,436,902.0,902.0,true,0.5833333333333334,0.0,0.0,A_g05_fc1,0.5,1.0
SQA,437,905.0,904.0,true,0.6666666666666666,0.0,0.0,A_g05_fc1,0.5,1.0
SQA,438,903.0,903.0,true,0.6666666666666666,0.0,0.0,A_g05_fc1,0.5,1.0
SQA,439,902.0,901.0,true,0.5,0.0,0.0,A_g05_fc1,0.5,1.0
SQA,440,902.0,902.0,true,0.6666666666666666,0.0,0.0,A_g05_fc1,0.5,1.0
SQA,441,906.0,906.0,true,0.75,0.0,0.0,A_g05_fc1,0.5,1.0
SQA,442,902.0,901.0,true,0.6666666666666666,0.0,0.0,A_g05_fc1,0.5,1.0
SQA,443,905.0,905.0,true,0.75,0.0,0.0,A_g05_fc1,0.5,1.0
SQA,444,903.0,902.0,true,0.5833333333333334,0.0,0.0,A_g05_fc1,0.5,1.0
SQA,445,904.0,904.0,true,0.8333333333333334,0.0,0.0,A_g05_fc1,0.5,1.0
SQA,446,905.0,904.0,true,0.6666666666666666,0.0,0.0,A_g05_fc1,0.5,1.0
SQA,447,903.0,903.0,true,0.5833333333333334,0.0,0.0,A_g05_fc1,0.5,1.0
SQA,448,902.0,902.0,true,0.6666666666666666,0.0,0.0,A_g05_fc1,0.5,1.0
SQA,449,905.0,904.0,true,0.75,0.0,0.0,A_g05_fc1,0.5,1.0
SQA,450,902.0,902.0,true,0.5833333333333334,0.0,0.0,A_g05_fc1,0.5,1.0
SQA,451,902.0,902.0,true,0.5833333333333334,0.0,0.0,A_g05_fc1,0.5,1.0
SQA,452,904.0,903.0,true,0.75,0.0,0.0,A_g05_fc1,0.5,1.0
SQA,453,904.0,904.0,true,0.75,0.0,0.0,A_g05_fc1,0.5,1.0
SQA,454,904.0,903.0,true,0.75,0.0,0.0,A_g05_fc1,0.5,1.0
SQA,455,904.0,903.0,true,0.75,0.0,0.0,A_g05_fc1,0.5,1.0
SQA,456,901.0,901.0,true,0.6666666666666666,0.0,0.0,A_g05_fc1,0.5,1.0
SQA,457,901.0,901.0,true,0.4166666666666667,0.0,0.0,A_g05_fc1,0.5,1.0
SQA,458,903.0,903.0,true,0.6666666666666666,0.0,0.0,A_g05_fc1,0.5,1.0
SQA,459,902.0,902.0,true,0.6666666666666666,0.0,0.0,A_g05_fc1,0.5,1.0
SQA,460,903.0,903.0,true,0.5833333333333334,0.0,0.0,A_g05_fc1,0.5,1.0
SQA,461,902.0,902.0,true,0.6666666666666666,0.0,0.0,A_g05_fc1,0.5,1.0
SQA,462,904.0,903.0,true,0.6666666666666666,0.0,0.0,A_g05_fc1,0.5,1.0
SQA,463,903.0,902.0,true,0.5,0.0,0.0,A_g05_fc1,0.5,1.0
SQA,464,902.0,902.0,true,0.5833333333333334,0.0,0.0,A_g05_fc1,0.5,1.0
SQA,465,906.0,905.0,true,0.8333333333333334,0.0,0.0,A_g05_fc1,0.5,1.0
SQA,466,904.0,903.0,true,0.75,0.0,0.0,A_g05_fc1,0.5,1.0
SQA,467,903.0,902.0,true,0.8333333333333334,0.0,0.0,A_g05_fc1,0.5,1.0
SQA,468,903.0,903.0,true,0.6666666666666666,0.0,0.0,A_g05_fc1,0.5,1.0
SQA,469,902.0,902.0,true,0.6666666666666666,0.0,0.0,A_g05_fc1,0.5,1.0
SQA,470,904.0,903.0,true,0.75,0.0,0.0,A_g05_fc1,0.5,1.0
SQA,471,902.0,902.0,true,0.6666666666666666,0.0,0.0,A_g05_fc1,0.5,1.0
SQA,472,904.0,903.0,true,0.75,0.0,0.0,A_g05_fc1,0.5,1.0
SQA,473,903.0,903.0,true,0.75,0.0,0.0,A_g05_fc1,0.5,1.0
SQA,474,903.0,903.0,true,0.6666666666666666,0.0,0.0,A_g05_fc1,0.5,1.0
SQA,475,904.0,903.0,true,0.5833333333333334,0.0,0.0,A_g05_fc1,0.5,1.0
SQA,476,903.0,902.0,true,0.75,0.0,0.0,A_g05_fc1,0.5,1.0
SQA,477,901.0,900.0,true,0.6666666666666666,0.0,0.0,A_g05_fc1,0.5,1.0
SQA,478,903.0,903.0,true,0.6666666666666666,0.0,0.0,A_g05_fc1,0.5,1.0
SQA,479,903.0,902.0,true,0.6666666666666666,0.0,0.0,A_g05_fc1,0.5,1.0
SQA,480,904.0,904.0,true,0.5833333333333334,0.0,0.0,A_g05_fc1,0.5,1.0
SQA,481,904.0,903.0,true,0.75,0.0,0.0,A_g05_fc1,0.5,1.0
SQA,482,905.0,905.0,true,0.8333333333333334,0.0,0.0,A_g05_fc1,0.5,1.0
SQA,483,903.0,903.0,true,0.6666666666666666,0.0,0.0,A_g05_fc1,0.5,1.0
SQA,484,903.0,902.0,true,0.5,0.0,0.0,A_g05_fc1,0.5,1.0
SQA,485,904.0,903.0,true,0.6666666666666666,0.0,0.0,A_g05_fc1,0.5,1.0
SQA,486,903.0,903.0,true,0.5,0.0,0.0,A_g05_fc1,0.5,1.0
SQA,487,903.0,903.0,true,0.6666666666666666,0.0,0.0,A_g05_fc1,0.5,1.0
SQA,488,903.0,902.0,true,0.6666666666666666,0.0,0.0,A_g05_fc1,0.5,1.0
SQA,489,904.0,903.0,true,0.6666666666666666,0.0,0.0,A_g05_fc1,0.5,1.0
SQA,490,902.0,902.0,true,0.5833333333333334,0.0,0.0,A_g05_fc1,0.5,1.0
SQA,491,903.0,903.0,true,0.75,0.0,0.0,A_g05_fc1,0.5,1.0
SQA,492,905.0,904.0,true,0.6666666666666666,0.0,0.0,A_g05_fc1,0.5,1.0
SQA,493,903.0,902.0,true,0.6666666666666666,0.0,0.0,A_g05_fc1,0.5,1.0
SQA,494,904.0,904.0,true,0.6666666666666666,0.0,0.0,A_g05_fc1,0.5,1.0
SQA,495,902.0,902.0,true,0.8333333333333334,0.0,0.0,A_g05_fc1,0.5,1.0
SQA,496,903.0,902.0,true,0.75,0.0,0.0,A_g05_fc1,0.5,1.0
SQA,497,904.0,904.0,true,0.75,0.0,0.0,A_g05_fc1,0.5,1.0
SQA,498,903.0,903.0,true,0.6666666666666666,0.0,0.0,A_g05_fc1,0.5,1.0
SQA,499,901.0,901.0,true,0.5,0.0,0.0,A_g05_fc1,0.5,1.0
SQA,500,902.0,902.0,true,0.8333333333333334,0.0,0.0,A_g05_fc1,0.5,1.0
SQA,501,902.0,902.0,true,0.6666666666666666,0.0,0.0,A_g05_fc1,0.5,1.0
SQA,502,904.0,903.0,true,0.75,0.0,0.0,A_g05_fc1,0.5,1.0
SQA,503,905.0,905.0,true,0.8333333333333334,0.0,0.0,A_g05_fc1,0.5,1.0
SQA,504,904.0,903.0,true,0.8333333333333334,0.0,0.0,A_g05_fc1,0.5,1.0
SQA,505,903.0,902.0,true,0.75,0.0,0.0,A_g05_fc1,0.5,1.0
SQA,506,905.0,905.0,true,0.75,0.0,0.0,A_g05_fc1,0.5,1.0
SQA,507,903.0,903.0,true,0.75,0.0,0.0,A_g05_fc1,0.5,1.0
SQA,508,904.0,904.0,true,0.9166666666666666,0.0,0.0,A_g05_fc1,0.5,1.0
SQA,509,901.0,901.0,true,0.6666666666666666,0.0,0.0,A_g05_fc1,0.5,1.0
SQA,510,904.0,903.0,true,0.6666666666666666,0.0,0.0,A_g05_fc1,0.5,1.0
SQA,511,905.0,905.0,true,0.75,0.0,0.0,A_g05_fc1,0.5,1.0
SQA,512,903.0,902.0,true,0.75,0.0,0.0,A_g05_fc1,0.5,1.0
SQA,513,903.0,902.0,true,0.6666666666666666,0.0,0.0,A_g05_fc1,0.5,1.0
SQA,514,904.0,903.0,true,0.6666666666666666,0.0,0.0,A_g05_fc1,0.5,1.0
SQA,515,904.0,904.0,true,0.6666666666666666,0.0,0.0,A_g05_fc1,0.5,1.0
SQA,516,904.0,903.0,true,0.6666666666666666,0.0,0.0,A_g05_fc1,0.5,1.0
SQA,517,902.0,901.0,true,0.5833333333333334,0.0,0.0,A_g05_fc1,0.5,1.0
SQA,518,901.0,901.0,true,0.6666666666666666,0.0,0.0,A_g05_fc1,0.5,1.0
SQA,519,903.0,903.0,true,0.6666666666666666,0.0,0.0,A_g05_fc1,0.5,1.0
SQA,520,904.0,904.0,true,0.6666666666666666,0.0,0.0,A_g05_fc1,0.5,1.0
SQA,521,903.0,902.0,true,0.75,0.0,0.0,A_g05_fc1,0.5,1.0
SQA,522,903.0,903.0,true,0.75,0.0,0.0,A_g05_fc1,0.5,1.0
SQA,523,903.0,902.0,true,0.5,0.0,0.0,A_g05_fc1,0.5,1.0
SQA,524,902.0,901.0,true,0.5,0.0,0.0,A_g05_fc1,0.5,1.0
SQA,525,904.0,904.0,true,0.8333333333333334,0.0,0.0,A_g05_fc1,0.5,1.0
SQA,526,902.0,901.0,true,0.5,0.0,0.0,A_g05_fc1,0.5,1.0
SQA,527,904.0,903.0,true,0.8333333333333334,0.0,0.0,A_g05_fc1,0.5,1.0
SQA,528,906.0,905.0,true,0.9166666666666666,0.0,0.0,A_g05_fc1,0.5,1.0
SQA,529,903.0,902.0,true,0.75,0.0,0.0,A_g05_fc1,0.5,1.0
SQA,530,902.0,902.0,true,0.5833333333333334,0.0,0.0,A_g05_fc1,0.5,1.0
SQA,531,903.0,902.0,true,0.75,0.0,0.0,A_g05_fc1,0.5,1.0
SQA,532,904.0,903.0,true,0.8333333333333334,0.0,0.0,A_g05_fc1,0.5,1.0
SQA,533,903.0,902.0,true,0.75,0.0,0.0,A_g05_fc1,0.5,1.0
SQA,534,904.0,904.0,true,0.75,0.0,0.0,A_g05_fc1,0.5,1.0
SQA,535,903.0,902.0,true,0.6666666666666666,0.0,0.0,A_g05_fc1,0.5,1.0
SQA,536,906.0,905.0,true,0.75,0.0,0.0,A_g05_fc1,0.5,1.0
SQA,537,902.0,901.0,true,0.5833333333333334,0.0,0.0,A_g05_fc1,0.5,1.0
SQA,538,902.0,901.0,true,0.5833333333333334,0.0,0.0,A_g05_fc1,0.5,1.0
SQA,539,904.0,904.0,true,0.6666666666666666,0.0,0.0,A_g05_fc1,0.5,1.0
SQA,540,904.0,903.0,true,0.75,0.0,0.0,A_g05_fc1,0.5,1.0
SQA,541,903.0,903.0,true,0.5833333333333334,0.0,0.0,A_g05_fc1,0.5,1.0
SQA,542,904.0,903.0,true,0.75,0.0,0.0,A_g05_fc1,0.5,1.0
SQA,543,904.0,903.0,true,0.6666666666666666,0.0,0.0,A_g05_fc1,0.5,1.0
SQA,544,905.0,904.0,true,0.6666666666666666,0.0,0.0,A_g05_fc1,0.5,1.0
SQA,545,902.0,902.0,true,0.5833333333333334,0.0,0.0,A_g05_fc1,0.5,1.0
SQA,546,903.0,902.0,true,0.5833333333333334,0.0,0.0,A_g05_fc1,0.5,1.0
SQA,547,902.0,901.0,true,0.5833333333333334,0.0,0.0,A_g05_fc1,0.5,1.0
SQA,548,903.0,903.0,true,0.5,0.0,0.0,A_g05_fc1,0.5,1.0
SQA,549,903.0,902.0,true,0.5833333333333334,0.0,0.0,A_g05_fc1,0.5,1.0
SQA,550,902.0,902.0,true,0.8333333333333334,0.0,0.0,A_g05_fc1,0.5,1.0
SQA,551,903.0,902.0,true,0.6666666666666666,0.0,0.0,A_g05_fc1,0.5,1.0
SQA,552,903.0,903.0,true,0.5833333333333334,0.0,0.0,A_g05_fc1,0.5,1.0
SQA,553,902.0,902.0,true,0.6666666666666666,0.0,0.0,A_g05_fc1,0.5,1.0
SQA,554,905.0,905.0,true,0.8333333333333334,0.0,0.0,A_g05_fc1,0.5,1.0
SQA,555,901.0,901.0,true,0.5,0.0,0.0,A_g05_fc1,0.5,1.0
SQA,556,903.0,903.0,true,0.6666666666666666,0.0,0.0,A_g05_fc1,0.5,1.0
SQA,557,903.0,903.0,true,0.75,0.0,0.0,A_g05_fc1,0.5,1.0
SQA,558,903.0,903.0,true,0.8333333333333334,0.0,0.0,A_g05_fc1,0.5,1.0
SQA,559,902.0,902.0,true,0.6666666666666666,0.0,0.0,A_g05_fc1,0.5,1.0
SQA,560,903.0,902.0,true,0.6666666666666666,0.0,0.0,A_g05_fc1,0.5,1.0
SQA,561,906.0,906.0,true,0.75,0.0,0.0,A_g05_fc1,0.5,1.0
SQA,562,902.0,901.0,true,0.5833333333333334,0.0,0.0,A_g05_fc1,0.5,1.0
SQA,563,902.0,901.0,true,0.5,0.0,0.0,A_g05_fc1,0.5,1.0
SQA,564,904.0,904.0,true,0.6666666666666666,0.0,0.0,A_g05_fc1,0.5,1.0
SQA,565,903.0,903.0,true,0.5,0.0,0.0,A_g05_fc1,0.5,1.0
SQA,566,903.0,902.0,true,0.75,0.0,0.0,A_g05_fc1,0.5,1.0
SQA,567,904.0,903.0,true,0.8333333333333334,0.0,0.0,A_g05_fc1,0.5,1.0
SQA,568,902.0,901.0,true,0.5833333333333334,0.0,0.0,A_g05_fc1,0.5,1.0
SQA,569,902.0,902.0,true,0.5833333333333334,0.0,0.0,A_g05_fc1,0.5,1.0
SQA,570,904.0,903.0,true,0.9166666666666666,0.0,0.0,A_g05_fc1,0.5,1.0
SQA,571,905.0,905.0,true,0.75,0.0,0.0,A_g05_fc1,0.5,1.0
SQA,572,902.0,902.0,true,0.5,0.0,0.0,A_g05_fc1,0.5,1.0
SQA,573,903.0,902.0,true,0.8333333333333334,0.0,0.0,A_g05_fc1,0.5,1.0
SQA,574,901.0,901.0,true,0.6666666666666666,0.0,0.0,A_g05_fc1,0.5,1.0
SQA,575,903.0,903.0,true,0.5,0.0,0.0,A_g05_fc1,0.5,1.0
SQA,576,905.0,904.0,true,0.8333333333333334,0.0,0.0,A_g05_fc1,0.5,1.0
SQA,577,903.0,903.0,true,0.75,0.0,0.0,A_g05_fc1,0.5,1.0
SQA,578,904.0,903.0,true,0.8333333333333334,0.0,0.0,A_g05_fc1,0.5,1.0
SQA,579,903.0,902.0,true,0.6666666666666666,0.0,0.0,A_g05_fc1,0.5,1.0
SQA,580,901.0,900.0,true,0.5833333333333334,0.0,0.0,A_g05_fc1,0.5,1.0
SQA,581,901.0,901.0,true,0.6666666666666666,0.0,0.0,A_g05_fc1,0.5,1.0
SQA,582,901.0,901.0,true,0.6666666666666666,0.0,0.0,A_g05_fc1,0.5,1.0
SQA,583,902.0,901.0,true,0.6666666666666666,0.0,0.0,A_g05_fc1,0.5,1.0
SQA,584,904.0,904.0,true,0.6666666666666666,0.0,0.0,A_g05_fc1,0.5,1.0
SQA,585,904.0,903.0,true,0.75,0.0,0.0,A_g05_fc1,0.5,1.0
SQA,586,903.0,902.0,true,0.6666666666666666,0.0,0.0,A_g05_fc1,0.5,1.0
SQA,587,902.0,902.0,true,0.6666666666666666,0.0,0.0,A_g05_fc1,0.5,1.0
SQA,588,902.0,902.0,true,0.6666666666666666,0.0,0.0,A_g05_fc1,0.5,1.0
SQA,589,904.0,904.0,true,0.75,0.0,0.0,A_g05_fc1,0.5,1.0
SQA,590,903.0,902.0,true,0.5,0.0,0.0,A_g05_fc1,0.5,1.0
SQA,591,903.0,903.0,true,0.5833333333333334,0.0,0.0,A_g05_fc1,0.5,1.0
SQA,592,902.0,902.0,true,0.6666666666666666,0.0,0.0,A_g05_fc1,0.5,1.0
SQA,593,906.0,905.0,true,0.75,0.0,0.0,A_g05_fc1,0.5,1.0
SQA,594,906.0,906.0,true,0.75,0.0,0.0,A_g05_fc1,0.5,1.0
SQA,595,905.0,904.0,true,0.6666666666666666,0.0,0.0,A_g05_fc1,0.5,1.0
SQA,596,903.0,903.0,true,0.75,0.0,0.0,A_g05_fc1,0.5,1.0
SQA,597,902.0,901.0,true,0.6666666666666666,0.0,0.0,A_g05_fc1,0.5,1.0
SQA,598,904.0,904.0,true,0.6666666666666666,0.0,0.0,A_g05_fc1,0.5,1.0
SQA,599,903.0,903.0,true,0.75,0.0,0.0,A_g05_fc1,0.5,1.0
SQA,600,903.0,902.0,true,0.75,0.0,0.0,A_g05_fc1,0.5,1.0
SQA,601,904.0,903.0,true,0.75,0.0,0.0,A_g05_fc1,0.5,1.0
SQA,602,902.0,902.0,true,0.5833333333333334,0.0,0.0,A_g05_fc1,0.5,1.0
SQA,603,902.0,902.0,true,0.5833333333333334,0.0,0.0,A_g05_fc1,0.5,1.0
SQA,604,904.0,904.0,true,0.8333333333333334,0.0,0.0,A_g05_fc1,0.5,1.0
SQA,605,904.0,904.0,true,0.75,0.0,0.0,A_g05_fc1,0.5,1.0
SQA,606,903.0,902.0,true,0.75,0.0,0.0,A_g05_fc1,0.5,1.0
SQA,607,903.0,902.0,true,0.5833333333333334,0.0,0.0,A_g05_fc1,0.5,1.0
SQA,608,904.0,904.0,true,0.6666666666666666,0.0,0.0,A_g05_fc1,0.5,1.0
SQA,609,903.0,902.0,true,0.6666666666666666,0.0,0.0,A_g05_fc1,0.5,1.0
SQA,610,902.0,901.0,true,0.6666666666666666,0.0,0.0,A_g05_fc1,0.5,1.0
SQA,611,901.0,901.0,true,0.5,0.0,0.0,A_g05_fc1,0.5,1.0
SQA,612,902.0,901.0,true,0.6666666666666666,0.0,0.0,A_g05_fc1,0.5,1.0
SQA,613,901.0,901.0,true,0.8333333333333334,0.0,0.0,A_g05_fc1,0.5,1.0
SQA,614,902.0,901.0,true,0.5833333333333334,0.0,0.0,A_g05_fc1,0.5,1.0
SQA,615,905.0,904.0,true,0.6666666666666666,0.0,0.0,A_g05_fc1,0.5,1.0
SQA,616,904.0,904.0,true,0.6666666666666666,0.0,0.0,A_g05_fc1,0.5,1.0
SQA,617,903.0,902.0,true,0.5833333333333334,0.0,0.0,A_g05_fc1,0.5,1.0
SQA,618,905.0,904.0,true,0.6666666666666666,0.0,0.0,A_g05_fc1,0.5,1.0
SQA,619,902.0,901.0,true,0.75,0.0,0.0,A_g05_fc1,0.5,1.0
SQA,620,902.0,901.0,true,0.75,0.0,0.0,A_g05_fc1,0.5,1.0
SQA,621,902.0,901.0,true,0.5833333333333334,0.0,0.0,A_g05_fc1,0.5,1.0
SQA,622,903.0,903.0,true,0.6666666666666666,0.0,0.0,A_g05_fc1,0.5,1.0
SQA,623,902.0,902.0,true,0.75,0.0,0.0,A_g05_fc1,0.5,1.0
SQA,624,906.0,905.0,true,0.8333333333333334,0.0,0.0,A_g05_fc1,0.5,1.0
SQA,625,902.0,902.0,true,0.6666666666666666,0.0,0.0,A_g05_fc1,0.5,1.0
SQA,626,903.0,902.0,true,0.5,0.0,0.0,A_g05_fc1,0.5,1.0
SQA,627,903.0,902.0,true,0.5833333333333334,0.0,0.0,A_g05_fc1,0.5,1.0
SQA,628,903.0,902.0,true,0.5833333333333334,0.0,0.0,A_g05_fc1,0.5,1.0
SQA,629,902.0,902.0,true,0.6666666666666666,0.0,0.0,A_g05_fc1,0.5,1.0
SQA,630,903.0,903.0,true,0.75,0.0,0.0,A_g05_fc1,0.5,1.0
SQA,631,903.0,902.0,true,0.6666666666666666,0.0,0.0,A_g05_fc1,0.5,1.0
SQA,632,903.0,902.0,true,0.8333333333333334,0.0,0.0,A_g05_fc1,0.5,1.0
SQA,633,902.0,901.0,true,0.5,0.0,0.0,A_g05_fc1,0.5,1.0
SQA,634,905.0,904.0,true,0.6666666666666666,0.0,0.0,A_g05_fc1,0.5,1.0
SQA,635,902.0,902.0,true,0.5833333333333334,0.0,0.0,A_g05_fc1,0.5,1.0
SQA,636,903.0,902.0,true,0.6666666666666666,0.0,0.0,A_g05_fc1,0.5,1.0
SQA,637,902.0,902.0,true,0.6666666666666666,0.0,0.0,A_g05_fc1,0.5,1.0
SQA,638,904.0,903.0,true,0.6666666666666666,0.0,0.0,A_g05_fc1,0.5,1.0
SQA,639,906.0,905.0,true,0.75,0.0,0.0,A_g05_fc1,0.5,1.0
SQA,640,903.0,903.0,true,0.75,0.0,0.0,A_g05_fc1,0.5,1.0
SQA,641,902.0,901.0,true,0.5833333333333334,0.0,0.0,A_g05_fc1,0.5,1.0
SQA,642,902.0,902.0,true,0.6666666666666666,0.0,0.0,A_g05_fc1,0.5,1.0
SQA,643,904.0,903.0,true,0.9166666666666666,0.0,0.0,A_g05_fc1,0.5,1.0
SQA,644,902.0,902.0,true,0.5833333333333334,0.0,0.0,A_g05_fc1,0.5,1.0
SQA,645,904.0,903.0,true,0.5833333333333334,0.0,0.0,A_g05_fc1,0.5,1.0
SQA,646,902.0,901.0,true,0.6666666666666666,0.0,0.0,A_g05_fc1,0.5,1.0
SQA,647,905.0,905.0,true,0.6666666666666666,0.0,0.0,A_g05_fc1,0.5,1.0
SQA,648,903.0,902.0,true,0.6666666666666666,0.0,0.0,A_g05_fc1,0.5,1.0
SQA,649,904.0,904.0,true,0.5833333333333334,0.0,0.0,A_g05_fc1,0.5,1.0
SQA,650,903.0,903.0,true,0.6666666666666666,0.0,0.0,A_g05_fc1,0.5,1.0
SQA,651,904.0,903.0,true,0.75,0.0,0.0,A_g05_fc1,0.5,1.0
SQA,652,903.0,902.0,true,0.75,0.0,0.0,A_g05_fc1,0.5,1.0
SQA,653,904.0,904.0,true,0.6666666666666666,0.0,0.0,A_g05_fc1,0.5,1.0
SQA,654,903.0,902.0,true,0.75,0.0,0.0,A_g05_fc1,0.5,1.0
SQA,655,904.0,904.0,true,0.75,0.0,0.0,A_g05_fc1,0.5,1.0
SQA,656,902.0,901.0,true,0.75,0.0,0.0,A_g05_fc1,0.5,1.0
SQA,657,903.0,902.0,true,0.6666666666666666,0.0,0.0,A_g05_fc1,0.5,1.0
SQA,658,904.0,903.0,true,0.8333333333333334,0.0,0.0,A_g05_fc1,0.5,1.0
SQA,659,903.0,902.0,true,0.6666666666666666,0.0,0.0,A_g05_fc1,0.5,1.0
SQA,660,902.0,901.0,true,0.5833333333333334,0.0,0.0,A_g05_fc1,0.5,1.0
SQA,661,901.0,900.0,true,0.75,0.0,0.0,A_g05_fc1,0.5,1.0
SQA,662,903.0,902.0,true,0.5833333333333334,0.0,0.0,A_g05_fc1,0.5,1.0
SQA,663,905.0,905.0,true,0.75,0.0,0.0,A_g05_fc1,0.5,1.0
SQA,664,904.0,903.0,true,0.75,0.0,0.0,A_g05_fc1,0.5,1.0
SQA,665,902.0,902.0,true,0.6666666666666666,0.0,0.0,A_g05_fc1,0.5,1.0
SQA,666,902.0,901.0,true,0.6666666666666666,0.0,0.0,A_g05_fc1,0.5,1.0
SQA,667,905.0,905.0,true,0.8333333333333334,0.0,0.0,A_g05_fc1,0.5,1.0
SQA,668,902.0,901.0,true,0.5833333333333334,0.0,0.0,A_g05_fc1,0.5,1.0
SQA,669,903.0,902.0,true,0.8333333333333334,0.0,0.0,A_g05_fc1,0.5,1.0
SQA,670,904.0,903.0,true,0.8333333333333334,0.0,0.0,A_g05_fc1,0.5,1.0
SQA,671,902.0,902.0,true,0.75,0.0,0.0,A_g05_fc1,0.5,1.0
SQA,672,904.0,904.0,true,0.8333333333333334,0.0,0.0,A_g05_fc1,0.5,1.0
SQA,673,903.0,902.0,true,0.5833333333333334,0.0,0.0,A_g05_fc1,0.5,1.0
SQA,674,904.0,903.0,true,0.6666666666666666,0.0,0.0,A_g05_fc1,0.5,1.0
SQA,675,903.0,903.0,true,0.6666666666666666,0.0,0.0,A_g05_fc1,0.5,1.0
SQA,676,904.0,904.0,true,0.8333333333333334,0.0,0.0,A_g05_fc1,0.5,1.0
SQA,677,903.0,903.0,true,0.75,0.0,0.0,A_g05_fc1,0.5,1.0
SQA,678,904.0,904.0,true,0.5833333333333334,0.0,0.0,A_g05_fc1,0.5,1.0
SQA,679,903.0,902.0,true,0.8333333333333334,0.0,0.0,A_g05_fc1,0.5,1.0
SQA,680,903.0,903.0,true,0.6666666666666666,0.0,0.0,A_g05_fc1,0.5,1.0
SQA,681,906.0,905.0,true,0.9166666666666666,0.0,0.0,A_g05_fc1,0.5,1.0
SQA,682,903.0,903.0,true,0.6666666666666666,0.0,0.0,A_g05_fc1,0.5,1.0
SQA,683,904.0,904.0,true,0.6666666666666666,0.0,0.0,A_g05_fc1,0.5,1.0
SQA,684,903.0,902.0,true,0.75,0.0,0.0,A_g05_fc1,0.5,1.0
SQA,685,904.0,904.0,true,0.75,0.0,0.0,A_g05_fc1,0.5,1.0
SQA,686,903.0,903.0,true,0.6666666666666666,0.0,0.0,A_g05_fc1,0.5,1.0
SQA,687,903.0,903.0,true,0.6666666666666666,0.0,0.0,A_g05_fc1,0.5,1.0
SQA,688,902.0,902.0,true,0.5833333333333334,0.0,0.0,A_g05_fc1,0.5,1.0
SQA,689,903.0,903.0,true,0.6666666666666666,0.0,0.0,A_g05_fc1,0.5,1.0
SQA,690,903.0,902.0,true,0.5833333333333334,0.0,0.0,A_g05_fc1,0.5,1.0
SQA,691,903.0,902.0,true,0.5833333333333334,0.0,0.0,A_g05_fc1,0.5,1.0
SQA,692,905.0,904.0,true,0.8333333333333334,0.0,0.0,A_g05_fc1,0.5,1.0
SQA,693,903.0,903.0,true,0.75,0.0,0.0,A_g05_fc1,0.5,1.0
SQA,694,902.0,902.0,true,0.75,0.0,0.0,A_g05_fc1,0.5,1.0
SQA,695,904.0,903.0,true,0.6666666666666666,0.0,0.0,A_g05_fc1,0.5,1.0
SQA,696,904.0,904.0,true,0.75,0.0,0.0,A_g05_fc1,0.5,1.0
SQA,697,904.0,903.0,true,0.8333333333333334,0.0,0.0,A_g05_fc1,0.5,1.0
SQA,698,904.0,903.0,true,0.6666666666666666,0.0,0.0,A_g05_fc1,0.5,1.0
SQA,699,902.0,901.0,true,0.8333333333333334,0.0,0.0,A_g05_fc1,0.5,1.0
SQA,700,904.0,904.0,true,0.75,0.0,0.0,A_g05_fc1,0.5,1.0
SQA,701,902.0,902.0,true,0.6666666666666666,0.0,0.0,A_g05_fc1,0.5,1.0
SQA,702,902.0,901.0,true,0.75,0.0,0.0,A_g05_fc1,0.5,1.0
SQA,703,904.0,903.0,true,0.6666666666666666,0.0,0.0,A_g05_fc1,0.5,1.0
SQA,704,902.0,902.0,true,0.5833333333333334,0.0,0.0,A_g05_fc1,0.5,1.0
SQA,705,901.0,901.0,true,0.5,0.0,0.0,A_g05_fc1,0.5,1.0
SQA,706,903.0,902.0,true,0.5833333333333334,0.0,0.0,A_g05_fc1,0.5,1.0
SQA,707,903.0,902.0,true,0.6666666666666666,0.0,0.0,A_g05_fc1,0.5,1.0
SQA,708,903.0,903.0,true,0.75,0.0,0.0,A_g05_fc1,0.5,1.0
SQA,709,903.0,903.0,true,0.8333333333333334,0.0,0.0,A_g05_fc1,0.5,1.0
SQA,710,904.0,903.0,true,0.6666666666666666,0.0,0.0,A_g05_fc1,0.5,1.0
SQA,711,901.0,901.0,true,0.5833333333333334,0.0,0.0,A_g05_fc1,0.5,1.0
SQA,712,905.0,904.0,true,0.75,0.0,0.0,A_g05_fc1,0.5,1.0
SQA,713,903.0,903.0,true,0.5833333333333334,0.0,0.0,A_g05_fc1,0.5,1.0
SQA,714,905.0,905.0,true,0.8333333333333334,0.0,0.0,A_g05_fc1,0.5,1.0
SQA,715,902.0,901.0,true,0.5833333333333334,0.0,0.0,A_g05_fc1,0.5,1.0
SQA,716,904.0,903.0,true,0.6666666666666666,0.0,0.0,A_g05_fc1,0.5,1.0
SQA,717,900.0,900.0,true,0.75,0.0,0.0,A_g05_fc1,0.5,1.0
SQA,718,905.0,904.0,true,0.8333333333333334,0.0,0.0,A_g05_fc1,0.5,1.0
SQA,719,903.0,902.0,true,0.75,0.0,0.0,A_g05_fc1,0.5,1.0
SQA,720,903.0,903.0,true,0.75,0.0,0.0,A_g05_fc1,0.5,1.0
SQA,721,903.0,903.0,true,0.75,0.0,0.0,A_g05_fc1,0.5,1.0
SQA,722,900.0,899.0,true,0.6666666666666666,0.0,0.0,A_g05_fc1,0.5,1.0
SQA,723,902.0,901.0,true,0.6666666666666666,0.0,0.0,A_g05_fc1,0.5,1.0
SQA,724,903.0,902.0,true,0.6666666666666666,0.0,0.0,A_g05_fc1,0.5,1.0
SQA,725,903.0,903.0,true,0.6666666666666666,0.0,0.0,A_g05_fc1,0.5,1.0
SQA,726,901.0,900.0,true,0.5,0.0,0.0,A_g05_fc1,0.5,1.0
SQA,727,905.0,904.0,true,0.75,0.0,0.0,A_g05_fc1,0.5,1.0
SQA,728,903.0,902.0,true,0.8333333333333334,0.0,0.0,A_g05_fc1,0.5,1.0
SQA,729,904.0,904.0,true,0.75,0.0,0.0,A_g05_fc1,0.5,1.0
SQA,730,903.0,903.0,true,0.5833333333333334,0.0,0.0,A_g05_fc1,0.5,1.0
SQA,731,905.0,904.0,true,0.8333333333333334,0.0,0.0,A_g05_fc1,0.5,1.0
SQA,732,902.0,901.0,true,0.75,0.0,0.0,A_g05_fc1,0.5,1.0
SQA,733,902.0,901.0,true,0.75,0.0,0.0,A_g05_fc1,0.5,1.0
SQA,734,902.0,902.0,true,0.5,0.0,0.0,A_g05_fc1,0.5,1.0
SQA,735,904.0,904.0,true,0.8333333333333334,0.0,0.0,A_g05_fc1,0.5,1.0
SQA,736,905.0,904.0,true,0.6666666666666666,0.0,0.0,A_g05_fc1,0.5,1.0
SQA,737,904.0,903.0,true,0.75,0.0,0.0,A_g05_fc1,0.5,1.0
SQA,738,903.0,903.0,true,0.6666666666666666,0.0,0.0,A_g05_fc1,0.5,1.0
SQA,739,903.0,902.0,true,0.5833333333333334,0.0,0.0,A_g05_fc1,0.5,1.0
SQA,740,904.0,903.0,true,0.75,0.0,0.0,A_g05_fc1,0.5,1.0
SQA,741,902.0,902.0,true,0.5833333333333334,0.0,0.0,A_g05_fc1,0.5,1.0
SQA,742,904.0,903.0,true,0.8333333333333334,0.0,0.0,A_g05_fc1,0.5,1.0
SQA,743,904.0,904.0,true,0.8333333333333334,0.0,0.0,A_g05_fc1,0.5,1.0
SQA,744,903.0,903.0,true,0.5,0.0,0.0,A_g05_fc1,0.5,1.0
SQA,745,903.0,902.0,true,0.5,0.0,0.0,A_g05_fc1,0.5,1.0
SQA,746,903.0,903.0,true,0.5833333333333334,0.0,0.0,A_g05_fc1,0.5,1.0
SQA,747,903.0,902.0,true,0.5,0.0,0.0,A_g05_fc1,0.5,1.0
SQA,748,902.0,902.0,true,0.75,0.0,0.0,A_g05_fc1,0.5,1.0
SQA,749,903.0,903.0,true,0.8333333333333334,0.0,0.0,A_g05_fc1,0.5,1.0
SQA,750,903.0,902.0,true,0.75,0.0,0.0,A_g05_fc1,0.5,1.0
SQA,751,905.0,904.0,true,0.8333333333333334,0.0,0.0,A_g05_fc1,0.5,1.0
SQA,752,903.0,903.0,true,0.6666666666666666,0.0,0.0,A_g05_fc1,0.5,1.0
SQA,753,903.0,902.0,true,0.6666666666666666,0.0,0.0,A_g05_fc1,0.5,1.0
SQA,754,902.0,901.0,true,0.6666666666666666,0.0,0.0,A_g05_fc1,0.5,1.0
SQA,755,905.0,905.0,true,0.75,0.0,0.0,A_g05_fc1,0.5,1.0
SQA,756,903.0,903.0,true,0.6666666666666666,0.0,0.0,A_g05_fc1,0.5,1.0
SQA,757,901.0,901.0,true,0.5,0.0,0.0,A_g05_fc1,0.5,1.0
SQA,758,903.0,902.0,true,0.6666666666666666,0.0,0.0,A_g05_fc1,0.5,1.0
SQA,759,905.0,905.0,true,0.75,0.0,0.0,A_g05_fc1,0.5,1.0
SQA,760,903.0,903.0,true,0.6666666666666666,0.0,0.0,A_g05_fc1,0.5,1.0
SQA,761,901.0,900.0,true,0.8333333333333334,0.0,0.0,A_g05_fc1,0.5,1.0
SQA,762,903.0,902.0,true,0.75,0.0,0.0,A_g05_fc1,0.5,1.0
SQA,763,904.0,903.0,true,0.75,0.0,0.0,A_g05_fc1,0.5,1.0
SQA,764,904.0,903.0,true,0.6666666666666666,0.0,0.0,A_g05_fc1,0.5,1.0
SQA,765,903.0,903.0,true,0.75,0.0,0.0,A_g05_fc1,0.5,1.0
SQA,766,904.0,903.0,true,0.6666666666666666,0.0,0.0,A_g05_fc1,0.5,1.0
SQA,767,904.0,903.0,true,0.75,0.0,0.0,A_g05_fc1,0.5,1.0
SQA,768,902.0,901.0,true,0.75,0.0,0.0,A_g05_fc1,0.5,1.0
SQA,769,901.0,901.0,true,0.6666666666666666,0.0,0.0,A_g05_fc1,0.5,1.0
SQA,770,904.0,903.0,true,0.6666666666666666,0.0,0.0,A_g05_fc1,0.5,1.0
SQA,771,903.0,902.0,true,0.6666666666666666,0.0,0.0,A_g05_fc1,0.5,1.0
SQA,772,903.0,903.0,true,0.6666666666666666,0.0,0.0,A_g05_fc1,0.5,1.0
SQA,773,903.0,902.0,true,0.8333333333333334,0.0,0.0,A_g05_fc1,0.5,1.0
SQA,774,902.0,901.0,true,0.6666666666666666,0.0,0.0,A_g05_fc1,0.5,1.0
SQA,775,903.0,902.0,true,0.5833333333333334,0.0,0.0,A_g05_fc1,0.5,1.0
SQA,776,906.0,906.0,true,0.75,0.0,0.0,A_g05_fc1,0.5,1.0
SQA,777,904.0,903.0,true,0.6666666666666666,0.0,0.0,A_g05_fc1,0.5,1.0
SQA,778,903.0,902.0,true,0.6666666666666666,0.0,0.0,A_g05_fc1,0.5,1.0
SQA,779,904.0,904.0,true,0.5833333333333334,0.0,0.0,A_g05_fc1,0.5,1.0
SQA,780,904.0,903.0,true,0.8333333333333334,0.0,0.0,A_g05_fc1,0.5,1.0
SQA,781,903.0,902.0,true,0.75,0.0,0.0,A_g05_fc1,0.5,1.0
SQA,782,904.0,903.0,true,0.75,0.0,0.0,A_g05_fc1,0.5,1.0
SQA,783,903.0,903.0,true,0.75,0.0,0.0,A_g05_fc1,0.5,1.0
SQA,784,902.0,901.0,true,0.8333333333333334,0.0,0.0,A_g05_fc1,0.5,1.0
SQA,785,903.0,903.0,true,0.5833333333333334,0.0,0.0,A_g05_fc1,0.5,1.0
SQA,786,902.0,901.0,true,0.5833333333333334,0.0,0.0,A_g05_fc1,0.5,1.0
SQA,787,902.0,902.0,true,0.5833333333333334,0.0,0.0,A_g05_fc1,0.5,1.0
SQA,788,905.0,904.0,true,0.9166666666666666,0.0,0.0,A_g05_fc1,0.5,1.0
SQA,789,903.0,902.0,true,0.5833333333333334,0.0,0.0,A_g05_fc1,0.5,1.0
SQA,790,904.0,903.0,true,0.6666666666666666,0.0,0.0,A_g05_fc1,0.5,1.0
SQA,791,902.0,902.0,true,0.5833333333333334,0.0,0.0,A_g05_fc1,0.5,1.0
SQA,792,902.0,902.0,true,0.5,0.0,0.0,A_g05_fc1,0.5,1.0
SQA,793,904.0,903.0,true,0.75,0.0,0.0,A_g05_fc1,0.5,1.0
SQA,794,904.0,904.0,true,0.8333333333333334,0.0,0.0,A_g05_fc1,0.5,1.0
SQA,795,904.0,903.0,true,0.75,0.0,0.0,A_g05_fc1,0.5,1.0
SQA,796,902.0,901.0,true,0.75,0.0,0.0,A_g05_fc1,0.5,1.0
SQA,797,903.0,902.0,true,0.6666666666666666,0.0,0.0,A_g05_fc1,0.5,1.0
SQA,798,902.0,901.0,true,0.6666666666666666,0.0,0.0,A_g05_fc1,0.5,1.0
SQA,799,903.0,903.0,true,0.6666666666666666,0.0,0.0,A_g05_fc1,0.5,1.0
SQA,800,903.0,902.0,true,0.8333333333333334,0.0,0.0,A_g05_fc1,0.5,1.0
SQA,801,904.0,904.0,true,0.6666666666666666,0.0,0.0,A_g05_fc1,0.5,1.0
SQA,802,902.0,902.0,true,0.5,0.0,0.0,A_g05_fc1,0.5,1.0
SQA,803,904.0,903.0,true,0.75,0.0,0.0,A_g05_fc1,0.5,1.0
SQA,804,902.0,901.0,true,0.6666666666666666,0.0,0.0,A_g05_fc1,0.5,1.0
SQA,805,904.0,903.0,true,0.75,0.0,0.0,A_g05_fc1,0.5,1.0
SQA,806,902.0,902.0,true,0.75,0.0,0.0,A_g05_fc1,0.5,1.0
SQA,807,905.0,905.0,true,0.6666666666666666,0.0,0.0,A_g05_fc1,0.5,1.0
SQA,808,900.0,900.0,true,0.6666666666666666,0.0,0.0,A_g05_fc1,0.5,1.0
SQA,809,903.0,902.0,true,0.75,0.0,0.0,A_g05_fc1,0.5,1.0
SQA,810,902.0,902.0,true,0.6666666666666666,0.0,0.0,A_g05_fc1,0.5,1.0
SQA,811,904.0,903.0,true,0.75,0.0,0.0,A_g05_fc1,0.5,1.0
SQA,812,904.0,904.0,true,0.8333333333333334,0.0,0.0,A_g05_fc1,0.5,1.0
SQA,813,904.0,903.0,true,0.8333333333333334,0.0,0.0,A_g05_fc1,0.5,1.0
SQA,814,903.0,902.0,true,0.6666666666666666,0.0,0.0,A_g05_fc1,0.5,1.0
SQA,815,906.0,905.0,true,0.75,0.0,0.0,A_g05_fc1,0.5,1.0
SQA,816,903.0,903.0,true,0.6666666666666666,0.0,0.0,A_g05_fc1,0.5,1.0
SQA,817,905.0,904.0,true,0.75,0.0,0.0,A_g05_fc1,0.5,1.0
SQA,818,904.0,903.0,true,0.6666666666666666,0.0,0.0,A_g05_fc1,0.5,1.0
SQA,819,903.0,903.0,true,0.5833333333333334,0.0,0.0,A_g05_fc1,0.5,1.0
SQA,820,905.0,904.0,true,0.6666666666666666,0.0,0.0,A_g05_fc1,0.5,1.0
SQA,821,903.0,902.0,true,0.5833333333333334,0.0,0.0,A_g05_fc1,0.5,1.0
SQA,822,905.0,904.0,true,0.75,0.0,0.0,A_g05_fc1,0.5,1.0
SQA,823,902.0,901.0,true,0.5833333333333334,0.0,0.0,A_g05_fc1,0.5,1.0
SQA,824,904.0,903.0,true,0.75,0.0,0.0,A_g05_fc1,0.5,1.0
SQA,825,903.0,903.0,true,0.6666666666666666,0.0,0.0,A_g05_fc1,0.5,1.0
SQA,826,903.0,903.0,true,0.5833333333333334,0.0,0.0,A_g05_fc1,0.5,1.0
SQA,827,903.0,902.0,true,0.6666666666666666,0.0,0.0,A_g05_fc1,0.5,1.0
SQA,828,902.0,902.0,true,0.8333333333333334,0.0,0.0,A_g05_fc1,0.5,1.0
SQA,829,906.0,905.0,true,0.9166666666666666,0.0,0.0,A_g05_fc1,0.5,1.0
SQA,830,903.0,902.0,true,0.75,0.0,0.0,A_g05_fc1,0.5,1.0
SQA,831,903.0,902.0,true,0.6666666666666666,0.0,0.0,A_g05_fc1,0.5,1.0
SQA,832,903.0,902.0,true,0.8333333333333334,0.0,0.0,A_g05_fc1,0.5,1.0
SQA,833,903.0,902.0,true,0.6666666666666666,0.0,0.0,A_g05_fc1,0.5,1.0
SQA,834,905.0,904.0,true,0.75,0.0,0.0,A_g05_fc1,0.5,1.0
SQA,835,904.0,904.0,true,0.6666666666666666,0.0,0.0,A_g05_fc1,0.5,1.0
SQA,836,902.0,901.0,true,0.5,0.0,0.0,A_g05_fc1,0.5,1.0
SQA,837,902.0,901.0,true,0.6666666666666666,0.0,0.0,A_g05_fc1,0.5,1.0
SQA,838,902.0,901.0,true,0.6666666666666666,0.0,0.0,A_g05_fc1,0.5,1.0
SQA,839,903.0,903.0,true,0.6666666666666666,0.0,0.0,A_g05_fc1,0.5,1.0
SQA,840,902.0,902.0,true,0.9166666666666666,0.0,0.0,A_g05_fc1,0.5,1.0
SQA,841,904.0,904.0,true,0.75,0.0,0.0,A_g05_fc1,0.5,1.0
SQA,842,905.0,904.0,true,0.8333333333333334,0.0,0.0,A_g05_fc1,0.5,1.0
SQA,843,903.0,903.0,true,0.75,0.0,0.0,A_g05_fc1,0.5,1.0
SQA,844,903.0,903.0,true,0.75,0.0,0.0,A_g05_fc1,0.5,1.0
SQA,845,903.0,902.0,true,0.5833333333333334,0.0,0.0,A_g05_fc1,0.5,1.0
SQA,846,903.0,902.0,true,0.6666666666666666,0.0,0.0,A_g05_fc1,0.5,1.0
SQA,847,901.0,901.0,true,0.6666666666666666,0.0,0.0,A_g05_fc1,0.5,1.0
SQA,848,903.0,903.0,true,0.5,0.0,0.0,A_g05_fc1,0.5,1.0
SQA,849,904.0,903.0,true,0.75,0.0,0.0,A_g05_fc1,0.5,1.0
SQA,850,905.0,905.0,true,0.5833333333333334,0.0,0.0,A_g05_fc1,0.5,1.0
SQA,851,904.0,904.0,true,0.5833333333333334,0.0,0.0,A_g05_fc1,0.5,1.0
SQA,852,901.0,901.0,true,0.5,0.0,0.0,A_g05_fc1,0.5,1.0
SQA,853,903.0,902.0,true,0.5833333333333334,0.0,0.0,A_g05_fc1,0.5,1.0
SQA,854,902.0,902.0,true,0.5833333333333334,0.0,0.0,A_g05_fc1,0.5,1.0
SQA,855,902.0,902.0,true,0.75,0.0,0.0,A_g05_fc1,0.5,1.0
SQA,856,906.0,905.0,true,0.8333333333333334,0.0,0.0,A_g05_fc1,0.5,1.0
SQA,857,902.0,901.0,true,0.5833333333333334,0.0,0.0,A_g05_fc1,0.5,1.0
SQA,858,903.0,902.0,true,0.8333333333333334,0.0,0.0,A_g05_fc1,0.5,1.0
SQA,859,903.0,903.0,true,0.6666666666666666,0.0,0.0,A_g05_fc1,0.5,1.0
SQA,860,902.0,902.0,true,0.75,0.0,0.0,A_g05_fc1,0.5,1.0
SQA,861,903.0,903.0,true,0.8333333333333334,0.0,0.0,A_g05_fc1,0.5,1.0
SQA,862,903.0,902.0,true,0.5833333333333334,0.0,0.0,A_g05_fc1,0.5,1.0
SQA,863,904.0,903.0,true,0.6666666666666666,0.0,0.0,A_g05_fc1,0.5,1.0
SQA,864,902.0,901.0,true,0.5833333333333334,0.0,0.0,A_g05_fc1,0.5,1.0
SQA,865,904.0,904.0,true,0.6666666666666666,0.0,0.0,A_g05_fc1,0.5,1.0
SQA,866,904.0,903.0,true,0.75,0.0,0.0,A_g05_fc1,0.5,1.0
SQA,867,902.0,901.0,true,0.5833333333333334,0.0,0.0,A_g05_fc1,0.5,1.0
SQA,868,904.0,903.0,true,0.9166666666666666,0.0,0.0,A_g05_fc1,0.5,1.0
SQA,869,903.0,902.0,true,0.5833333333333334,0.0,0.0,A_g05_fc1,0.5,1.0
SQA,870,903.0,902.0,true,0.6666666666666666,0.0,0.0,A_g05_fc1,0.5,1.0
SQA,871,904.0,904.0,true,0.75,0.0,0.0,A_g05_fc1,0.5,1.0
SQA,872,903.0,902.0,true,0.6666666666666666,0.0,0.0,A_g05_fc1,0.5,1.0
SQA,873,904.0,903.0,true,0.6666666666666666,0.0,0.0,A_g05_fc1,0.5,1.0
SQA,874,902.0,901.0,true,0.5,0.0,0.0,A_g05_fc1,0.5,1.0
SQA,875,904.0,903.0,true,0.6666666666666666,0.0,0.0,A_g05_fc1,0.5,1.0
SQA,876,902.0,902.0,true,0.5833333333333334,0.0,0.0,A_g05_fc1,0.5,1.0
SQA,877,903.0,903.0,true,0.5833333333333334,0.0,0.0,A_g05_fc1,0.5,1.0
SQA,878,903.0,902.0,true,0.75,0.0,0.0,A_g05_fc1,0.5,1.0
SQA,879,904.0,903.0,true,0.75,0.0,0.0,A_g05_fc1,0.5,1.0
SQA,880,906.0,905.0,true,0.8333333333333334,0.0,0.0,A_g05_fc1,0.5,1.0
SQA,881,905.0,905.0,true,0.75,0.0,0.0,A_g05_fc1,0.5,1.0
SQA,882,902.0,901.0,true,0.75,0.0,0.0,A_g05_fc1,0.5,1.0
SQA,883,902.0,902.0,true,0.4166666666666667,0.0,0.0,A_g05_fc1,0.5,1.0
SQA,884,904.0,903.0,true,0.8333333333333334,0.0,0.0,A_g05_fc1,0.5,1.0
SQA,885,903.0,902.0,true,0.5833333333333334,0.0,0.0,A_g05_fc1,0.5,1.0
SQA,886,903.0,903.0,true,0.6666666666666666,0.0,0.0,A_g05_fc1,0.5,1.0
SQA,887,903.0,902.0,true,0.6666666666666666,0.0,0.0,A_g05_fc1,0.5,1.0
SQA,888,902.0,901.0,true,0.75,0.0,0.0,A_g05_fc1,0.5,1.0
SQA,889,902.0,902.0,true,0.5833333333333334,0.0,0.0,A_g05_fc1,0.5,1.0
SQA,890,906.0,905.0,true,0.9166666666666666,0.0,0.0,A_g05_fc1,0.5,1.0
SQA,891,903.0,902.0,true,0.75,0.0,0.0,A_g05_fc1,0.5,1.0
SQA,892,902.0,902.0,true,0.5,0.0,0.0,A_g05_fc1,0.5,1.0
SQA,893,902.0,901.0,true,0.5833333333333334,0.0,0.0,A_g05_fc1,0.5,1.0
SQA,894,904.0,903.0,true,0.8333333333333334,0.0,0.0,A_g05_fc1,0.5,1.0
SQA,895,904.0,904.0,true,0.6666666666666666,0.0,0.0,A_g05_fc1,0.5,1.0
SQA,896,905.0,905.0,true,0.6666666666666666,0.0,0.0,A_g05_fc1,0.5,1.0
SQA,897,904.0,903.0,true,0.75,0.0,0.0,A_g05_fc1,0.5,1.0
SQA,898,902.0,901.0,true,0.5833333333333334,0.0,0.0,A_g05_fc1,0.5,1.0
SQA,899,904.0,904.0,true,0.6666666666666666,0.0,0.0,A_g05_fc1,0.5,1.0
SQA,900,902.0,902.0,true,0.6666666666666666,0.0,0.0,A_g05_fc1,0.5,1.0
SQA,901,902.0,901.0,true,0.5833333333333334,0.0,0.0,A_g05_fc1,0.5,1.0
SQA,902,903.0,903.0,true,0.75,0.0,0.0,A_g05_fc1,0.5,1.0
SQA,903,902.0,901.0,true,0.5833333333333334,0.0,0.0,A_g05_fc1,0.5,1.0
SQA,904,903.0,902.0,true,0.5,0.0,0.0,A_g05_fc1,0.5,1.0
SQA,905,903.0,903.0,true,0.75,0.0,0.0,A_g05_fc1,0.5,1.0
SQA,906,904.0,903.0,true,0.75,0.0,0.0,A_g05_fc1,0.5,1.0
SQA,907,903.0,903.0,true,0.6666666666666666,0.0,0.0,A_g05_fc1,0.5,1.0
SQA,908,901.0,901.0,true,0.5,0.0,0.0,A_g05_fc1,0.5,1.0
SQA,909,902.0,901.0,true,0.6666666666666666,0.0,0.0,A_g05_fc1,0.5,1.0
SQA,910,902.0,902.0,true,0.6666666666666666,0.0,0.0,A_g05_fc1,0.5,1.0
SQA,911,902.0,901.0,true,0.6666666666666666,0.0,0.0,A_g05_fc1,0.5,1.0
SQA,912,903.0,903.0,true,0.75,0.0,0.0,A_g05_fc1,0.5,1.0
SQA,913,902.0,902.0,true,0.5833333333333334,0.0,0.0,A_g05_fc1,0.5,1.0
SQA,914,902.0,901.0,true,0.5,0.0,0.0,A_g05_fc1,0.5,1.0
SQA,915,902.0,901.0,true,0.75,0.0,0.0,A_g05_fc1,0.5,1.0
SQA,916,904.0,904.0,true,0.6666666666666666,0.0,0.0,A_g05_fc1,0.5,1.0
SQA,917,904.0,903.0,true,0.8333333333333334,0.0,0.0,A_g05_fc1,0.5,1.0
SQA,918,903.0,902.0,true,0.6666666666666666,0.0,0.0,A_g05_fc1,0.5,1.0
SQA,919,903.0,903.0,true,0.75,0.0,0.0,A_g05_fc1,0.5,1.0
SQA,920,903.0,902.0,true,0.6666666666666666,0.0,0.0,A_g05_fc1,0.5,1.0
SQA,921,902.0,902.0,true,0.75,0.0,0.0,A_g05_fc1,0.5,1.0
SQA,922,903.0,903.0,true,0.75,0.0,0.0,A_g05_fc1,0.5,1.0
SQA,923,904.0,903.0,true,0.75,0.0,0.0,A_g05_fc1,0.5,1.0
SQA,924,904.0,904.0,true,0.5833333333333334,0.0,0.0,A_g05_fc1,0.5,1.0
SQA,925,903.0,903.0,true,0.6666666666666666,0.0,0.0,A_g05_fc1,0.5,1.0
SQA,926,903.0,902.0,true,0.5833333333333334,0.0,0.0,A_g05_fc1,0.5,1.0
SQA,927,904.0,904.0,true,0.6666666666666666,0.0,0.0,A_g05_fc1,0.5,1.0
SQA,928,904.0,904.0,true,0.5833333333333334,0.0,0.0,A_g05_fc1,0.5,1.0
SQA,929,901.0,901.0,true,0.6666666666666666,0.0,0.0,A_g05_fc1,0.5,1.0
SQA,930,905.0,904.0,true,0.8333333333333334,0.0,0.0,A_g05_fc1,0.5,1.0
SQA,931,904.0,904.0,true,0.75,0.0,0.0,A_g05_fc1,0.5,1.0
SQA,932,902.0,901.0,true,0.6666666666666666,0.0,0.0,A_g05_fc1,0.5,1.0
SQA,933,902.0,902.0,true,0.6666666666666666,0.0,0.0,A_g05_fc1,0.5,1.0
SQA,934,903.0,903.0,true,0.6666666666666666,0.0,0.0,A_g05_fc1,0.5,1.0
SQA,935,904.0,903.0,true,0.75,0.0,0.0,A_g05_fc1,0.5,1.0
SQA,936,905.0,904.0,true,0.6666666666666666,0.0,0.0,A_g05_fc1,0.5,1.0
SQA,937,904.0,903.0,true,0.75,0.0,0.0,A_g05_fc1,0.5,1.0
SQA,938,902.0,901.0,true,0.5833333333333334,0.0,0.0,A_g05_fc1,0.5,1.0
SQA,939,903.0,902.0,true,0.75,0.0,0.0,A_g05_fc1,0.5,1.0
SQA,940,901.0,901.0,true,0.5833333333333334,0.0,0.0,A_g05_fc1,0.5,1.0
SQA,941,900.0,900.0,true,0.3333333333333333,0.0,0.0,A_g05_fc1,0.5,1.0
SQA,942,903.0,902.0,true,0.6666666666666666,0.0,0.0,A_g05_fc1,0.5,1.0
SQA,943,906.0,906.0,true,0.8333333333333334,0.0,0.0,A_g05_fc1,0.5,1.0
SQA,944,904.0,903.0,true,0.8333333333333334,0.0,0.0,A_g05_fc1,0.5,1.0
SQA,945,903.0,903.0,true,0.8333333333333334,0.0,0.0,A_g05_fc1,0.5,1.0
SQA,946,902.0,902.0,true,0.5833333333333334,0.0,0.0,A_g05_fc1,0.5,1.0
SQA,947,904.0,903.0,true,0.75,0.0,0.0,A_g05_fc1,0.5,1.0
SQA,948,902.0,902.0,true,0.5,0.0,0.0,A_g05_fc1,0.5,1.0
SQA,949,903.0,902.0,true,0.75,0.0,0.0,A_g05_fc1,0.5,1.0
SQA,950,904.0,903.0,true,0.6666666666666666,0.0,0.0,A_g05_fc1,0.5,1.0
SQA,951,905.0,904.0,true,0.75,0.0,0.0,A_g05_fc1,0.5,1.0
SQA,952,903.0,902.0,true,0.5,0.0,0.0,A_g05_fc1,0.5,1.0
SQA,953,903.0,903.0,true,0.8333333333333334,0.0,0.0,A_g05_fc1,0.5,1.0
SQA,954,902.0,902.0,true,0.75,0.0,0.0,A_g05_fc1,0.5,1.0
SQA,955,904.0,904.0,true,0.5833333333333334,0.0,0.0,A_g05_fc1,0.5,1.0
SQA,956,907.0,907.0,true,0.8333333333333334,0.0,0.0,A_g05_fc1,0.5,1.0
SQA,957,903.0,903.0,true,0.6666666666666666,0.0,0.0,A_g05_fc1,0.5,1.0
SQA,958,902.0,902.0,true,0.5,0.0,0.0,A_g05_fc1,0.5,1.0
SQA,959,903.0,902.0,true,0.6666666666666666,0.0,0.0,A_g05_fc1,0.5,1.0
SQA,960,904.0,904.0,true,0.5833333333333334,0.0,0.0,A_g05_fc1,0.5,1.0
SQA,961,903.0,902.0,true,0.6666666666666666,0.0,0.0,A_g05_fc1,0.5,1.0
SQA,962,903.0,903.0,true,0.75,0.0,0.0,A_g05_fc1,0.5,1.0
SQA,963,902.0,902.0,true,0.5,0.0,0.0,A_g05_fc1,0.5,1.0
SQA,964,905.0,905.0,true,0.75,0.0,0.0,A_g05_fc1,0.5,1.0
SQA,965,905.0,905.0,true,0.5833333333333334,0.0,0.0,A_g05_fc1,0.5,1.0
SQA,966,903.0,902.0,true,0.6666666666666666,0.0,0.0,A_g05_fc1,0.5,1.0
SQA,967,902.0,901.0,true,0.6666666666666666,0.0,0.0,A_g05_fc1,0.5,1.0
SQA,968,902.0,902.0,true,0.75,0.0,0.0,A_g05_fc1,0.5,1.0
SQA,969,901.0,900.0,true,0.5,0.0,0.0,A_g05_fc1,0.5,1.0
SQA,970,905.0,905.0,true,0.9166666666666666,0.0,0.0,A_g05_fc1,0.5,1.0
SQA,971,902.0,902.0,true,0.75,0.0,0.0,A_g05_fc1,0.5,1.0
SQA,972,902.0,902.0,true,0.5833333333333334,0.0,0.0,A_g05_fc1,0.5,1.0
SQA,973,902.0,902.0,true,0.5833333333333334,0.0,0.0,A_g05_fc1,0.5,1.0
SQA,974,903.0,902.0,true,0.6666666666666666,0.0,0.0,A_g05_fc1,0.5,1.0
SQA,975,903.0,902.0,true,0.6666666666666666,0.0,0.0,A_g05_fc1,0.5,1.0
SQA,976,903.0,902.0,true,0.5833333333333334,0.0,0.0,A_g05_fc1,0.5,1.0
SQA,977,903.0,903.0,true,0.75,0.0,0.0,A_g05_fc1,0.5,1.0
SQA,978,906.0,906.0,true,0.8333333333333334,0.0,0.0,A_g05_fc1,0.5,1.0
SQA,979,904.0,904.0,true,0.5833333333333334,0.0,0.0,A_g05_fc1,0.5,1.0
SQA,980,906.0,905.0,true,0.9166666666666666,0.0,0.0,A_g05_fc1,0.5,1.0
SQA,981,903.0,902.0,true,0.6666666666666666,0.0,0.0,A_g05_fc1,0.5,1.0
SQA,982,903.0,903.0,true,0.6666666666666666,0.0,0.0,A_g05_fc1,0.5,1.0
SQA,983,905.0,904.0,true,0.9166666666666666,0.0,0.0,A_g05_fc1,0.5,1.0
SQA,984,903.0,903.0,true,0.75,0.0,0.0,A_g05_fc1,0.5,1.0
SQA,985,903.0,902.0,true,0.6666666666666666,0.0,0.0,A_g05_fc1,0.5,1.0
SQA,986,904.0,903.0,true,0.6666666666666666,0.0,0.0,A_g05_fc1,0.5,1.0
SQA,987,904.0,904.0,true,0.75,0.0,0.0,A_g05_fc1,0.5,1.0
SQA,988,902.0,901.0,true,0.5,0.0,0.0,A_g05_fc1,0.5,1.0
SQA,989,905.0,905.0,true,0.75,0.0,0.0,A_g05_fc1,0.5,1.0
SQA,990,906.0,906.0,true,0.75,0.0,0.0,A_g05_fc1,0.5,1.0
SQA,991,903.0,902.0,true,0.6666666666666666,0.0,0.0,A_g05_fc1,0.5,1.0
SQA,992,902.0,901.0,true,0.5,0.0,0.0,A_g05_fc1,0.5,1.0
SQA,993,901.0,901.0,true,0.5,0.0,0.0,A_g05_fc1,0.5,1.0
SQA,994,901.0,901.0,true,0.4166666666666667,0.0,0.0,A_g05_fc1,0.5,1.0
SQA,995,901.0,901.0,true,0.5833333333333334,0.0,0.0,A_g05_fc1,0.5,1.0
SQA,996,903.0,902.0,true,0.6666666666666666,0.0,0.0,A_g05_fc1,0.5,1.0
SQA,997,904.0,904.0,true,0.6666666666666666,0.0,0.0,A_g05_fc1,0.5,1.0
SQA,998,902.0,902.0,true,0.75,0.0,0.0,A_g05_fc1,0.5,1.0
SQA,999,903.0,902.0,true,0.5833333333333334,0.0,0.0,A_g05_fc1,0.5,1.0
SQA,1000,904.0,904.0,true,0.6666666666666666,0.0,0.0,A_g05_fc1,0.5,1.0
